
    UPDATE app
    SET
        name = 'Arctico',
        bg_image = 'https://appstorrent.ru/uploads/posts/2023-10/1698201803_fdsfsdfsdds.webp',
        icon = 'https://appstorrent.ru/uploads/posts/2023-10/sdfsdfsd.webp',
        version = '1.9',
        description = '
ИгрыПриключения
',
        description_local = '',
        detail_url = 'https://appstorrent.ru/2673-arctico.html',
        file_size = '214 MB',
        developer = 'Claudio NororiAntonio Vargas',
        activation = 'Не требуется',
        compatibility = '',
        architecture = 'x86 (64-bit)',
        published_date = '2023/11/10',
        releaseDate = '',
        note = '',
        views = '3686',
        link = 'https://anonim.xyz/go/https://www.playarctico.com/',
        detail_version = '1.9',
        banner = '["https://appstorrent.ru/uploads/posts/2023-10/ss_d00bb0d8106b4ced6f5a4600d718e7a7668ccacb_1920x1080.webp","https://appstorrent.ru/uploads/posts/2023-10/ss_a6aa0673fa3ba98266016a423dfdd784a31e113e_1920x1080.webp","https://appstorrent.ru/uploads/posts/2023-10/ss_5e47889122d08d1cb4285cc5808c04af6f9df86d_1920x1080.webp","https://appstorrent.ru/uploads/posts/2023-10/ss_405bb52965231341c1d54eda747ed44ca4b756a5_1920x1080.webp"]'
    WHERE
        id = 2518.0
    ;

              INSERT INTO languages (app_id, name, link, type)
              VALUES (2518.0, 'Русский', 'https://appstorrent.ru/info-lang/%D1%80%D1%83%D1%81%D1%81%D0%BA%D0%B8%D0%B9/', 1.0)
          ;

              INSERT INTO languages (app_id, name, link, type)
              VALUES (2518.0, 'Английский', 'https://appstorrent.ru/info-lang/%D0%B0%D0%BD%D0%B3%D0%BB%D0%B8%D0%B9%D1%81%D0%BA%D0%B8%D0%B9/', 1.0)
          ;

              INSERT INTO languages (app_id, name, link, type)
              VALUES (2518.0, 'Испанский', 'https://appstorrent.ru/info-lang/%D0%B8%D1%81%D0%BF%D0%B0%D0%BD%D1%81%D0%BA%D0%B8%D0%B9/', 1.0)
          ;

              INSERT INTO languages (app_id, name, link, type)
              VALUES (2518.0, 'Итальянский', 'https://appstorrent.ru/info-lang/%D0%B8%D1%82%D0%B0%D0%BB%D1%8C%D1%8F%D0%BD%D1%81%D0%BA%D0%B8%D0%B9/', 1.0)
          ;

              INSERT INTO languages (app_id, name, link, type)
              VALUES (2518.0, 'Музыкальное сопровождение', 'https://appstorrent.ru/info-lang-voice/%D0%BC%D1%83%D0%B7%D1%8B%D0%BA%D0%B0%D0%BB%D1%8C%D0%BD%D0%BE%D0%B5%20%D1%81%D0%BE%D0%BF%D1%80%D0%BE%D0%B2%D0%BE%D0%B6%D0%B4%D0%B5%D0%BD%D0%B8%D0%B5/', 2.0)
          ;

  INSERT INTO categories (app_id, content, href, content_local)
  VALUES (2518.0, 'Игры', 'https://appstorrent.ru/games/', NULL)
;

  INSERT INTO categories (app_id, content, href, content_local)
  VALUES (2518.0, 'Приключения', 'https://appstorrent.ru/games/adventures/', NULL)
;

      INSERT INTO tabs (app_id, title, content, content_local)
      VALUES (2518.0, 'Описание', '
<p>Спокойная исследовательская игра, посвященная восстановлению работ вашего покойного наставника.</p>
<p><br></p>
<p>Базовое здание</p>
<p>Собирайте ценные ресурсы, ставьте эксперименты, продавайте семена растений и расширяйте свой научный объект!<br>Позаботьтесь о своих растениях и экспериментах</p>
<p>Производство большого количества урожая и данных позволит вам модернизировать свою базу и приобрести новые инструменты!<br>Персонализируйте свое оборудование</p>
<p><br>Применяйте новые покрасочные работы и улучшайте свои конструкции и сани!</p>
<p><br></p>
<p>Исследование</p>
<p>Познакомьтесь с многочисленными местами вокруг острова, найдите древние предметы и письма.</p>
', '
<p>Спокойная исследовательская игра, посвященная восстановлению работ вашего покойного наставника.</p>
<p><br></p>
<p>Базовое здание</p>
<p>Собирайте ценные ресурсы, ставьте эксперименты, продавайте семена растений и расширяйте свой научный объект!<br>Позаботьтесь о своих растениях и экспериментах</p>
<p>Производство большого количества урожая и данных позволит вам модернизировать свою базу и приобрести новые инструменты!<br>Персонализируйте свое оборудование</p>
<p><br>Применяйте новые покрасочные работы и улучшайте свои конструкции и сани!</p>
<p><br></p>
<p>Исследование</p>
<p>Познакомьтесь с многочисленными местами вокруг острова, найдите древние предметы и письма.</p>
')
  ;

      INSERT INTO tabs (app_id, title, content, content_local)
      VALUES (2518.0, 'Мин. требования', '
<p>ОС: OSX 10.9.3<br>Процессор: Core i5 @ 2.2GHz<br>Оперативная память: 4 GB ОЗУ<br>Видеокарта: Intel HD Graphics 5000<br>Место на диске: 1 GB</p>
', '
<p>ОС: OSX 10.9.3<br>Процессор: Core i5 @ 2.2GHz<br>Оперативная память: 4 GB ОЗУ<br>Видеокарта: Intel HD Graphics 5000<br>Место на диске: 1 GB</p>
')
  ;

  INSERT OR REPLACE INTO download_info (app_id, content, content_local)
  VALUES (2518.0, '<p>Запустите скачанный образ и перетащите приложение в ярлык папки Программы (Applications).<br>После завершения копирования, приложение можно запустить через Launchpad.</p>', '<p>Запустите скачанный образ и перетащите приложение в ярлык папки Программы (Applications).<br>После завершения копирования, приложение можно запустить через Launchpad.</p>')
;

      INSERT OR REPLACE INTO download_links (app_id, title, href, title_local, version)
      VALUES (2518.0, 'Прямая ссылка на скачивание', 'https://vk.com/doc781359414_671670582', '直接链接下载安装程序', '1.9')
  ;

    UPDATE app
    SET
        name = 'motionVFX mMusic Video',
        bg_image = 'https://appstorrent.ru/templates/appstorrent-4ac2e09b1a/assets/img/bg.webp',
        icon = NULL,
        version = '',
        description = '
Final Cut Pro, Motion
',
        description_local = '',
        detail_url = 'https://appstorrent.ru/2695-motionvfx-mmusic-video.html',
        file_size = '334 MB',
        developer = 'motionVFX',
        activation = 'Не требуется',
        compatibility = '',
        architecture = '',
        published_date = '2023/11/10',
        releaseDate = '',
        note = '',
        views = '1184',
        link = 'https://anonim.xyz/go/https://www.motionvfx.com/store,mmusic-video,p3698.html#',
        detail_version = '',
        banner = '["https://www.youtube.com/embed/t_4TfF7tzjs?si=XQMETI4gz5WkBYNW?enablejsapi=1","https://www.youtube.com/embed/9MmnKTlK61Q?si=Asj3Dhf_ISeQ2ID-?enablejsapi=1","https://appstorrent.ru/uploads/posts/2023-11/aaaaaaaa.webp"]'
    WHERE
        id = 2520.0
    ;

              INSERT INTO languages (app_id, name, link, type)
              VALUES (2520.0, 'Английский', 'https://appstorrent.ru/info-lang/%D0%B0%D0%BD%D0%B3%D0%BB%D0%B8%D0%B9%D1%81%D0%BA%D0%B8%D0%B9/', 1.0)
          ;

      INSERT INTO tabs (app_id, title, content, content_local)
      VALUES (2520.0, 'Описание', '
<p>Полный набор инструментов для музыкального видео для Final Cut Pro</p>
', '
<p>Полный набор инструментов для музыкального видео для Final Cut Pro</p>
')
  ;

      INSERT INTO tabs (app_id, title, content, content_local)
      VALUES (2520.0, 'Спецификации', '
<p>Minimal requirements<br>macOS 10.15.7,<br>Motion 5.5.3 or Final Cut Pro 10.5.4<br>Aspect ratio<br>Horizontal or vertical<br>Includes<br>45 titles + 6 transitions + 10 LUTs for Final Cut Pro</p>
', '
<p>Minimal requirements<br>macOS 10.15.7,<br>Motion 5.5.3 or Final Cut Pro 10.5.4<br>Aspect ratio<br>Horizontal or vertical<br>Includes<br>45 titles + 6 transitions + 10 LUTs for Final Cut Pro</p>
')
  ;

  INSERT OR REPLACE INTO download_info (app_id, content, content_local)
  VALUES (2520.0, '<p>Инструкция по установке и активации поставляется в комплекте (внутри).</p>', '<p>Инструкция по установке и активации поставляется в комплекте (внутри).</p>')
;

      INSERT OR REPLACE INTO download_links (app_id, title, href, title_local, version)
      VALUES (2520.0, 'Прямая ссылка на скачивание', 'https://www.mediafire.com/file/sx2n4jem9h5bvwf/mMusic_Video.zip/file', '直接链接下载安装程序', '')
  ;
