
    UPDATE app
    SET
        name = 'Paste Wizard',
        bg_image = 'https://appstorrent.ru/templates/appstorrent-4ac2e09b1a/assets/img/bg.webp',
        icon = 'https://appstorrent.ru/uploads/posts/2023-11/111a.webp',
        version = '13.0',
        description = 'Менеджер буфера обмена',
        description_local = '',
        detail_url = 'https://appstorrent.ru/2046-paste-wizard.html',
        file_size = '12 MB',
        developer = 'John Woodward',
        activation = 'k''ed by BTCR',
        compatibility = 'macOS 10.12及以上版本',
        architecture = 'ARMx86 (64-bit)',
        published_date = '2023/11/20',
        releaseDate = '',
        note = '',
        views = '4173',
        link = 'https://anonim.xyz/go/https://thewoodwards.us/sw/PasteWizard/',
        detail_version = '13.0',
        banner = '["https://appstorrent.ru/uploads/posts/2022-12/1671588683_jekrana-2022-12-21-v-04_59_55_result.jpg","https://appstorrent.ru/uploads/posts/2022-12/1671588682_jekrana-2022-12-21-v-05_01_11_result.jpg","https://appstorrent.ru/uploads/posts/2022-12/1671588682_jekrana-2022-12-21-v-05_00_37_result.jpg","https://appstorrent.ru/uploads/posts/2022-12/1671588683_jekrana-2022-12-21-v-05_00_08_result.jpg"]'
    WHERE
        id = 519.0
    ;

  UPDATE tabs
  SET
    content = '
<p>Paste Wizard - это простой в использовании менеджер буфера обмена, который позволяет сохранять несколько буферов обмена и вставлять их позже. Его также можно использовать в качестве базы данных быстрого доступа, маркируя буфер обмена.</p>
<p><br></p>
<p>Он имеет следующие преимущества:</p>
<p><br></p>
<p>- Компактное отображение сетки позволяет вам видеть и выбирать из множества сохраненных буферов обмена одновременно.</p>
<p>- Обрабатывает все типы буферов обмена.</p>
<p>- Буфер обмена, создаваемый многими утилитами автоматического набора текста (такими как TextExpander, Butler, TypeIt4Me, Typinator, Keyboard Maestro, 1Password и т. д.), игнорируются.</p>
<p>- Распознавание специальных типов текста в буфере обмена обеспечивает удобную вставку или работу.</p>
<p>- Вы можете быстро выполнить поиск в сетке, чтобы найти нужные буферы обмена.</p>
<p>- Вы можете редактировать текстовые буферы обмена, которые вы уже сохранили.</p>
<p>- Вы можете заблокировать буфер обмена, чтобы он не был вытеснен новым.</p>
<p>- Вы можете удалить отдельные, разблокированные или ВСЕ сохраненные буферы обмена (например, если они содержат конфиденциальные данные).</p>
<p>- Вы можете быстро вставлять несколько буферов обмена с помощью трех различных механизмов.</p>
<p>- Вы можете безопасно и легко заполнять формы.</p>
<p>- Буфер обмена также дополнительно доступен с помощью значка в строке меню.</p>
<p>- Функции безопасности позволяют свести к минимуму конфиденциальные данные, хранящиеся в сохраненных буферах обмена.</p>
<p>- Вы можете поддерживать несколько наборов буферов обмена для разных целей и с разными настройками безопасности.</p>
<p>- Вы можете быстро вводить заметки прямо в буфер обмена для последующего использования.</p>
<p>- Вы можете зашифровать сохраненное содержимое буфера обмена.</p>
<p>- Вы можете использовать Dropbox для резервного копирования или синхронизации содержимого буфера обмена на нескольких компьютерах.</p>
<p><br></p>
<p>Мастер вставки позволяет отображать до 99 буферов обмена (в каждом наборе) в компактном виде, что позволяет легко быстро найти, какой из них вы хотите вставить снова. Мастер вставки распознает определенные типы текста так же, как Детекторы данных Apple, и позволяет вам вставлять их или работать с ними особым образом. Эта функция очень полезна при работе с веб-формами или базами данных, которые вынуждают вас вводить такие вещи, как адреса, номера телефонов или номера социального страхования в отдельных полях, или вынуждают вас вводить телефонные номера только с десятичными цифрами. Кроме того, вы можете вставлять буферы обмена как неформатированный текст, даже если они отформатированы. Это полезно, если вы хотите, чтобы вставляемый текст наследовал форматирование приложения, в которое вы вставляете.</p>
',
    content_local = '
<p>Paste Wizard - это простой в использовании менеджер буфера обмена, который позволяет сохранять несколько буферов обмена и вставлять их позже. Его также можно использовать в качестве базы данных быстрого доступа, маркируя буфер обмена.</p>
<p><br></p>
<p>Он имеет следующие преимущества:</p>
<p><br></p>
<p>- Компактное отображение сетки позволяет вам видеть и выбирать из множества сохраненных буферов обмена одновременно.</p>
<p>- Обрабатывает все типы буферов обмена.</p>
<p>- Буфер обмена, создаваемый многими утилитами автоматического набора текста (такими как TextExpander, Butler, TypeIt4Me, Typinator, Keyboard Maestro, 1Password и т. д.), игнорируются.</p>
<p>- Распознавание специальных типов текста в буфере обмена обеспечивает удобную вставку или работу.</p>
<p>- Вы можете быстро выполнить поиск в сетке, чтобы найти нужные буферы обмена.</p>
<p>- Вы можете редактировать текстовые буферы обмена, которые вы уже сохранили.</p>
<p>- Вы можете заблокировать буфер обмена, чтобы он не был вытеснен новым.</p>
<p>- Вы можете удалить отдельные, разблокированные или ВСЕ сохраненные буферы обмена (например, если они содержат конфиденциальные данные).</p>
<p>- Вы можете быстро вставлять несколько буферов обмена с помощью трех различных механизмов.</p>
<p>- Вы можете безопасно и легко заполнять формы.</p>
<p>- Буфер обмена также дополнительно доступен с помощью значка в строке меню.</p>
<p>- Функции безопасности позволяют свести к минимуму конфиденциальные данные, хранящиеся в сохраненных буферах обмена.</p>
<p>- Вы можете поддерживать несколько наборов буферов обмена для разных целей и с разными настройками безопасности.</p>
<p>- Вы можете быстро вводить заметки прямо в буфер обмена для последующего использования.</p>
<p>- Вы можете зашифровать сохраненное содержимое буфера обмена.</p>
<p>- Вы можете использовать Dropbox для резервного копирования или синхронизации содержимого буфера обмена на нескольких компьютерах.</p>
<p><br></p>
<p>Мастер вставки позволяет отображать до 99 буферов обмена (в каждом наборе) в компактном виде, что позволяет легко быстро найти, какой из них вы хотите вставить снова. Мастер вставки распознает определенные типы текста так же, как Детекторы данных Apple, и позволяет вам вставлять их или работать с ними особым образом. Эта функция очень полезна при работе с веб-формами или базами данных, которые вынуждают вас вводить такие вещи, как адреса, номера телефонов или номера социального страхования в отдельных полях, или вынуждают вас вводить телефонные номера только с десятичными цифрами. Кроме того, вы можете вставлять буферы обмена как неформатированный текст, даже если они отформатированы. Это полезно, если вы хотите, чтобы вставляемый текст наследовал форматирование приложения, в которое вы вставляете.</p>
'
  WHERE
    app_id = 519.0 AND title = 'Описание'
;

  UPDATE tabs
  SET
    content = '
<p>Примечания к выпуску доступны на официальном сайте <a href="https://anonim.xyz/go/https://thewoodwards.us/sw/PasteWizard/#releasenotes" target="_blank" rel="noopener external noreferrer">thewoodwards.us</a> <span style="color:rgb(44,130,201);">&gt;</span></p>
',
    content_local = '
<p>Примечания к выпуску доступны на официальном сайте <a href="https://anonim.xyz/go/https://thewoodwards.us/sw/PasteWizard/#releasenotes" target="_blank" rel="noopener external noreferrer">thewoodwards.us</a> <span style="color:rgb(44,130,201);">&gt;</span></p>
'
  WHERE
    app_id = 519.0 AND title = 'Что нового'
;

  UPDATE download_info
  SET
    content_local = '<p>Для активации воспользуйтесь инструментами и инструкцией в архиве&nbsp;<a href="https://vk.com/s/v1/doc/y0UEE7qer8K5w5MqgELV9bkcjMY9Tbr_bwHgjpmFqsv6cytOu4k" rel="external noopener noreferrer">по этой ссылке</a></p>',
    content = '<p>Для активации воспользуйтесь инструментами и инструкцией в архиве&nbsp;<a href="https://vk.com/s/v1/doc/y0UEE7qer8K5w5MqgELV9bkcjMY9Tbr_bwHgjpmFqsv6cytOu4k" rel="external noopener noreferrer">по этой ссылке</a></p>'
  WHERE
    app_id = 519.0
;

      INSERT OR REPLACE INTO download_links (app_id, title, href, title_local, version)
      VALUES (519.0, 'Прямая ссылка на скачивание', 'https://vk.com/doc781359414_672784802', '直接链接下载安装程序', '13.0')
  ;

    UPDATE app
    SET
        name = 'Renamer',
        bg_image = 'https://appstorrent.ru/uploads/posts/2020-10/1603367886_renamer.jpg',
        icon = 'https://appstorrent.ru/uploads/posts/2020-10/1603367883_renamer.png',
        version = '7.0.14',
        description = 'Пакетное переименование',
        description_local = '',
        detail_url = 'https://appstorrent.ru/417-renamer.html',
        file_size = '162 MB',
        developer = 'Incredible Bee Ltd.',
        activation = 'В комплекте',
        compatibility = 'macOS 12.3及以上版本',
        architecture = 'ARMx86 (64-bit)',
        published_date = '2023/11/20',
        releaseDate = '',
        note = '',
        views = '16597',
        link = 'https://anonim.xyz/go/https://renamer.com/',
        detail_version = '7.0.14',
        banner = '["https://appstorrent.ru/uploads/posts/2022-12/1603367966_1.png","https://appstorrent.ru/uploads/posts/2020-10/1603367912_2.png","https://appstorrent.ru/uploads/posts/2020-10/1603367901_3.png","https://appstorrent.ru/uploads/posts/2020-10/1603367955_4.png"]'
    WHERE
        id = 544.0
    ;

  UPDATE tabs
  SET
    content = '
<p>Что, если бы вы смогли переименовать множество файлов по одному щелчку? Звучит прекрасно, не так ли? Renamer делает это возможным! Это надежное приложение принимает на себя тяжесть переименования и управления десятками файлов. Теперь вы можете скопом изменять имена файлов и папок. Более того, программа поможет организовать файлы на вашем Mac удобным и умным способом. Это элементарное приложение имеет все необходимые вам возможности для переименования. Попробуйте его сейчас же!</p>
<p><br></p>
<p>Множество способов переименовать файлы</p>
<p>Приложение Renamer было разработано специально, чтобы помочь вам с утомительной задачей массового переименования файлов. Его простой, минималистичный пользовательский интерфейс позволяет вам запускать пакетные задания за секунды. Создание цепной связи решает сложную задачу по переименованию файлов в одно мгновение.</p>
<p><br></p>
<p>Интерактивный просмотр</p>
<p>Проверяйте, как будут переименованы файлы до фактических изменений, благодаря интерактивному просмотру -- он идеально подходит для тонкой настройки и отслеживания ошибок. Приложение фантастически экономит время в случае, если вам нужен профессиональный подход.</p>
<p><br></p>
<p>Поиск и замена текста без усилий</p>
<p>У вас есть десятки файлов с неправильными именами? Найдите их по щелчку мыши и мгновенно переименуйте. Нет необходимости добавлять, что параметры переименования в этом приложении включают файлы музыки и фото. Так что, с этих пор вам не придется проводить долгие часы за утомительным набором текста и щелканьем мышью для переименования файлов. Все готово за пару кликов.</p>
<p><br></p>
<p>Упорядочивайте свою музыку</p>
<p>Организуйте свою музыкальную библиотеку так, как вам нравится. Держите все структурированно и упорядоченно для скорейшего поиска и наслаждения от прослушивания. Легко группируйте песни по альбомам, названию, номеру трека и исполнителю. Объединяйте музыкальные файлы согласно их ID3 тэгам. При необходимости вставляйте значения ширины и высоты в файлы изображений.</p>
<p><br></p>
<p>Преобразовывайте заглавные и строчные буквы</p>
<p>Вы все знаем, что НАЗВАНИЯ, НАПИСАННЫЕ ЗАГЛАВНЫМИ БУКВАМИ, могут раздражать. С Renamer, вы легко можете конвертировать ЗАГЛАВНЫЕ, строчные и Смешанные буквы. Без проблем преобразуйте заглавные и строчные буквы имен файлов. Renamer прост, быстр и забавен в использовании, и у вас останется больше времени на интересные вещи!</p>
<p><br></p>
<p>Умные исправления и резервное копирование файлов</p>
<p>Хватит волноваться о потере данных - Renamer может похвастаться такими крутыми опциями, как умная отмена действия и резервное копирование файлов. Не бойтесь экспериментировать и искать лучшие способы работы с вашими файлами, поскольку вы всегда сможете вернуться назад.</p>
',
    content_local = '
<p>Что, если бы вы смогли переименовать множество файлов по одному щелчку? Звучит прекрасно, не так ли? Renamer делает это возможным! Это надежное приложение принимает на себя тяжесть переименования и управления десятками файлов. Теперь вы можете скопом изменять имена файлов и папок. Более того, программа поможет организовать файлы на вашем Mac удобным и умным способом. Это элементарное приложение имеет все необходимые вам возможности для переименования. Попробуйте его сейчас же!</p>
<p><br></p>
<p>Множество способов переименовать файлы</p>
<p>Приложение Renamer было разработано специально, чтобы помочь вам с утомительной задачей массового переименования файлов. Его простой, минималистичный пользовательский интерфейс позволяет вам запускать пакетные задания за секунды. Создание цепной связи решает сложную задачу по переименованию файлов в одно мгновение.</p>
<p><br></p>
<p>Интерактивный просмотр</p>
<p>Проверяйте, как будут переименованы файлы до фактических изменений, благодаря интерактивному просмотру -- он идеально подходит для тонкой настройки и отслеживания ошибок. Приложение фантастически экономит время в случае, если вам нужен профессиональный подход.</p>
<p><br></p>
<p>Поиск и замена текста без усилий</p>
<p>У вас есть десятки файлов с неправильными именами? Найдите их по щелчку мыши и мгновенно переименуйте. Нет необходимости добавлять, что параметры переименования в этом приложении включают файлы музыки и фото. Так что, с этих пор вам не придется проводить долгие часы за утомительным набором текста и щелканьем мышью для переименования файлов. Все готово за пару кликов.</p>
<p><br></p>
<p>Упорядочивайте свою музыку</p>
<p>Организуйте свою музыкальную библиотеку так, как вам нравится. Держите все структурированно и упорядоченно для скорейшего поиска и наслаждения от прослушивания. Легко группируйте песни по альбомам, названию, номеру трека и исполнителю. Объединяйте музыкальные файлы согласно их ID3 тэгам. При необходимости вставляйте значения ширины и высоты в файлы изображений.</p>
<p><br></p>
<p>Преобразовывайте заглавные и строчные буквы</p>
<p>Вы все знаем, что НАЗВАНИЯ, НАПИСАННЫЕ ЗАГЛАВНЫМИ БУКВАМИ, могут раздражать. С Renamer, вы легко можете конвертировать ЗАГЛАВНЫЕ, строчные и Смешанные буквы. Без проблем преобразуйте заглавные и строчные буквы имен файлов. Renamer прост, быстр и забавен в использовании, и у вас останется больше времени на интересные вещи!</p>
<p><br></p>
<p>Умные исправления и резервное копирование файлов</p>
<p>Хватит волноваться о потере данных - Renamer может похвастаться такими крутыми опциями, как умная отмена действия и резервное копирование файлов. Не бойтесь экспериментировать и искать лучшие способы работы с вашими файлами, поскольку вы всегда сможете вернуться назад.</p>
'
  WHERE
    app_id = 544.0 AND title = 'Описание'
;

  UPDATE tabs
  SET
    content = '
<p>Примечания к выпуску недоступны на момент публикации.</p>
',
    content_local = '
<p>Примечания к выпуску недоступны на момент публикации.</p>
'
  WHERE
    app_id = 544.0 AND title = 'Что нового'
;

  UPDATE download_info
  SET
    content_local = '<p>Запустите скачанный образ и перетащите приложение в ярлык папки Программы (Applications).<br>После завершения копирования, приложение можно запустить через Launchpad.</p>',
    content = '<p>Запустите скачанный образ и перетащите приложение в ярлык папки Программы (Applications).<br>После завершения копирования, приложение можно запустить через Launchpad.</p>'
  WHERE
    app_id = 544.0
;

      INSERT OR REPLACE INTO download_links (app_id, title, href, title_local, version)
      VALUES (544.0, 'Прямая ссылка на скачивание', 'https://vk.com/doc781359414_672783872', '直接链接下载安装程序', '7.0.14')
  ;

    INSERT INTO older_versions (app_id, title, url, title_local)
    VALUES (544.0, 'Renamer 6.2.0 [TNT] для macOS 12.3 и новее', 'https://vk.com/doc781359414_671626564', 'Renamer 6.2.0 [TNT] 适用于 macOS 12.3 及以上版本')
;

    INSERT INTO older_versions (app_id, title, url, title_local)
    VALUES (544.0, 'Keygen и ключи для приложений от Incredible Bee', 'https://vk.com/doc249553273_618603977', NULL)
;

    INSERT INTO older_versions (app_id, title, url, title_local)
    VALUES (544.0, 'Renamer 6.0.6 [KG+SN] для macOS 10.14 и новее', 'https://vk.com/doc249553273_618828457', 'Renamer 6.0.6 [KG+SN] 适用于 macOS 10.14 及以上版本')
;

    UPDATE app
    SET
        name = 'ForkLift',
        bg_image = 'https://appstorrent.ru/templates/appstorrent-4ac2e09b1a/assets/img/bg.webp',
        icon = 'https://appstorrent.ru/uploads/posts/2023-10/1697690915_fdsfsdfsd.webp',
        version = '4.0.5',
        description = 'Файловый менеджер',
        description_local = '',
        detail_url = 'https://appstorrent.ru/361-forklift.html',
        file_size = '15 MB',
        developer = 'BinaryNights LLC',
        activation = 'K''ed by Antibiotics',
        compatibility = 'macOS 12及以上版本',
        architecture = 'ARMx86 (64-bit)',
        published_date = '2023/11/20',
        releaseDate = '',
        note = '',
        views = '50042',
        link = 'https://anonim.xyz/go/https://binarynights.com/',
        detail_version = '4.0.5',
        banner = '["https://appstorrent.ru/uploads/posts/2022-03/1647955097_1.jpg","https://appstorrent.ru/uploads/posts/2022-03/1647955097_2.jpg","https://appstorrent.ru/uploads/posts/2022-03/1647955098_3.jpg"]'
    WHERE
        id = 604.0
    ;

  UPDATE tabs
  SET
    content = '
<p>Ищете надежный FTP клиент для Mac с обширным набором полезных опций? Этот файловый менеджер - то, что вам нужно. Он быстр и надежен, и, в то же время, очень прост в использовании. Более того, это прекрасная замена Finder c гораздо большими возможностями. Подключайтесь одновременно к нескольким серверам, легко переключайтесь между приложениями и серверами, сравнивайте два текста или медиафайла в одно мгновение. И все это на удобно разделенном экране надежного файлового менеджера.</p>
<p><br></p>
<p>Ключевые функции ForkLift</p>
<p><br></p>
<p>Подключайтесь к нескольким серверам</p>
<p>Имейте доступ к FTP, SFTP, Amazon S3, AFP, а также к WebDAV, SMB, и NFS удаленным томам. Организовывайте файлы по сети, подключайтесь сразу к нескольким серверам; перетаскивайте файлы для их упорядочивания. Отметьте сохраненное удаленное соединение как диск, запускайте сохраненный Synclet, даже если ForkLift не запущен.</p>
<p><br></p>
<p>Быстрый поиск, выбор и управление архивами</p>
<p>Находите и выбирайте необходимые элементы даже на удаленных серверах, вводя названия файлов, расширения, текст или тэги. Просматривайте архивы как простые папки. Кстати, если уже зашла речь об управлении архивами, утилита поддерживает Quick Look, поиск и фильтры.</p>
<p><br></p>
<p>Возможность мгновенного просмотра</p>
<p>Найдите все данные касательно выбранного файла в панели предпросмотра. Проверяйте фото, PDF и другие типы файлов. Редактируйте текст файла на локальных и удаленных серверах. Настройте клиент Mac SFTP для просмотра файлов по умолчанию, и вы увидите, что файлы обращаются к нему вместо Finder.</p>
<p><br></p>
<p>Одно- или двусторонняя синхронизация</p>
<p>Сравнивайте локальные и удаленные источники по щелчку пальцев с помощью этого FTP приложения на Mac. Находите соответствия, измененные, новые и удаленные элементы в архивных папках. Моментально синхронизируйте их в одно- или двустороннем порядке или добавляйте в Избранное.</p>
<p><br></p>
<p>Сравнение фалов + одинарная/двойная панель</p>
<p>Легко возвращайте интерфейсу обычный однопанельный вид или же выбирайте две панели горизонтально или вертикально. Воспользуйтесь преимуществами гладкой интеграции с популярными инструментами сравнения файлов для сопоставления похожих текстов или медиафайлов.</p>
<p><br></p>
<p>Быстрый доступ к файлам</p>
<p>Получайте доступ к своим устройствам, командам меню или избранным файлам в одно мгновение. Задайте сочетание клавиш или назначьте кнопку на панели инструментов, чтобы быстро добраться до скрытых файлов. Открывайте окна Terminal, iTerm или Hyper и наслаждайтесь всем необходимым под рукой.</p>
',
    content_local = '
<p>Ищете надежный FTP клиент для Mac с обширным набором полезных опций? Этот файловый менеджер - то, что вам нужно. Он быстр и надежен, и, в то же время, очень прост в использовании. Более того, это прекрасная замена Finder c гораздо большими возможностями. Подключайтесь одновременно к нескольким серверам, легко переключайтесь между приложениями и серверами, сравнивайте два текста или медиафайла в одно мгновение. И все это на удобно разделенном экране надежного файлового менеджера.</p>
<p><br></p>
<p>Ключевые функции ForkLift</p>
<p><br></p>
<p>Подключайтесь к нескольким серверам</p>
<p>Имейте доступ к FTP, SFTP, Amazon S3, AFP, а также к WebDAV, SMB, и NFS удаленным томам. Организовывайте файлы по сети, подключайтесь сразу к нескольким серверам; перетаскивайте файлы для их упорядочивания. Отметьте сохраненное удаленное соединение как диск, запускайте сохраненный Synclet, даже если ForkLift не запущен.</p>
<p><br></p>
<p>Быстрый поиск, выбор и управление архивами</p>
<p>Находите и выбирайте необходимые элементы даже на удаленных серверах, вводя названия файлов, расширения, текст или тэги. Просматривайте архивы как простые папки. Кстати, если уже зашла речь об управлении архивами, утилита поддерживает Quick Look, поиск и фильтры.</p>
<p><br></p>
<p>Возможность мгновенного просмотра</p>
<p>Найдите все данные касательно выбранного файла в панели предпросмотра. Проверяйте фото, PDF и другие типы файлов. Редактируйте текст файла на локальных и удаленных серверах. Настройте клиент Mac SFTP для просмотра файлов по умолчанию, и вы увидите, что файлы обращаются к нему вместо Finder.</p>
<p><br></p>
<p>Одно- или двусторонняя синхронизация</p>
<p>Сравнивайте локальные и удаленные источники по щелчку пальцев с помощью этого FTP приложения на Mac. Находите соответствия, измененные, новые и удаленные элементы в архивных папках. Моментально синхронизируйте их в одно- или двустороннем порядке или добавляйте в Избранное.</p>
<p><br></p>
<p>Сравнение фалов + одинарная/двойная панель</p>
<p>Легко возвращайте интерфейсу обычный однопанельный вид или же выбирайте две панели горизонтально или вертикально. Воспользуйтесь преимуществами гладкой интеграции с популярными инструментами сравнения файлов для сопоставления похожих текстов или медиафайлов.</p>
<p><br></p>
<p>Быстрый доступ к файлам</p>
<p>Получайте доступ к своим устройствам, командам меню или избранным файлам в одно мгновение. Задайте сочетание клавиш или назначьте кнопку на панели инструментов, чтобы быстро добраться до скрытых файлов. Открывайте окна Terminal, iTerm или Hyper и наслаждайтесь всем необходимым под рукой.</p>
'
  WHERE
    app_id = 604.0 AND title = 'Описание'
;

  UPDATE tabs
  SET
    content = '
<p>Примечания к выпуску доступны на официальном сайте <span style="color:rgb(13,132,251);"><a href="https://anonim.xyz/go/https://blog.binarynights.com/" target="_blank" rel="noopener external noreferrer">blog.binarynights.com</a></span></p>
',
    content_local = '
<p>Примечания к выпуску доступны на официальном сайте <span style="color:rgb(13,132,251);"><a href="https://anonim.xyz/go/https://blog.binarynights.com/" target="_blank" rel="noopener external noreferrer">blog.binarynights.com</a></span></p>
'
  WHERE
    app_id = 604.0 AND title = 'Что нового'
;

  UPDATE download_info
  SET
    content_local = '<p>Смонтируйте образ.</p>
<p><span>Перетащите приложение в папку Программы (Applications).</span></p>
<p>Приложение готово к использованию.</p>',
    content = '<p>Смонтируйте образ.</p>
<p><span>Перетащите приложение в папку Программы (Applications).</span></p>
<p>Приложение готово к использованию.</p>'
  WHERE
    app_id = 604.0
;

      INSERT OR REPLACE INTO download_links (app_id, title, href, title_local, version)
      VALUES (604.0, 'Прямая ссылка на скачивание', 'https://vk.com/doc781359414_672782444', '直接链接下载安装程序', '4.0.5')
  ;

    UPDATE app
    SET
        name = 'Keyboard Maestro',
        bg_image = 'https://appstorrent.ru/uploads/posts/2022-07/1658560298_cover.jpg',
        icon = 'https://appstorrent.ru/uploads/posts/2022-07/1658560303_icon.png',
        version = '11.0.1',
        description = 'Мультифункциональная утилита',
        description_local = '',
        detail_url = 'https://appstorrent.ru/1471-keyboard-maestro.html',
        file_size = '33,4 MB',
        developer = 'Stairways Software Pty Ltd.',
        activation = 'В комплекте',
        compatibility = 'macOS 10.13及以上版本',
        architecture = 'ARMx86 (64-bit)',
        published_date = '2023/11/20',
        releaseDate = '',
        note = '',
        views = '10481',
        link = 'https://anonim.xyz/go/https://www.keyboardmaestro.com/main/#WhatsNew',
        detail_version = '11.0.1',
        banner = '["https://appstorrent.ru/uploads/posts/2022-07/1505827346_keyboard-maestro_01.jpeg","https://appstorrent.ru/uploads/posts/2022-07/1505827348_keyboard-maestro_03.jpeg","https://appstorrent.ru/uploads/posts/2022-07/1505827416_keyboard-maestro_02.jpeg"]'
    WHERE
        id = 624.0
    ;

  UPDATE tabs
  SET
    content = '
<p>Keyboard Maestro - мультифункциональная утилита, которая может создавать макросы, для автоматицации каких-либо повторяющихся действий, вызываемых с помощью клавиатурных сочетаний, для приложений, окон, документов, буфера обмена и т.д.</p>
<p><br></p>
<p>Улучшите свою производительность</p>
<p>Являетесь ли вы опытным пользователем или только начинаете, ваше время драгоценно. Так что не тратьте его. Вы можете быстро воспользоваться преимуществами Keyboard Maestro. Позвольте Keyboard Maestro сделать вашу жизнь на Mac более приятной и эффективной.</p>
<p><br></p>
<p>Быстро автоматизируйте любую задачу</p>
<p>Если вы можете выполнить это вручную, Keyboard Maestro почти наверняка автоматизирует это для вас. Будь то ввод адреса электронной почты, переход в Gmail или Facebook, запуск страниц или дублирование строки, Keyboard Maestro может помочь.</p>
<p><br></p>
<p>Приложения управления</p>
<p>Запускайте часто используемые приложения, открывайте определенные документы, меняйте порядок окон, воспроизводите музыку, работайте с электронной почтой — все это можно делать с помощью Keyboard Maestro, быстрее, проще и намного надежнее.</p>
<p><br></p>
<p>Работа с текстом и изображениями</p>
<p>Создавайте отчеты, преобразовывайте текст, изображения OCR, загружайте файлы, расширяйте текстовые фрагменты, выполняйте вычисления, фильтруйте буфер обмена и работайте с историей буфера обмена с несколькими записями.&nbsp;</p>
<p><br></p>
<p>Контролировать веб-сайты</p>
<p>Keyboard Maestro может помочь вам заполнять веб-формы, посещать часто читаемые страницы, загружать отчеты или банковские выписки, форматировать веб-страницы и в целом сделать работу в Интернете более эффективной.</p>
<p><br></p>
<p>Сотни встроенных действий</p>
<p>С таким количеством возможных действий, которые вы можете комбинировать вместе, включая управление потоком, условия и циклические действия, вы можете автоматизировать практически любую задачу, от тривиальной до очень сложных систем отчетности с несколькими приложениями.</p>
',
    content_local = '
<p>Keyboard Maestro - мультифункциональная утилита, которая может создавать макросы, для автоматицации каких-либо повторяющихся действий, вызываемых с помощью клавиатурных сочетаний, для приложений, окон, документов, буфера обмена и т.д.</p>
<p><br></p>
<p>Улучшите свою производительность</p>
<p>Являетесь ли вы опытным пользователем или только начинаете, ваше время драгоценно. Так что не тратьте его. Вы можете быстро воспользоваться преимуществами Keyboard Maestro. Позвольте Keyboard Maestro сделать вашу жизнь на Mac более приятной и эффективной.</p>
<p><br></p>
<p>Быстро автоматизируйте любую задачу</p>
<p>Если вы можете выполнить это вручную, Keyboard Maestro почти наверняка автоматизирует это для вас. Будь то ввод адреса электронной почты, переход в Gmail или Facebook, запуск страниц или дублирование строки, Keyboard Maestro может помочь.</p>
<p><br></p>
<p>Приложения управления</p>
<p>Запускайте часто используемые приложения, открывайте определенные документы, меняйте порядок окон, воспроизводите музыку, работайте с электронной почтой — все это можно делать с помощью Keyboard Maestro, быстрее, проще и намного надежнее.</p>
<p><br></p>
<p>Работа с текстом и изображениями</p>
<p>Создавайте отчеты, преобразовывайте текст, изображения OCR, загружайте файлы, расширяйте текстовые фрагменты, выполняйте вычисления, фильтруйте буфер обмена и работайте с историей буфера обмена с несколькими записями.&nbsp;</p>
<p><br></p>
<p>Контролировать веб-сайты</p>
<p>Keyboard Maestro может помочь вам заполнять веб-формы, посещать часто читаемые страницы, загружать отчеты или банковские выписки, форматировать веб-страницы и в целом сделать работу в Интернете более эффективной.</p>
<p><br></p>
<p>Сотни встроенных действий</p>
<p>С таким количеством возможных действий, которые вы можете комбинировать вместе, включая управление потоком, условия и циклические действия, вы можете автоматизировать практически любую задачу, от тривиальной до очень сложных систем отчетности с несколькими приложениями.</p>
'
  WHERE
    app_id = 624.0 AND title = 'Описание'
;

  UPDATE download_info
  SET
    content_local = '<p>Запустите скачанный образ и перетащите приложение в ярлык папки Программы (Applications).</p>
<p>После завершения копирования, приложение можно запустить через Launchpad.</p>
<p>Официальные обновления могут привести к потере активации. <span style="color:rgb(13,132,251);"><a href="/67-update.html">Подробнее</a> &gt;</span></p>',
    content = '<p>Запустите скачанный образ и перетащите приложение в ярлык папки Программы (Applications).</p>
<p>После завершения копирования, приложение можно запустить через Launchpad.</p>
<p>Официальные обновления могут привести к потере активации. <span style="color:rgb(13,132,251);"><a href="/67-update.html">Подробнее</a> &gt;</span></p>'
  WHERE
    app_id = 624.0
;

      INSERT OR REPLACE INTO download_links (app_id, title, href, title_local, version)
      VALUES (624.0, 'Прямая ссылка на скачивание', 'https://vk.com/doc781359414_672784034', '直接链接下载安装程序', '11.0.1')
  ;

    INSERT INTO older_versions (app_id, title, url, title_local)
    VALUES (624.0, 'Keyboard Maestro 10.2 [HCiSO] для macOS 10.13 и новее', 'https://vk.com/s/v1/doc/NZkx_rvsfMcDCIQFHgW_C3P2hLovfQphvXxiIRxji-UQM62z4HA', 'Keyboard Maestro 10.2 [HCiSO] 适用于 macOS 10.13 及以上版本')
;

    UPDATE app
    SET
        name = 'iMazing',
        bg_image = 'https://appstorrent.ru/uploads/posts/2022-03/1646582217_imazing.jpg',
        icon = 'https://appstorrent.ru/uploads/posts/2023-02/1676359795_icon.webp',
        version = '2.17.5',
        description = 'Управление iOS',
        description_local = '',
        detail_url = 'https://appstorrent.ru/146-imazing.html',
        file_size = '192 MB',
        developer = 'DigiDNA SARL',
        activation = 'Не требуется',
        compatibility = 'OS X 10.10及以上版本',
        architecture = 'x86 (64-bit)',
        published_date = '2023/11/22',
        releaseDate = '',
        note = '',
        views = '333696',
        link = 'https://anonim.xyz/go/https://imazing.com/ru',
        detail_version = '2.17.5',
        banner = '["https://appstorrent.ru/uploads/posts/2022-03/1646581859_1-min.jpg","https://appstorrent.ru/uploads/posts/2022-03/1646581860_2-min.jpg","https://appstorrent.ru/uploads/posts/2022-03/1646581860_3-min.jpg","https://appstorrent.ru/uploads/posts/2022-03/1646581861_4-min.jpg"]'
    WHERE
        id = 722.0
    ;

  UPDATE tabs
  SET
    content = '
<p>Перенос музыки, сообщений, файлов и данных на другие устройства. Резервное копирование данных iPhone, iPad и iPod touch. Надежность, мощь и удобство. iMazing — лучшая программа для управления устройствами iOS для Mac.</p>
<p><br></p>
<p>Это больше, чем iTunes. Это iMazing.</p>
<p><br></p>
<p>Перенос приложений и данных со старого iPhone или iPad на новый — полностью или выборочно. Миграция данных с надежной защитой и гибкой настройкой параметров. Без iTunes и iCloud.</p>
<p><br></p>
<p>Отлаженная технология резервного копирования iMazing позволяет не беспокоиться о конфиденциальности данных iOS. iMazing — лучшее решение для автоматического беспроводного создания резервных копий данных с iPhone и iPad на Mac и ПК.</p>
<p><br></p>
<p>Быстрое копирование музыки и медиафайлов с компьютера на устройство iOS и обратно без iTunes.</p>
<p><br></p>
<p>Настройте звонки и звуки уведомлений iPhone на свой вкус! С iMazing это легко, весело и абсолютно бесплатно.</p>
<p><br></p>
<p>Быстрый и удобный импорт книг (ePub и PDF) в программу «Книги» и экспорт их на компьютер. Синхронизация библиотеки с компьютером Mac или Windows.</p>
<p><br></p>
<p>Удобный экспорт фотографий и видео без iCloud или iTunes. Доступ к ним с компьютера через USB или Wi-Fi. Надежное резервное копирование.</p>
<p><br></p>
<p>Гибкое управление программами для iOS. Загрузка программ (.ipa) на компьютер и перенос на устройства iOS. Экспорт и восстановление документов, настроек и набранных в играх очков.</p>
<p><br></p>
<p>Благодаря новой функции iMazing «Быстрый перенос» копировать музыку, фото, фильмы, текстовые документы и файлы с Mac и ПК на iPhone или iPad легко и удобно как никогда.&nbsp;</p>
<p><br></p>
<p>Перенос закладок Safari с iPhone или iPad на ПК или Mac без iCloud. Резервное копирование списков чтения. Извлечение истории браузера из резервных копий.</p>
<p><br></p>
<p>Копирование текстовых сообщений и присланных вложений с iPhone на компьютер или на новый телефон. Возможность сохранить и распечатать важную переписку.</p>
<p><br></p>
<p>Перенос сообщений и вложений WhatsApp на новый iPhone. Возможность распечатать важную переписку и сохранить ее на Mac или PC.</p>
<p><br></p>
<p>Удобный экспорт журналов вызовов в формате CSV. Сохранение сообщений автоответчика в виде аудиофайлов с возможностью прослушать их на Mac или ПК.</p>
<p><br></p>
<p>Возможность копировать контакты с iPhone на Mac или ПК — в обход iTunes и облачных хранилищ. Быстрый перенос группы контактов на iPhone. Объединение нескольких адресных книг.</p>
<p><br></p>
<p>Удобный перенос календарей с iPhone на Mac или ПК. Экспорт всех календарей или выбранных событий на компьютер в формате ICS или CSV. Восстановление потерянных данных календаря из любой резервной копии.</p>
<p><br></p>
<p>Передача записей с iPhone и iPad на компьютер и возможность просмотреть или прослушать их в любой момент. С iMazing работа с данными из программ iOS «Заметки» и «Диктофон» становится простой и легкой.</p>
<p><br></p>
<p>Возможность использовать iPhone, iPad или iPod как флэшку. Импорт документов в мобильные приложения и обратно на компьютер в обход iCloud и iTunes. Подключение по Wi-Fi или через USB. Версия для Mac и Windows.</p>
<p><br></p>
<p>Работа с файловой системой и данными из резервных копий iPhone и iPad на Mac или ПК. Модификация и восстановление любых файлов&nbsp;— даже из зашифрованных копий.</p>
<p><br></p>
<p>Специально для системных администраторов, разработчиков и продвинутых пользователей. Расширенные возможности подключения, резервное копирование и диагностика мобильных устройств.</p>
<p><br></p>
<p><br></p>
',
    content_local = '
<p>Перенос музыки, сообщений, файлов и данных на другие устройства. Резервное копирование данных iPhone, iPad и iPod touch. Надежность, мощь и удобство. iMazing — лучшая программа для управления устройствами iOS для Mac.</p>
<p><br></p>
<p>Это больше, чем iTunes. Это iMazing.</p>
<p><br></p>
<p>Перенос приложений и данных со старого iPhone или iPad на новый — полностью или выборочно. Миграция данных с надежной защитой и гибкой настройкой параметров. Без iTunes и iCloud.</p>
<p><br></p>
<p>Отлаженная технология резервного копирования iMazing позволяет не беспокоиться о конфиденциальности данных iOS. iMazing — лучшее решение для автоматического беспроводного создания резервных копий данных с iPhone и iPad на Mac и ПК.</p>
<p><br></p>
<p>Быстрое копирование музыки и медиафайлов с компьютера на устройство iOS и обратно без iTunes.</p>
<p><br></p>
<p>Настройте звонки и звуки уведомлений iPhone на свой вкус! С iMazing это легко, весело и абсолютно бесплатно.</p>
<p><br></p>
<p>Быстрый и удобный импорт книг (ePub и PDF) в программу «Книги» и экспорт их на компьютер. Синхронизация библиотеки с компьютером Mac или Windows.</p>
<p><br></p>
<p>Удобный экспорт фотографий и видео без iCloud или iTunes. Доступ к ним с компьютера через USB или Wi-Fi. Надежное резервное копирование.</p>
<p><br></p>
<p>Гибкое управление программами для iOS. Загрузка программ (.ipa) на компьютер и перенос на устройства iOS. Экспорт и восстановление документов, настроек и набранных в играх очков.</p>
<p><br></p>
<p>Благодаря новой функции iMazing «Быстрый перенос» копировать музыку, фото, фильмы, текстовые документы и файлы с Mac и ПК на iPhone или iPad легко и удобно как никогда.&nbsp;</p>
<p><br></p>
<p>Перенос закладок Safari с iPhone или iPad на ПК или Mac без iCloud. Резервное копирование списков чтения. Извлечение истории браузера из резервных копий.</p>
<p><br></p>
<p>Копирование текстовых сообщений и присланных вложений с iPhone на компьютер или на новый телефон. Возможность сохранить и распечатать важную переписку.</p>
<p><br></p>
<p>Перенос сообщений и вложений WhatsApp на новый iPhone. Возможность распечатать важную переписку и сохранить ее на Mac или PC.</p>
<p><br></p>
<p>Удобный экспорт журналов вызовов в формате CSV. Сохранение сообщений автоответчика в виде аудиофайлов с возможностью прослушать их на Mac или ПК.</p>
<p><br></p>
<p>Возможность копировать контакты с iPhone на Mac или ПК — в обход iTunes и облачных хранилищ. Быстрый перенос группы контактов на iPhone. Объединение нескольких адресных книг.</p>
<p><br></p>
<p>Удобный перенос календарей с iPhone на Mac или ПК. Экспорт всех календарей или выбранных событий на компьютер в формате ICS или CSV. Восстановление потерянных данных календаря из любой резервной копии.</p>
<p><br></p>
<p>Передача записей с iPhone и iPad на компьютер и возможность просмотреть или прослушать их в любой момент. С iMazing работа с данными из программ iOS «Заметки» и «Диктофон» становится простой и легкой.</p>
<p><br></p>
<p>Возможность использовать iPhone, iPad или iPod как флэшку. Импорт документов в мобильные приложения и обратно на компьютер в обход iCloud и iTunes. Подключение по Wi-Fi или через USB. Версия для Mac и Windows.</p>
<p><br></p>
<p>Работа с файловой системой и данными из резервных копий iPhone и iPad на Mac или ПК. Модификация и восстановление любых файлов&nbsp;— даже из зашифрованных копий.</p>
<p><br></p>
<p>Специально для системных администраторов, разработчиков и продвинутых пользователей. Расширенные возможности подключения, резервное копирование и диагностика мобильных устройств.</p>
<p><br></p>
<p><br></p>
'
  WHERE
    app_id = 722.0 AND title = 'Описание'
;

  UPDATE tabs
  SET
    content = '
<p>Примечания к выпуску доступны на официальном сайте <span style="color:rgb(13,132,251);"><a href="https://downloads.imazing.com/mac/iMazing/2.14.6.15535/release-notes.html" target="_blank" rel="noopener external noreferrer">imazing.com</a> &gt;</span></p>
',
    content_local = '
<p>Примечания к выпуску доступны на официальном сайте <span style="color:rgb(13,132,251);"><a href="https://downloads.imazing.com/mac/iMazing/2.14.6.15535/release-notes.html" target="_blank" rel="noopener external noreferrer">imazing.com</a> &gt;</span></p>
'
  WHERE
    app_id = 722.0 AND title = 'Что нового'
;

  UPDATE download_info
  SET
    content_local = '<p>Запустите скачанный образ и перетащите приложение в ярлык папки Программы (Applications).<br>После завершения копирования, приложение можно запустить через Launchpad.</p>
<p><span style="color:rgb(251,160,38);">ВНИМАНИЕ! Требуется отключение SIP.&nbsp;</span><span style="color:rgb(13,132,251);"><a href="/510-sip.html" target="_blank">Подробнее</a> &gt;</span></p>',
    content = '<p>Запустите скачанный образ и перетащите приложение в ярлык папки Программы (Applications).<br>После завершения копирования, приложение можно запустить через Launchpad.</p>
<p><span style="color:rgb(251,160,38);">ВНИМАНИЕ! Требуется отключение SIP.&nbsp;</span><span style="color:rgb(13,132,251);"><a href="/510-sip.html" target="_blank">Подробнее</a> &gt;</span></p>'
  WHERE
    app_id = 722.0
;

      INSERT OR REPLACE INTO download_links (app_id, title, href, title_local, version)
      VALUES (722.0, 'Прямая ссылка на скачивание', 'https://vk.com/doc781359414_672879520', '直接链接下载安装程序', '2.17.5')
  ;

    INSERT INTO older_versions (app_id, title, url, title_local)
    VALUES (722.0, 'iMazing 2.14.6 [TNT] для OS X 10.10 и новее', 'https://vk.com/doc154826112_631425169', 'iMazing 2.14.6 [TNT] 适用于 OS X 10.10 及以上版本')
;

    UPDATE app
    SET
        name = 'PasteNow',
        bg_image = 'https://appstorrent.ru/uploads/posts/2021-04/1619274738_pastenow.jpg',
        icon = 'https://appstorrent.ru/uploads/posts/2023-11/ffffffff.webp',
        version = '2.15.3',
        description = 'Менеджер буфера обмена',
        description_local = '',
        detail_url = 'https://appstorrent.ru/532-pastenow.html',
        file_size = '4 MB',
        developer = 'Ding Zhou',
        activation = 'Не требуется',
        compatibility = 'macOS 12及以上版本',
        architecture = 'ARMx86 (64-bit)',
        published_date = '2023/11/22',
        releaseDate = '',
        note = '',
        views = '17020',
        link = 'https://anonim.xyz/go/https://apps.apple.com/app/pastenow-instant-clipboard/id1552536109',
        detail_version = '2.15.3',
        banner = '["https://appstorrent.ru/uploads/posts/2021-04/1619195208_pastenow_screenshot_1-min.png","https://appstorrent.ru/uploads/posts/2021-04/1619195281_pastenow_screenshot_2-min.png","https://appstorrent.ru/uploads/posts/2021-04/1619195215_pastenow_screenshot_3-min.png","https://appstorrent.ru/uploads/posts/2021-04/1619195235_pastenow_screenshot_4-min.png"]'
    WHERE
        id = 813.0
    ;

  UPDATE tabs
  SET
    content = '
<p dir="ltr">PasteNow - это приложение для управления буфером обмена, которое упрощает и ускоряет вашу повседневную работу.&nbsp;Вы можете использовать его для хранения всех видов временных данных: текста, ссылки, изображения и даже кода.</p>
<p dir="ltr"></p>
<p dir="ltr">Он поддерживает следующие функции:</p>
<p dir="ltr">- Синхронизация данных между несколькими устройствами</p>
<p dir="ltr">- Создавайте умные списки для удобной фильтрации и поиска контента</p>
<p dir="ltr">- Просмотр различного контента в разных стилях просмотра списка</p>
<p dir="ltr">- Используйте ярлыки для мгновенной вставки рядом с курсором</p>
',
    content_local = '
<p dir="ltr">PasteNow - это приложение для управления буфером обмена, которое упрощает и ускоряет вашу повседневную работу.&nbsp;Вы можете использовать его для хранения всех видов временных данных: текста, ссылки, изображения и даже кода.</p>
<p dir="ltr"></p>
<p dir="ltr">Он поддерживает следующие функции:</p>
<p dir="ltr">- Синхронизация данных между несколькими устройствами</p>
<p dir="ltr">- Создавайте умные списки для удобной фильтрации и поиска контента</p>
<p dir="ltr">- Просмотр различного контента в разных стилях просмотра списка</p>
<p dir="ltr">- Используйте ярлыки для мгновенной вставки рядом с курсором</p>
'
  WHERE
    app_id = 813.0 AND title = 'Описание'
;

  UPDATE tabs
  SET
    content = '
<p>## 2.15.3 Update</p>
<p><br>- Fixed the issue where screenshot content was pasted as text.</p>
<p>- Enhanced the scrolling list experience with the mouse wheel for third-party brands.</p>
<p><br>## 2.15 Update</p>
<p><br>PasteNow 2.15 brings several updates, mainly multi-language support, text formatting, and more.</p>
<p><br>### New Features</p>
<p><br>When performing "Copy" and "Paste" actions, there''s an added feature to format or un-format text with "bullet list". For example, you can copy or paste multi-line text "xxx. yyy. zzz." as "1. xxx. 2. yyy. 3. zzz" and vice versa. This feature can be triggered by right-clicking after selecting the content.</p>
<p><br>If the clipboard content is a link, you can also copy or paste it as a Markdown text in the “[title](url)” format. We believe this capability will make your daily text editing tasks more convenient.</p>
<p><br>### Experience Improvements</p>
<p><br>This version brings localization support for Japanese, Korean, Russian, and Slovak. This is the first time PasteNow has added support for these languages, and some terminology might not be accurate. We appreciate your feedback and will continuously improve in the upcoming versions.</p>
<p><br>Additionally, the following features have been improved:</p>
<p><br>- Quick select list: Now you can also trigger and make selections by right-clicking on "All";</p>
<p>- If set for PasteNow to appear at the last position, this behavior is now consistent when clicking the status bar icon;</p>
<p>- Under "Database View", you can now export selected content (or all) as plain text (requires macOS 14).</p>
<p><br>### Bug Fixes</p>
<p><br>- Fixed an issue where rich text might have oversized fonts;</p>
<p>- Fixed a potential problem with the background color of rich text;</p>
<p>- Editing Text: Fixed an issue where saving rich text as plain text would fail.</p>
<p><br>These are the main updates for this version. We will continue to improve PasteNow. If you like PasteNow, please give us a positive review. Enjoy!</p>
',
    content_local = '
<p>## 2.15.3 Update</p>
<p><br>- Fixed the issue where screenshot content was pasted as text.</p>
<p>- Enhanced the scrolling list experience with the mouse wheel for third-party brands.</p>
<p><br>## 2.15 Update</p>
<p><br>PasteNow 2.15 brings several updates, mainly multi-language support, text formatting, and more.</p>
<p><br>### New Features</p>
<p><br>When performing "Copy" and "Paste" actions, there''s an added feature to format or un-format text with "bullet list". For example, you can copy or paste multi-line text "xxx. yyy. zzz." as "1. xxx. 2. yyy. 3. zzz" and vice versa. This feature can be triggered by right-clicking after selecting the content.</p>
<p><br>If the clipboard content is a link, you can also copy or paste it as a Markdown text in the “[title](url)” format. We believe this capability will make your daily text editing tasks more convenient.</p>
<p><br>### Experience Improvements</p>
<p><br>This version brings localization support for Japanese, Korean, Russian, and Slovak. This is the first time PasteNow has added support for these languages, and some terminology might not be accurate. We appreciate your feedback and will continuously improve in the upcoming versions.</p>
<p><br>Additionally, the following features have been improved:</p>
<p><br>- Quick select list: Now you can also trigger and make selections by right-clicking on "All";</p>
<p>- If set for PasteNow to appear at the last position, this behavior is now consistent when clicking the status bar icon;</p>
<p>- Under "Database View", you can now export selected content (or all) as plain text (requires macOS 14).</p>
<p><br>### Bug Fixes</p>
<p><br>- Fixed an issue where rich text might have oversized fonts;</p>
<p>- Fixed a potential problem with the background color of rich text;</p>
<p>- Editing Text: Fixed an issue where saving rich text as plain text would fail.</p>
<p><br>These are the main updates for this version. We will continue to improve PasteNow. If you like PasteNow, please give us a positive review. Enjoy!</p>
'
  WHERE
    app_id = 813.0 AND title = 'Что нового'
;

  UPDATE download_info
  SET
    content_local = '<p>Выполните стандартную процедуру установки.</p>',
    content = '<p>Выполните стандартную процедуру установки.</p>'
  WHERE
    app_id = 813.0
;

      INSERT OR REPLACE INTO download_links (app_id, title, href, title_local, version)
      VALUES (813.0, 'Прямая ссылка на скачивание', 'https://vk.com/doc781359414_672878607', '直接链接下载安装程序', '2.15.3')
  ;

    INSERT INTO older_versions (app_id, title, url, title_local)
    VALUES (813.0, 'PasteNow 1.1 MAS [HCiSO] для macOS 10.15 и новее', 'https://vk.com/doc249553273_597199423', 'PasteNow 1.1 MAS [HCiSO] 适用于 macOS 10.15 及以上版本')
;

    UPDATE app
    SET
        name = 'Hello Kitty Island Adventure',
        bg_image = 'https://appstorrent.ru/uploads/posts/2023-08/123123.webp',
        icon = 'https://appstorrent.ru/uploads/posts/2023-08/1691222913_icn.webp',
        version = '1.3.0',
        description = '
ИгрыApple Arcade
',
        description_local = '',
        detail_url = 'https://appstorrent.ru/2493-hello-kitty-island-adventure.html',
        file_size = '1,2 GB',
        developer = 'Sunblink',
        activation = 'Не требуется',
        compatibility = '',
        architecture = 'ARMx86 (64-bit)',
        published_date = '2023/11/22',
        releaseDate = '',
        note = '',
        views = '5186',
        link = 'https://anonim.xyz/go/https://www.hellokittyislandadventure.com',
        detail_version = '1.3.0',
        banner = '["https://appstorrent.ru/uploads/posts/2023-08/1691222998_1.webp","https://appstorrent.ru/uploads/posts/2023-08/1691223003_2.webp","https://appstorrent.ru/uploads/posts/2023-08/1691223006_3.webp","https://appstorrent.ru/uploads/posts/2023-08/1691223008_4.webp","https://appstorrent.ru/uploads/posts/2023-08/5.webp","https://appstorrent.ru/uploads/posts/2023-08/6.webp"]'
    WHERE
        id = 934.0
    ;

  UPDATE tabs
  SET
    content = '
<p>Добро пожаловать в Большой парк приключений, где дружба всегда поможет, а приключения поджидают за каждым углом! Здесь вас и ваших забавных новых друзей встретит захватывающий мир, полный очаровательных существ, вкусной еды и интересных загадок.</p>
<p>Вы сможете поближе узнать Хэлло Китти, Куроми, Синнаморолла и других персонажей, выяснить, что они любят, и отправиться с ними в приключения, чтобы со временем стать лучшими друзьями. А еще здесь можно создавать редкие предметы, разгадывать древние загадки, обставлять домики, чтобы в них приезжали новые гости, и превратить весь остров в настоящий райский уголок.</p>
<p><br></p>
<p>Особенности:</p>
<p>- Бегайте, залезайте на горы и летайте по всему загадочному острову.</p>
<p>- Подружитесь с любимыми персонажами Sanrio.</p>
<p>- Опуститесь в глубины волшебного подводного мира.</p>
<p>- Выпекайте вкусняшки и мастерите полезные инструменты.</p>
<p>- Украсьте домики, чтобы в них приехали члены семьи и друзья Sanrio.</p>
<p>- Станьте русалкой или русалом! Нет, правда!</p>
<p>- И это еще далеко не все!</p>
',
    content_local = '
<p>Добро пожаловать в Большой парк приключений, где дружба всегда поможет, а приключения поджидают за каждым углом! Здесь вас и ваших забавных новых друзей встретит захватывающий мир, полный очаровательных существ, вкусной еды и интересных загадок.</p>
<p>Вы сможете поближе узнать Хэлло Китти, Куроми, Синнаморолла и других персонажей, выяснить, что они любят, и отправиться с ними в приключения, чтобы со временем стать лучшими друзьями. А еще здесь можно создавать редкие предметы, разгадывать древние загадки, обставлять домики, чтобы в них приезжали новые гости, и превратить весь остров в настоящий райский уголок.</p>
<p><br></p>
<p>Особенности:</p>
<p>- Бегайте, залезайте на горы и летайте по всему загадочному острову.</p>
<p>- Подружитесь с любимыми персонажами Sanrio.</p>
<p>- Опуститесь в глубины волшебного подводного мира.</p>
<p>- Выпекайте вкусняшки и мастерите полезные инструменты.</p>
<p>- Украсьте домики, чтобы в них приехали члены семьи и друзья Sanrio.</p>
<p>- Станьте русалкой или русалом! Нет, правда!</p>
<p>- И это еще далеко не все!</p>
'
  WHERE
    app_id = 934.0 AND title = 'Описание'
;

  UPDATE tabs
  SET
    content = '
<p>OS: macOS 11 и новее</p>
',
    content_local = '
<p>OS: macOS 11 и новее</p>
'
  WHERE
    app_id = 934.0 AND title = 'Мин. требования'
;

  UPDATE download_info
  SET
    content_local = '<p>Запустите скачанный образ и перетащите приложение в ярлык папки Программы (Applications).</p>
<p>После завершения копирования, приложение можно запустить через Launchpad.</p>
<p><br></p>
<p>На процессорах М1+ возможно потребуется запустить игру из под Rosetta</p>
<p>В случае если игра не запускается, откройте терминал, и вставьте команду:</p>
<p><span style="color:rgb(230,126,35);">xattr -cr /Applications/Hello\ Kitty.app &amp;&amp; codesign --force --deep --sign - /Applications/Hello\ Kitty.app</span></p>',
    content = '<p>Запустите скачанный образ и перетащите приложение в ярлык папки Программы (Applications).</p>
<p>После завершения копирования, приложение можно запустить через Launchpad.</p>
<p><br></p>
<p>На процессорах М1+ возможно потребуется запустить игру из под Rosetta</p>
<p>В случае если игра не запускается, откройте терминал, и вставьте команду:</p>
<p><span style="color:rgb(230,126,35);">xattr -cr /Applications/Hello\ Kitty.app &amp;&amp; codesign --force --deep --sign - /Applications/Hello\ Kitty.app</span></p>'
  WHERE
    app_id = 934.0
;

      INSERT OR REPLACE INTO download_links (app_id, title, href, title_local, version)
      VALUES (934.0, 'Прямая ссылка на скачивание', 'https://vk.com/doc781359414_672831266', '直接链接下载安装程序', '1.3.0')
  ;

    INSERT INTO older_versions (app_id, title, url, title_local)
    VALUES (934.0, 'Hello Kitty Island Adventure 1.2.5', 'https://vk.com/doc781359414_672497344', NULL)
;

    INSERT INTO older_versions (app_id, title, url, title_local)
    VALUES (934.0, 'Hello Kitty Island Adventure 1.2.1', 'https://vk.com/doc781359414_671102633', NULL)
;

    UPDATE app
    SET
        name = 'Baldur''s Gate 3',
        bg_image = 'https://appstorrent.ru/uploads/posts/2023-09/1695959883_bg.webp',
        icon = 'https://appstorrent.ru/uploads/posts/2021-11/1635970830_baldursgate3_icon.png',
        version = '4.1.1.3911062',
        description = '
ИгрыРолевыеСтратегии
',
        description_local = '',
        detail_url = 'https://appstorrent.ru/761-baldurs-gate-3.html',
        file_size = '124 GB',
        developer = 'Larian Studios',
        activation = 'DRM-FREE (без защиты)',
        compatibility = '',
        architecture = 'ARM',
        published_date = '2023/11/20',
        releaseDate = '',
        note = '',
        views = '75798',
        link = 'https://anonim.xyz/go/https://www.baldursgate3.game/',
        detail_version = '4.1.1.3911062',
        banner = '["https://appstorrent.ru/uploads/posts/2023-09/1695959303_1.webp","https://appstorrent.ru/uploads/posts/2023-09/1695959207_2.webp","https://appstorrent.ru/uploads/posts/2023-09/1695959209_3.webp","https://appstorrent.ru/uploads/posts/2023-09/1695959212_4.webp","https://appstorrent.ru/uploads/posts/2023-09/1695959215_5.webp","https://appstorrent.ru/uploads/posts/2023-09/1695959217_6.webp","https://appstorrent.ru/uploads/posts/2023-09/1695959220_7.webp","https://appstorrent.ru/uploads/posts/2023-09/8.webp"]'
    WHERE
        id = 948.0
    ;

  UPDATE tabs
  SET
    content = '
<p>Baldur''s Gate 3 - продолжение культовой пошаговой RPG, в которой вы возьмете управление небольшим отрядом, состоящим из уникальных персонажей. Каждый член партии имеет огромное значение для тактики и представляет собой личность со своим характером, историей и способностями. Врата Балдура 3 предлагает исследовать большой открытый мир Забытого Королевства. Сюжет не выступает в качестве прямого продолжения предыдущей части, однако в повествовании фигурируют иллитиды - они же свежеватели разума. История начинается с того, что герой находится в заточении у этих злобных существ. Игра основана на пятой редакции Dungeons &amp; Dragons, а события развиваются во вселенной Forgotten Realms.</p>
<p><br></p>
<p>Перед началом кампании позволяется создать игрового персонажа. На выбор доступно 15 рас, каждая из которых имеет свои особенности. Однако можно выбрать из готовых героев, которые имеют прописанную биографию и определенные навыки на старте. Отряд главного героя состоит из четырех человек. По мере прохождения кампании вы будете встречать новых героев, которых можно взять в партию.</p>
<p><br></p>
<p>Отличием от предшественника является то, что бои в Baldur''s Gate III выполнены полностью в пошаговом ключе, в то время, как предыдущие игры серии базировались на тактической паузе. Игрок может управлять каждым героем партии и взаимодействовать с окружающей средой и напарниками. Можно усиливать оружие и атаки при помощи огня или яда. Позволяется использовать вспомогательные предметы. Например, разлив масло по полю боя или вылив на противников, выстрелите огненной стрелой, чтобы заставить их воспламениться.</p>
<p><br></p>
<p>Применив навык скрытности, есть шанс избежать сражения. Погасите факелы и свечи, чтобы затемнить локацию. Перемещаясь по темным участкам локации, можно незаметно обойти патрули. Применив специальное заклинания "Затемнение", позволяется погрузить область во тьму, лишив врага видимости. Совершите тихое убийство или пройдите незаметно - игровой процесс несет в себе вариативность и поощряет любые тактические решения.</p>
<p><br></p>
<p>Дополнительная информация:</p>
<p>• Объединяйте силы в бою или разделяйте отряд, чтобы заниматься каждый своими делами и заданиями. Вместе выработайте идеальный план кампании... или внесите в него элемент хаоса в самый неожиданный для товарищей момент.</p>
<p>• У каждого из них собственные уникальные черты, желания, планы и взгляды на мир. Линия каждого переплетена с общим сюжетом, и от вашего выбора зависит, чем она закончится: спасением, победой, поражением, искуплением... Всех возможностей и не перечесть.</p>
<p>• Основан на 5-й редакции D&amp;D. Командная инициатива, преимущества и недостатки, броски на модификаторы, а также боевые камеры, расширенное взаимодействие с окружающими предметами и новый уровень гибкости, вознаграждающий умных и дальновидных – попробуйте и оцените сами.</p>
<p>• ...и от бросков кубика. Кого бы вы ни отыгрывали, что бы ни выпало – все отразится на мире вокруг и его обитателях.</p>
<p>• Вы можете поставить окружающий мир на паузу в любой момент, даже вне боя. Пользуйтесь этим, когда вам нужно занять выигрышную позицию перед схваткой, с хирургической точностью провести ограбление или избежать смертельной ловушки. Разделяйте свой отряд, устраивайте засады, крадитесь во тьме – сами творите свою удачу! &nbsp;</p>
',
    content_local = '
<p>Baldur''s Gate 3 - продолжение культовой пошаговой RPG, в которой вы возьмете управление небольшим отрядом, состоящим из уникальных персонажей. Каждый член партии имеет огромное значение для тактики и представляет собой личность со своим характером, историей и способностями. Врата Балдура 3 предлагает исследовать большой открытый мир Забытого Королевства. Сюжет не выступает в качестве прямого продолжения предыдущей части, однако в повествовании фигурируют иллитиды - они же свежеватели разума. История начинается с того, что герой находится в заточении у этих злобных существ. Игра основана на пятой редакции Dungeons &amp; Dragons, а события развиваются во вселенной Forgotten Realms.</p>
<p><br></p>
<p>Перед началом кампании позволяется создать игрового персонажа. На выбор доступно 15 рас, каждая из которых имеет свои особенности. Однако можно выбрать из готовых героев, которые имеют прописанную биографию и определенные навыки на старте. Отряд главного героя состоит из четырех человек. По мере прохождения кампании вы будете встречать новых героев, которых можно взять в партию.</p>
<p><br></p>
<p>Отличием от предшественника является то, что бои в Baldur''s Gate III выполнены полностью в пошаговом ключе, в то время, как предыдущие игры серии базировались на тактической паузе. Игрок может управлять каждым героем партии и взаимодействовать с окружающей средой и напарниками. Можно усиливать оружие и атаки при помощи огня или яда. Позволяется использовать вспомогательные предметы. Например, разлив масло по полю боя или вылив на противников, выстрелите огненной стрелой, чтобы заставить их воспламениться.</p>
<p><br></p>
<p>Применив навык скрытности, есть шанс избежать сражения. Погасите факелы и свечи, чтобы затемнить локацию. Перемещаясь по темным участкам локации, можно незаметно обойти патрули. Применив специальное заклинания "Затемнение", позволяется погрузить область во тьму, лишив врага видимости. Совершите тихое убийство или пройдите незаметно - игровой процесс несет в себе вариативность и поощряет любые тактические решения.</p>
<p><br></p>
<p>Дополнительная информация:</p>
<p>• Объединяйте силы в бою или разделяйте отряд, чтобы заниматься каждый своими делами и заданиями. Вместе выработайте идеальный план кампании... или внесите в него элемент хаоса в самый неожиданный для товарищей момент.</p>
<p>• У каждого из них собственные уникальные черты, желания, планы и взгляды на мир. Линия каждого переплетена с общим сюжетом, и от вашего выбора зависит, чем она закончится: спасением, победой, поражением, искуплением... Всех возможностей и не перечесть.</p>
<p>• Основан на 5-й редакции D&amp;D. Командная инициатива, преимущества и недостатки, броски на модификаторы, а также боевые камеры, расширенное взаимодействие с окружающими предметами и новый уровень гибкости, вознаграждающий умных и дальновидных – попробуйте и оцените сами.</p>
<p>• ...и от бросков кубика. Кого бы вы ни отыгрывали, что бы ни выпало – все отразится на мире вокруг и его обитателях.</p>
<p>• Вы можете поставить окружающий мир на паузу в любой момент, даже вне боя. Пользуйтесь этим, когда вам нужно занять выигрышную позицию перед схваткой, с хирургической точностью провести ограбление или избежать смертельной ловушки. Разделяйте свой отряд, устраивайте засады, крадитесь во тьме – сами творите свою удачу! &nbsp;</p>
'
  WHERE
    app_id = 948.0 AND title = 'Описание'
;

  UPDATE download_info
  SET
    content_local = '<p>Запустите скачанный пакет и выполните стандартную процедуру установки.</p>',
    content = '<p>Запустите скачанный пакет и выполните стандартную процедуру установки.</p>'
  WHERE
    app_id = 948.0
;

      INSERT OR REPLACE INTO download_links (app_id, title, href, title_local, version)
      VALUES (948.0, 'Скачать торрент-файл', 'https://vk.com/doc781359414_672782003', '下载torrent文件', '4.1.1.3911062')
  ;

      INSERT OR REPLACE INTO download_links (app_id, title, href, title_local, version)
      VALUES (948.0, 'Скачать торрент-файл с MediaFire', 'https://www.mediafire.com/file/1cu0qe12l2rm7uz/%255BMac%255DBaldur%2527s_Gate_III_%25283%2529_%255BL%255D_%255BRUS_%252B_ENG_%252B_11_ENG%255D_%25282020%2529_%25284.1.1.3911062_%252B_1_DLC%2529_%255BGOG%255D.torrent/file', '下载torrent文件 с MediaFire', '4.1.1.3911062')
  ;

    UPDATE app
    SET
        name = 'Jetpack Joyride 2',
        bg_image = 'https://appstorrent.ru/uploads/posts/2022-08/1661710426_92929.jpg',
        icon = 'https://appstorrent.ru/uploads/posts/2023-03/1680183193_fsdf.webp',
        version = '2.3.2001',
        description = '
ИгрыApple ArcadeШутерыПлатформеры
',
        description_local = '',
        detail_url = 'https://appstorrent.ru/1724-jetpack-joyride-2.html',
        file_size = '240 MB',
        developer = 'Halfbrick',
        activation = 'Не требуется',
        compatibility = '',
        architecture = 'ARMx86 (64-bit)',
        published_date = '2023/11/21',
        releaseDate = '',
        note = '',
        views = '31935',
        link = 'https://anonim.xyz/go/https://www.halfbrick.com/games/jetpack-joyride-2',
        detail_version = '2.3.2001',
        banner = '["https://appstorrent.ru/uploads/posts/2022-08/1661710236_1286x0w-1.webp","https://appstorrent.ru/uploads/posts/2022-08/1661710237_1286x0w-2.webp","https://appstorrent.ru/uploads/posts/2022-08/1661710237_1286x0w-3.webp","https://appstorrent.ru/uploads/posts/2022-08/1661710238_1286x0w.webp"]'
    WHERE
        id = 1002.0
    ;

  UPDATE tabs
  SET
    content = '
<p>Барри Стейкфрайз возвращается!</p>
<p><br></p>
<p>Объединитесь с Барри и Бетти и пройдите через лабораторию, чтобы остановить эксперименты ученых, пока не стало слишком поздно!</p>
<p><br></p>
<p>Jetpack Joyride 2 - это долгожданное продолжение культовой и признанной классической игры с новой HD-графикой, новой анимацией, новой механикой и новым способом игры.&nbsp;</p>
',
    content_local = '
<p>Барри Стейкфрайз возвращается!</p>
<p><br></p>
<p>Объединитесь с Барри и Бетти и пройдите через лабораторию, чтобы остановить эксперименты ученых, пока не стало слишком поздно!</p>
<p><br></p>
<p>Jetpack Joyride 2 - это долгожданное продолжение культовой и признанной классической игры с новой HD-графикой, новой анимацией, новой механикой и новым способом игры.&nbsp;</p>
'
  WHERE
    app_id = 1002.0 AND title = 'Описание'
;

  UPDATE tabs
  SET
    content = '
<p>MAC OS X 10.15</p>
',
    content_local = '
<p>MAC OS X 10.15</p>
'
  WHERE
    app_id = 1002.0 AND title = 'Мин. требования'
;

  UPDATE download_info
  SET
    content_local = '<p>Запустите скачанный образ и перетащите приложение в ярлык папки Программы (Applications).</p>
<p>После завершения копирования, приложение можно запустить через Launchpad.</p>
<p><br></p>
<p>Если игра не запускается введите в терминале</p>
<p>xattr -cr /Applications/Jetpack\ Joyride\ 2.app &amp;&amp; codesign --force --deep --sign - /Applications/Jetpack\ Joyride\ 2.app</p>',
    content = '<p>Запустите скачанный образ и перетащите приложение в ярлык папки Программы (Applications).</p>
<p>После завершения копирования, приложение можно запустить через Launchpad.</p>
<p><br></p>
<p>Если игра не запускается введите в терминале</p>
<p>xattr -cr /Applications/Jetpack\ Joyride\ 2.app &amp;&amp; codesign --force --deep --sign - /Applications/Jetpack\ Joyride\ 2.app</p>'
  WHERE
    app_id = 1002.0
;

      INSERT OR REPLACE INTO download_links (app_id, title, href, title_local, version)
      VALUES (1002.0, 'Прямая ссылка на скачивание', 'https://vk.com/doc781359414_672797861', '直接链接下载安装程序', '2.3.2001')
  ;

    INSERT INTO older_versions (app_id, title, url, title_local)
    VALUES (1002.0, 'Jetpack Joyride 2 1.10', 'https://vk.com/s/v1/doc/cmk-uaIzH8VrLwqqZ_5vv4q796FxFD5qGf7hgR_YskOFbOdNljU', NULL)
;

    UPDATE app
    SET
        name = 'Zookeeper World',
        bg_image = 'https://appstorrent.ru/templates/appstorrent-4ac2e09b1a/assets/img/bg.webp',
        icon = 'https://appstorrent.ru/uploads/posts/2023-05/1685546984_12312.webp',
        version = '5.4.0',
        description = '
ИгрыApple ArcadeПриключения
',
        description_local = '',
        detail_url = 'https://appstorrent.ru/2341-zookeeper-world.html',
        file_size = '385 MB',
        developer = 'KITERETSU INC',
        activation = 'Не требуется',
        compatibility = '',
        architecture = 'ARMx86 (64-bit)',
        published_date = '2023/11/22',
        releaseDate = '',
        note = '',
        views = '2712',
        link = 'https://anonim.xyz/go/https://kiteretsu.jp/en/projects/zookeeperworld.html',
        detail_version = '5.4.0',
        banner = '["https://appstorrent.ru/uploads/posts/2023-05/1685547138_1286x0w-1.webp","https://appstorrent.ru/uploads/posts/2023-05/1685547147_1286x0w-2.webp","https://appstorrent.ru/uploads/posts/2023-05/1685547151_1286x0w-3.webp","https://appstorrent.ru/uploads/posts/2023-05/1685547156_1286x0w.webp"]'
    WHERE
        id = 1032.0
    ;

  UPDATE tabs
  SET
    content = '
<p>В потрясающую игру смотрителя с приключениями и головоломками играют более 30 миллионов человек. Теперь она доступна только на Apple Arcade!</p>
<p><span style="font-size:13.6px;">&nbsp;</span></p>
<p><span style="font-size:13.6px;">Решайте простые головоломки «3 в ряд» и постройте собственный зоопарк. Сделайте свой зоопарк неповторимым!</span></p>
<p><span style="font-size:13.6px;">&nbsp;</span></p>
<p><span style="font-size:13.6px;">Решайте разнообразные головоломок и собирайте монеты, чтобы наполнить зоопарк удивительными животными, растениями и красивыми предметами! Они будут привлекать в зоопарк всё новых и новых посетителей!</span></p>
<p><span style="font-size:13.6px;">&nbsp;</span></p>
<p><span style="font-size:13.6px;">Выполняя просьбы посетителей и своего начальника, повышайте рейтинг зоопарка. Совсем скоро вы сможете расширить и улучшить свой зоопарк с помощью различных дизайнерских предметов и украшений! А еще вам может повстречаться семейство уток или трехцветная кошка. Зоопарк можно даже облететь на НЛО! смотрителя зоопарка не придется скучать за бесконечной чередой улучшений.</span></p>
<p><span style="font-size:13.6px;">&nbsp;</span></p>
<p><span style="font-size:13.6px;">Животных тоже можно видоизменять! Повышайте их Обаяние и наряжайте в костюмы.</span></p>
<p><span style="font-size:13.6px;">&nbsp;</span></p>
<p><span style="font-size:13.6px;">Кролик-танцор хула, Обезьяна-панк, Загорелый жираф, Афро-панда, Фенек Санта, Пингвин в смокинге, Франкен-лев, Медведь-кикбоксер, Крокодил-моряк, Слон с блинами, Фламинго-ведьма — зверей не перечесть!</span></p>
<p><span style="font-size:13.6px;">&nbsp;</span></p>
<p><span style="font-size:13.6px;">А для видоизменения зверей требуются кристаллы. Кристаллы можно заработать, победив БОССА-МЕХУ, который время от времени нападает на зоопарк!</span></p>
<p><br></p>
<p><span style="font-size:13.6px;">В игре множество уровней головоломок с немыслимыми заданиями. Например, в испытании «Очистка за один ход» необходимо совместить всех животных за один ход, а в испытании «БОСС-МЕХА» — сразиться с БОССОМ-МЕХОЙ!</span></p>
<p><span style="font-size:13.6px;">&nbsp;</span></p>
<p><span style="font-size:13.6px;">Кристаллы можно заработать различными способами, например, получив ПРЕВОСХОДНУЮ оценку за задание «Сбор звезд». Просто решайте головоломки и собирайте звезды!</span></p>
<p><br></p>
<p><span style="font-size:13.6px;">В игре будут регулярно появляться новые и обновленные животные, головоломки и мероприятия. Поиграйте от души!</span></p>
<p><br></p>
<p><span style="font-size:13.6px;">Не забывайте кормить проголодавшихся животных!</span></p>
',
    content_local = '
<p>В потрясающую игру смотрителя с приключениями и головоломками играют более 30 миллионов человек. Теперь она доступна только на Apple Arcade!</p>
<p><span style="font-size:13.6px;">&nbsp;</span></p>
<p><span style="font-size:13.6px;">Решайте простые головоломки «3 в ряд» и постройте собственный зоопарк. Сделайте свой зоопарк неповторимым!</span></p>
<p><span style="font-size:13.6px;">&nbsp;</span></p>
<p><span style="font-size:13.6px;">Решайте разнообразные головоломок и собирайте монеты, чтобы наполнить зоопарк удивительными животными, растениями и красивыми предметами! Они будут привлекать в зоопарк всё новых и новых посетителей!</span></p>
<p><span style="font-size:13.6px;">&nbsp;</span></p>
<p><span style="font-size:13.6px;">Выполняя просьбы посетителей и своего начальника, повышайте рейтинг зоопарка. Совсем скоро вы сможете расширить и улучшить свой зоопарк с помощью различных дизайнерских предметов и украшений! А еще вам может повстречаться семейство уток или трехцветная кошка. Зоопарк можно даже облететь на НЛО! смотрителя зоопарка не придется скучать за бесконечной чередой улучшений.</span></p>
<p><span style="font-size:13.6px;">&nbsp;</span></p>
<p><span style="font-size:13.6px;">Животных тоже можно видоизменять! Повышайте их Обаяние и наряжайте в костюмы.</span></p>
<p><span style="font-size:13.6px;">&nbsp;</span></p>
<p><span style="font-size:13.6px;">Кролик-танцор хула, Обезьяна-панк, Загорелый жираф, Афро-панда, Фенек Санта, Пингвин в смокинге, Франкен-лев, Медведь-кикбоксер, Крокодил-моряк, Слон с блинами, Фламинго-ведьма — зверей не перечесть!</span></p>
<p><span style="font-size:13.6px;">&nbsp;</span></p>
<p><span style="font-size:13.6px;">А для видоизменения зверей требуются кристаллы. Кристаллы можно заработать, победив БОССА-МЕХУ, который время от времени нападает на зоопарк!</span></p>
<p><br></p>
<p><span style="font-size:13.6px;">В игре множество уровней головоломок с немыслимыми заданиями. Например, в испытании «Очистка за один ход» необходимо совместить всех животных за один ход, а в испытании «БОСС-МЕХА» — сразиться с БОССОМ-МЕХОЙ!</span></p>
<p><span style="font-size:13.6px;">&nbsp;</span></p>
<p><span style="font-size:13.6px;">Кристаллы можно заработать различными способами, например, получив ПРЕВОСХОДНУЮ оценку за задание «Сбор звезд». Просто решайте головоломки и собирайте звезды!</span></p>
<p><br></p>
<p><span style="font-size:13.6px;">В игре будут регулярно появляться новые и обновленные животные, головоломки и мероприятия. Поиграйте от души!</span></p>
<p><br></p>
<p><span style="font-size:13.6px;">Не забывайте кормить проголодавшихся животных!</span></p>
'
  WHERE
    app_id = 1032.0 AND title = 'Описание'
;

  UPDATE tabs
  SET
    content = '
<p>Требуется macOS 11.0.0 или новее.</p>
',
    content_local = '
<p>Требуется macOS 11.0.0 или новее.</p>
'
  WHERE
    app_id = 1032.0 AND title = 'Мин. требования'
;

  UPDATE download_info
  SET
    content_local = '<p>Запустите скачанный образ и перетащите приложение в ярлык папки Программы (Applications).</p>
<p>После завершения копирования, приложение можно запустить через Launchpad.</p>
<p><br></p>
<p>Если игра не запускается введите в терминале:</p>
<p><span style="color:rgb(230,126,35);">xattr -cr /Applications/Zookeeper\ World.app &amp;&amp; codesign --force --deep --sign - /Applications/Zookeeper\ World.app</span></p>',
    content = '<p>Запустите скачанный образ и перетащите приложение в ярлык папки Программы (Applications).</p>
<p>После завершения копирования, приложение можно запустить через Launchpad.</p>
<p><br></p>
<p>Если игра не запускается введите в терминале:</p>
<p><span style="color:rgb(230,126,35);">xattr -cr /Applications/Zookeeper\ World.app &amp;&amp; codesign --force --deep --sign - /Applications/Zookeeper\ World.app</span></p>'
  WHERE
    app_id = 1032.0
;

      INSERT OR REPLACE INTO download_links (app_id, title, href, title_local, version)
      VALUES (1032.0, 'Прямая ссылка на скачивание', 'https://vk.com/doc781359414_672835814', '直接链接下载安装程序', '5.4.0')
  ;

    INSERT INTO older_versions (app_id, title, url, title_local)
    VALUES (1032.0, 'Zookeeper World 4.4.0', 'https://vk.com/s/v1/doc/9qSGvc4FcAqUZiFjrBEJdisK3hCbG9bVHWKCfebuWZo8KRrNNm8', NULL)
;

    UPDATE app
    SET
        name = 'RimWorld',
        bg_image = 'https://appstorrent.ru/uploads/posts/2021-05/1621877226_rimworld_cover.jpg',
        icon = 'https://appstorrent.ru/uploads/posts/2021-05/1621877501_rimworld_logo-min.png',
        version = '1.4.3901',
        description = '
ИгрыСимуляторыСтратегии
',
        description_local = '',
        detail_url = 'https://appstorrent.ru/572-rimworld.html',
        file_size = '303 MB',
        developer = 'Ludeon Studios',
        activation = 'DRM-FREE (без защиты)',
        compatibility = '',
        architecture = 'x86 (64-bit)',
        published_date = '2023/11/21',
        releaseDate = '',
        note = '',
        views = '102722',
        link = 'https://anonim.xyz/go/https://rimworldgame.com/',
        detail_version = '1.4.3901',
        banner = '["https://appstorrent.ru/uploads/posts/2021-05/1621877481_rimworld_screenshot_1-min.jpg","https://appstorrent.ru/uploads/posts/2021-05/1621877493_rimworld_screenshot_3-min.jpg","https://appstorrent.ru/uploads/posts/2021-05/1621877519_rimworld_screenshot_2-min.jpg","https://appstorrent.ru/uploads/posts/2021-05/1621877464_rimworld_screenshot_4-min.jpg"]'
    WHERE
        id = 1057.0
    ;

  UPDATE tabs
  SET
    content = '
<p>Научно-фантастический симулятор колонии под управлением ИИ-рассказчика.</p>
<p><br></p>
<p>RimWorld управляет тремя людьми, выжившими после крушения космического лайнера, в строительстве колонии в приграничном мире на краю изученного пространства. Источники вдохновения этой игры -это дух космического вестерна Firefly, глубокая проработка Dwarf Fortress и эпические Dune и Warhammer 40 000.</p>
<p><br></p>
<p>Следите за настроением, потребностями, мыслями, ранениями и болезнями колонистов. Участвуйте в глубоко проработанной боях небольших команд. Используйте одежду, оружие и экипировку из металла, дерева, камня, ткани и экзотических, футуристических материалов. Сражайтесь с пиратами-налетчиками, враждебными племенами, свирепыми животными и древними машинами убийств. Играя, каждый раз открывайте для себя новый мир. Стройте колонии в природных зонах от пустыни до джунглей и тундры, имеющих свои уникальные флоры и фауны. Управляйте колонистами и развивайте их с помощью уникальных биографий, черт и навыков. Учитесь легко играть с помощью интеллектуального и ненавязчивого ИИ-наставника</p>
<p><br></p>
<p>Игра RimWorld разработана Tynan Sylvester и компанией Ludeon Studios. С момента первого выхода 4 ноября 2013 г. была улучшена.</p>
<p><br></p>
<p>ИИ-рассказчик</p>
<p>RimWorld разработана не как состязательная стратегическая игра, а как генератор историй. Она не о победе и проигрыше, она о драме, трагедии и комедии, происходящей в вашей колонии. Игра создает такие события, как пиратские набеги, прибытие торговцев и бури. Но эти события не случайны. RimWorld использует ИИ-рассказчика (по образцу ИИ-директора из Left 4 Dead), который анализирует ситуацию и решает, какое событие по его мнению создаст лучшую историю.</p>
<p><br></p>
<p>Можно выбирать между тремя рассказчиками: Продуманная Кассандра Классическая, более продуманная, ориентированная на строительство Фиби Тихоня и абсолютно непредсказуемый Ренди Случай.</p>
<p>Разношерстная команда</p>
<p>В RimWorld колонисты не являются профессиональными поселенцами - они те, кто выжил в катастрофе пассажирского лайнера. Они могут быть бухгалтерами, домохозяйками, журналистами, поварами, аристократами, беспризорниками, солдатами.</p>
<p><br></p>
<p>Аристократ будет силен в навыках общения (для вербовки заключенных и торговых переговорах о ценах), но будет отказываться выполнять физическую работу. Простак с фермы знает, как выращивать еду, но не сможет заниматься исследовательской деятельностью. Занудный ученый будет силен в исследованиях, но будет абсолютно неспособен выполнять социальные задачи. Генетический убийца кроме как убивать ничего не умеет, но делает это очень хорошо.</p>
<p><br></p>
<p>Каждый герой имеет свои черты личности. Невротические колонисты работают быстрее, но более подвержены стрессу и склонны к нервным срывам. Грубые герои плохо сходятся с людьми и портят настроение окружающим. Нудисты любят ходить голыми, в то время как людоеды получает удовольствие от употребления человеческой плоти.</p>
<p><br></p>
<p>Увеличивать количество колонистов можно за счет приема беженцев, захвата пленных в бою и перевербовки их на свою сторону, выкупая их у работорговцев, спасая их, а также принимая иммигрантов.</p>
',
    content_local = '
<p>Научно-фантастический симулятор колонии под управлением ИИ-рассказчика.</p>
<p><br></p>
<p>RimWorld управляет тремя людьми, выжившими после крушения космического лайнера, в строительстве колонии в приграничном мире на краю изученного пространства. Источники вдохновения этой игры -это дух космического вестерна Firefly, глубокая проработка Dwarf Fortress и эпические Dune и Warhammer 40 000.</p>
<p><br></p>
<p>Следите за настроением, потребностями, мыслями, ранениями и болезнями колонистов. Участвуйте в глубоко проработанной боях небольших команд. Используйте одежду, оружие и экипировку из металла, дерева, камня, ткани и экзотических, футуристических материалов. Сражайтесь с пиратами-налетчиками, враждебными племенами, свирепыми животными и древними машинами убийств. Играя, каждый раз открывайте для себя новый мир. Стройте колонии в природных зонах от пустыни до джунглей и тундры, имеющих свои уникальные флоры и фауны. Управляйте колонистами и развивайте их с помощью уникальных биографий, черт и навыков. Учитесь легко играть с помощью интеллектуального и ненавязчивого ИИ-наставника</p>
<p><br></p>
<p>Игра RimWorld разработана Tynan Sylvester и компанией Ludeon Studios. С момента первого выхода 4 ноября 2013 г. была улучшена.</p>
<p><br></p>
<p>ИИ-рассказчик</p>
<p>RimWorld разработана не как состязательная стратегическая игра, а как генератор историй. Она не о победе и проигрыше, она о драме, трагедии и комедии, происходящей в вашей колонии. Игра создает такие события, как пиратские набеги, прибытие торговцев и бури. Но эти события не случайны. RimWorld использует ИИ-рассказчика (по образцу ИИ-директора из Left 4 Dead), который анализирует ситуацию и решает, какое событие по его мнению создаст лучшую историю.</p>
<p><br></p>
<p>Можно выбирать между тремя рассказчиками: Продуманная Кассандра Классическая, более продуманная, ориентированная на строительство Фиби Тихоня и абсолютно непредсказуемый Ренди Случай.</p>
<p>Разношерстная команда</p>
<p>В RimWorld колонисты не являются профессиональными поселенцами - они те, кто выжил в катастрофе пассажирского лайнера. Они могут быть бухгалтерами, домохозяйками, журналистами, поварами, аристократами, беспризорниками, солдатами.</p>
<p><br></p>
<p>Аристократ будет силен в навыках общения (для вербовки заключенных и торговых переговорах о ценах), но будет отказываться выполнять физическую работу. Простак с фермы знает, как выращивать еду, но не сможет заниматься исследовательской деятельностью. Занудный ученый будет силен в исследованиях, но будет абсолютно неспособен выполнять социальные задачи. Генетический убийца кроме как убивать ничего не умеет, но делает это очень хорошо.</p>
<p><br></p>
<p>Каждый герой имеет свои черты личности. Невротические колонисты работают быстрее, но более подвержены стрессу и склонны к нервным срывам. Грубые герои плохо сходятся с людьми и портят настроение окружающим. Нудисты любят ходить голыми, в то время как людоеды получает удовольствие от употребления человеческой плоти.</p>
<p><br></p>
<p>Увеличивать количество колонистов можно за счет приема беженцев, захвата пленных в бою и перевербовки их на свою сторону, выкупая их у работорговцев, спасая их, а также принимая иммигрантов.</p>
'
  WHERE
    app_id = 1057.0 AND title = 'Описание'
;

  UPDATE tabs
  SET
    content = '
<p>ОС: macOS 10.11</p>
<p>Процессор: Core 2 Duo</p>
<p>Оперативная память: 4 GB ОЗУ</p>
<p>Видеокарта: Shader model 4</p>
<p>Место на диске: 500 MB</p>
',
    content_local = '
<p>ОС: macOS 10.11</p>
<p>Процессор: Core 2 Duo</p>
<p>Оперативная память: 4 GB ОЗУ</p>
<p>Видеокарта: Shader model 4</p>
<p>Место на диске: 500 MB</p>
'
  WHERE
    app_id = 1057.0 AND title = 'Мин. требования'
;

  UPDATE tabs
  SET
    content = '
<p>Royalty</p>
<p>Ideology</p>
<p>Biotech</p>
',
    content_local = '
<p>Royalty</p>
<p>Ideology</p>
<p>Biotech</p>
'
  WHERE
    app_id = 1057.0 AND title = 'DLC'
;

  UPDATE download_info
  SET
    content_local = '<p>Запустите скачанный образ и выполните стандартную процедуру установки.</p>
<p>Установка завершается выбором места для размещения игры.</p>
<p>Рекомендуется указывать папку Программы (Applications).</p>',
    content = '<p>Запустите скачанный образ и выполните стандартную процедуру установки.</p>
<p>Установка завершается выбором места для размещения игры.</p>
<p>Рекомендуется указывать папку Программы (Applications).</p>'
  WHERE
    app_id = 1057.0
;

      INSERT OR REPLACE INTO download_links (app_id, title, href, title_local, version)
      VALUES (1057.0, 'Прямая ссылка на скачивание', 'https://vk.com/doc781359414_672797734', '直接链接下载安装程序', '1.4.3901')
  ;

    INSERT INTO older_versions (app_id, title, url, title_local)
    VALUES (1057.0, 'RimWorld 1.4.3704', 'https://vk.com/s/v1/doc/KpOPTD3SHF3am--KKR9Bchc97PP9iPEpQh7bsaGS1KzctdJC2dw', NULL)
;

    UPDATE app
    SET
        name = 'CHARRUA SOCCER',
        bg_image = 'https://appstorrent.ru/templates/appstorrent-4ac2e09b1a/assets/img/bg.webp',
        icon = 'https://appstorrent.ru/uploads/posts/2023-11/1700485689_1111.webp',
        version = '8.48',
        description = '
ИгрыApple ArcadeСимуляторы
',
        description_local = '',
        detail_url = 'https://appstorrent.ru/735-charrua-soccer.html',
        file_size = '795 MB',
        developer = 'BATOVI Games Studio',
        activation = 'Не требуется',
        compatibility = '',
        architecture = 'ARMx86 (64-bit)',
        published_date = '2023/11/21',
        releaseDate = '',
        note = '',
        views = '17700',
        link = 'https://anonim.xyz/go/https://www.batovi.com/games/charruasoccer/',
        detail_version = '8.48',
        banner = '["https://appstorrent.ru/uploads/posts/2021-10/1633104310_1.jpg","https://appstorrent.ru/uploads/posts/2021-10/1633104310_2.jpg","https://appstorrent.ru/uploads/posts/2021-10/1633104311_3.jpg","https://appstorrent.ru/uploads/posts/2021-10/1633104312_4.jpg"]'
    WHERE
        id = 1094.0
    ;

  UPDATE tabs
  SET
    content = '
<p>Неважно, обожаете ли вы футбол или даже не знаете его правил, — эта ретроигра увлечет вас надолго. Сможете завоевать все трофеи?</p>
<p><br></p>
<p>СОРЕВНОВАНИЯ</p>
<p>— Кубок мира</p>
<p>— Кубок Америки</p>
<p>— Кубок Европы</p>
<p>— Кубок мира среди женщин</p>
<p>— Кубки Charrua (среди мужчин и женщин)</p>
<p>— Лига Charrua</p>
<p>— Турнир Charrua</p>
<p><br></p>
<p>ОСОБЕННОСТИ</p>
<p>— Упрощенное управление для новичков.</p>
<p>— Понятный геймплей.</p>
<p>— Трехмерная графика в стиле ретро.</p>
<p>— Разные режимы: играйте в одиночку (против ИИ), вдвоем (PvP) или в режиме соревнований.</p>
<p>— Навыки игроков.</p>
<p>— Серии пенальти.</p>
<p>— Женский футбол.</p>
<p>— Проработанный игровой процесс: короткие, длинные и другие виды пасов, возможность прицеливания во время удара, управляемые удары и навесы, фолы, желтые и красные карточки.</p>
<p>— Классная анимация (удар через себя, удар скорпиона, удар головой в падении).</p>
<p>— ИИ и команды с разными стилями игры (например, катеначчо или тики-така).</p>
<p>— Много лиг.</p>
',
    content_local = '
<p>Неважно, обожаете ли вы футбол или даже не знаете его правил, — эта ретроигра увлечет вас надолго. Сможете завоевать все трофеи?</p>
<p><br></p>
<p>СОРЕВНОВАНИЯ</p>
<p>— Кубок мира</p>
<p>— Кубок Америки</p>
<p>— Кубок Европы</p>
<p>— Кубок мира среди женщин</p>
<p>— Кубки Charrua (среди мужчин и женщин)</p>
<p>— Лига Charrua</p>
<p>— Турнир Charrua</p>
<p><br></p>
<p>ОСОБЕННОСТИ</p>
<p>— Упрощенное управление для новичков.</p>
<p>— Понятный геймплей.</p>
<p>— Трехмерная графика в стиле ретро.</p>
<p>— Разные режимы: играйте в одиночку (против ИИ), вдвоем (PvP) или в режиме соревнований.</p>
<p>— Навыки игроков.</p>
<p>— Серии пенальти.</p>
<p>— Женский футбол.</p>
<p>— Проработанный игровой процесс: короткие, длинные и другие виды пасов, возможность прицеливания во время удара, управляемые удары и навесы, фолы, желтые и красные карточки.</p>
<p>— Классная анимация (удар через себя, удар скорпиона, удар головой в падении).</p>
<p>— ИИ и команды с разными стилями игры (например, катеначчо или тики-така).</p>
<p>— Много лиг.</p>
'
  WHERE
    app_id = 1094.0 AND title = 'Описание'
;

  UPDATE tabs
  SET
    content = '
<p>Требуется macOS 10.15.0 или новее</p>
',
    content_local = '
<p>Требуется macOS 10.15.0 или новее</p>
'
  WHERE
    app_id = 1094.0 AND title = 'Мин. требования'
;

  UPDATE download_info
  SET
    content_local = '<p>Запустите скачанный образ и перетащите приложение в ярлык папки Программы (Applications).<br>После завершения копирования, приложение можно запустить через Launchpad.</p>',
    content = '<p>Запустите скачанный образ и перетащите приложение в ярлык папки Программы (Applications).<br>После завершения копирования, приложение можно запустить через Launchpad.</p>'
  WHERE
    app_id = 1094.0
;

      INSERT OR REPLACE INTO download_links (app_id, title, href, title_local, version)
      VALUES (1094.0, 'Прямая ссылка на скачивание', 'https://vk.com/doc781359414_672797513', '直接链接下载安装程序', '8.48')
  ;

    INSERT INTO older_versions (app_id, title, url, title_local)
    VALUES (1094.0, 'CHARRUA SOCCER 8.45', 'https://vk.com/s/v1/doc/kdcXgC9EKhYzZvYO_21ESfLffkWc5JLfQLn-HGC_RNyWg44G_rA', NULL)
;

    UPDATE app
    SET
        name = 'Art of Rally',
        bg_image = 'https://appstorrent.ru/uploads/posts/2022-02/1644053407_art-of-rally.jpg',
        icon = 'https://appstorrent.ru/uploads/posts/2022-02/1644000745_playericon.jpg',
        version = '1.5.0',
        description = '
ИгрыГонкиСимуляторы
',
        description_local = '',
        detail_url = 'https://appstorrent.ru/817-art-of-rally.html',
        file_size = '2,3 GB',
        developer = 'Funselektor Labs Inc.',
        activation = 'DRM-FREE (без защиты)',
        compatibility = '',
        architecture = 'x86 (64-bit)',
        published_date = '2023/11/21',
        releaseDate = '',
        note = '',
        views = '64713',
        link = 'https://anonim.xyz/go/https://artofrally.com',
        detail_version = '1.5.0',
        banner = '["https://appstorrent.ru/uploads/posts/2022-02/1644000879_34bf62c1bb4d145fc2dbafa466c1c86bc5d42b8403378f150f100e6748136eae.jpg","https://appstorrent.ru/uploads/posts/2022-02/1644000899_8503c33b90a29ccb601cd8eebd04c26c4e67fe669c7c491f66c67846dc7f08f3.jpg","https://appstorrent.ru/uploads/posts/2022-02/1644000884_33e0bf5495b759c6fc7f02592e77dcdd4d51f307665fa88d7fda55edb8a462c4.jpg","https://appstorrent.ru/uploads/posts/2022-02/1644000893_b2e3a0f1ef77a20e68fd75848b6d7e6edf042b40849967122c468da909d07f53.jpg"]'
    WHERE
        id = 1130.0
    ;

  UPDATE tabs
  SET
    content = '
<p>Делать что-то опасное со стилем — это искусство. Art of Rally – это стилизованный опыт ралли, вдохновлённый "золотой эрой", от разработчика Absolute Drift.&nbsp;</p>
<p><br></p>
<p>Совершайте заезды в разных уголках мира в красочной и стилизованной атмосфере с видом сверху вниз. Соревнуйтесь за первое место в таблице лидеров в ежедневных и еженедельных испытаниях. Овладеете ли вы искусством ралли?</p>
',
    content_local = '
<p>Делать что-то опасное со стилем — это искусство. Art of Rally – это стилизованный опыт ралли, вдохновлённый "золотой эрой", от разработчика Absolute Drift.&nbsp;</p>
<p><br></p>
<p>Совершайте заезды в разных уголках мира в красочной и стилизованной атмосфере с видом сверху вниз. Соревнуйтесь за первое место в таблице лидеров в ежедневных и еженедельных испытаниях. Овладеете ли вы искусством ралли?</p>
'
  WHERE
    app_id = 1130.0 AND title = 'Описание'
;

  UPDATE tabs
  SET
    content = '
<p>Система: Mac OS 10.13</p>
<p>Процессор: Intel Core i3 2.9 GHz or AMD equivalent</p>
<p>Память: 4 GB RAM</p>
<p>Графика: Nvidia GeForce GTX650 or AMD equivalent</p>
<p>Хранение: 3 GB</p>
',
    content_local = '
<p>Система: Mac OS 10.13</p>
<p>Процессор: Intel Core i3 2.9 GHz or AMD equivalent</p>
<p>Память: 4 GB RAM</p>
<p>Графика: Nvidia GeForce GTX650 or AMD equivalent</p>
<p>Хранение: 3 GB</p>
'
  WHERE
    app_id = 1130.0 AND title = 'Мин. требования'
;

      INSERT INTO tabs (app_id, title, content, content_local)
      VALUES (1130.0, 'DLC', '
<p>Australia</p>
', '
<p>Australia</p>
')
  ;

  UPDATE download_info
  SET
    content_local = '<p>Выполните стандартную процедуру установки.</p>
<p>Установка завершается выбором места для размещения игры.</p>
<p>Рекомендуется указывать папку Программы (Applications).</p>',
    content = '<p>Выполните стандартную процедуру установки.</p>
<p>Установка завершается выбором места для размещения игры.</p>
<p>Рекомендуется указывать папку Программы (Applications).</p>'
  WHERE
    app_id = 1130.0
;

      INSERT OR REPLACE INTO download_links (app_id, title, href, title_local, version)
      VALUES (1130.0, 'Прямая ссылка на скачивание', 'https://vk.com/doc781359414_672797229', '直接链接下载安装程序', '1.5.0')
  ;

    INSERT INTO older_versions (app_id, title, url, title_local)
    VALUES (1130.0, 'Art of Rally 1.4.2b', 'https://vk.com/s/v1/doc/u513w2rmlZFz2MwOEzLxwTF_sU8wQLkbPyzjTE6MKdXhYeSorZI', NULL)
;

    UPDATE app
    SET
        name = 'Victoria 3',
        bg_image = 'https://appstorrent.ru/uploads/posts/2022-11/1668671634_1321312312.jpg',
        icon = 'https://appstorrent.ru/uploads/posts/2022-11/1668671517_exe_icon.png',
        version = '1.5.7',
        description = '
ИгрыСимуляторыСтратегии
',
        description_local = '',
        detail_url = 'https://appstorrent.ru/1949-victoria-3.html',
        file_size = '7 GB',
        developer = 'Paradox Development Studio',
        activation = 'Не требуется',
        compatibility = '',
        architecture = 'ARMx86 (64-bit)',
        published_date = '2023/11/22',
        releaseDate = '',
        note = '',
        views = '36461',
        link = 'https://anonim.xyz/go/https://discord.com/invite/victoriagamePDX',
        detail_version = '1.5.7',
        banner = '["https://appstorrent.ru/uploads/posts/2022-11/1668671468_ss_e04543b65f67feb94b0efb63b4e701c8e28e4937_1920x1080-min.jpg","https://appstorrent.ru/uploads/posts/2022-11/1668671467_ss_a7dd0a126022a32f6f37f90aa7c702e93f39bf04_1920x1080-min.jpg","https://appstorrent.ru/uploads/posts/2022-11/1668671465_ss_8af535161d0390cdcde99924215d7fe93c689ab0_1920x1080-min.jpg","https://appstorrent.ru/uploads/posts/2022-11/1668671465_ss_24c8d726c0db5442554fb4a06523c214d5be1060_1920x1080-min.jpg","https://appstorrent.ru/uploads/posts/2022-11/1668671466_ss_43899b41923d034d609dfe58e7c37fbc74ede404_1920x1080-min.jpg","https://appstorrent.ru/uploads/posts/2022-11/1668671467_ss_c39167b661b535b26f621268b6127b037a45b826_1920x1080-min.jpg"]'
    WHERE
        id = 1254.0
    ;

  UPDATE tabs
  SET
    content = '
<p>СОЗДАЙТЕ ВЕЛИКОЕ БУДУЩЕЕ</p>
<p>Paradox Development Studio предлагает вам построить идеальное общество в суматохе безумного XIX века. Найдите способ уравновесить общественные противоречия и заслужите место под солнцем в Victoria 3 — одной из самых ожидаемых игр в истории студии.</p>
<p><br></p>
<p>ИДЕАЛЬНЫЙ СИМУЛЯТОР ОБЩЕСТВА</p>
<p>-Управляйте любой из десятков стран мира в период с 1836 по 1936 год. Сельское хозяйство или промышленность, верность традициям или радикальные реформы, мирная жизнь или завоевания — выбор за вами!</p>
<p><br></p>
<p>-Помните, что у каждой группы населения свои политические воззрения и экономические проблемы.</p>
<p><br></p>
<p>-Создайте прогрессивное общество с помощью правительственных реформ и обновлений конституции или встаньте на защиту традиционных ценностей от революционных потрясений.</p>
<p><br></p>
<p>-Исследуйте новые технологии и изучайте новые идеи, чтобы помочь развитию своей страны.</p>
<p><br></p>
<p>СЛОЖНАЯ ЭКОНОМИЧЕСКАЯ СИСТЕМА</p>
<p>-Развивайте промышленность и торговлю, облагайте прибыль налогами и повышайте национальное благосостояние.</p>
<p><br></p>
<p>-Импортируйте дешевое сырье для обеспечения основных нужд и ищите новые рынки для сбыта товаров.</p>
<p><br></p>
<p>-Регулируйте оборот важнейших товаров, чтобы поддерживать свою экономику и влиять на судьбы империй.</p>
<p><br></p>
<p>-Используйте дешевую рабочую силу, но не забывайте о потребности рынка в квалифицированных сотрудниках.</p>
<p><br></p>
<p>ИГРАЙТЕ НА МИРОВОЙ СЦЕНЕ</p>
<p>-Дергайте за ниточки в запутанной дипломатической паутине, плетите интриги, создавайте союзы, ссорьте и мирите, укрепляйте свои позиции в мире.</p>
<p><br></p>
<p>-Используйте угрозы, военное превосходство и блеф, чтобы заставить врагов отступить.</p>
<p><br></p>
<p>-Развивайте экономику и армию за счет противников.</p>
<p><br></p>
<p>-Развивайте промышленность или завоевывайте новые территории, чтобы укрепить свою репутацию и заслужить уважение конкурентов.</p>
',
    content_local = '
<p>СОЗДАЙТЕ ВЕЛИКОЕ БУДУЩЕЕ</p>
<p>Paradox Development Studio предлагает вам построить идеальное общество в суматохе безумного XIX века. Найдите способ уравновесить общественные противоречия и заслужите место под солнцем в Victoria 3 — одной из самых ожидаемых игр в истории студии.</p>
<p><br></p>
<p>ИДЕАЛЬНЫЙ СИМУЛЯТОР ОБЩЕСТВА</p>
<p>-Управляйте любой из десятков стран мира в период с 1836 по 1936 год. Сельское хозяйство или промышленность, верность традициям или радикальные реформы, мирная жизнь или завоевания — выбор за вами!</p>
<p><br></p>
<p>-Помните, что у каждой группы населения свои политические воззрения и экономические проблемы.</p>
<p><br></p>
<p>-Создайте прогрессивное общество с помощью правительственных реформ и обновлений конституции или встаньте на защиту традиционных ценностей от революционных потрясений.</p>
<p><br></p>
<p>-Исследуйте новые технологии и изучайте новые идеи, чтобы помочь развитию своей страны.</p>
<p><br></p>
<p>СЛОЖНАЯ ЭКОНОМИЧЕСКАЯ СИСТЕМА</p>
<p>-Развивайте промышленность и торговлю, облагайте прибыль налогами и повышайте национальное благосостояние.</p>
<p><br></p>
<p>-Импортируйте дешевое сырье для обеспечения основных нужд и ищите новые рынки для сбыта товаров.</p>
<p><br></p>
<p>-Регулируйте оборот важнейших товаров, чтобы поддерживать свою экономику и влиять на судьбы империй.</p>
<p><br></p>
<p>-Используйте дешевую рабочую силу, но не забывайте о потребности рынка в квалифицированных сотрудниках.</p>
<p><br></p>
<p>ИГРАЙТЕ НА МИРОВОЙ СЦЕНЕ</p>
<p>-Дергайте за ниточки в запутанной дипломатической паутине, плетите интриги, создавайте союзы, ссорьте и мирите, укрепляйте свои позиции в мире.</p>
<p><br></p>
<p>-Используйте угрозы, военное превосходство и блеф, чтобы заставить врагов отступить.</p>
<p><br></p>
<p>-Развивайте экономику и армию за счет противников.</p>
<p><br></p>
<p>-Развивайте промышленность или завоевывайте новые территории, чтобы укрепить свою репутацию и заслужить уважение конкурентов.</p>
'
  WHERE
    app_id = 1254.0 AND title = 'Описание'
;

  UPDATE tabs
  SET
    content = '
<p>ОС: Catalina (Mac OS 10.15)</p>
<p>Процессор: Intel® Core™ i5-6500</p>
<p>Оперативная память: 8 GB ОЗУ</p>
<p>Видеокарта: AMD® Radeon™ R9 M380 (2GB)</p>
<p>Место на диске: 10 GB</p>
',
    content_local = '
<p>ОС: Catalina (Mac OS 10.15)</p>
<p>Процессор: Intel® Core™ i5-6500</p>
<p>Оперативная память: 8 GB ОЗУ</p>
<p>Видеокарта: AMD® Radeon™ R9 M380 (2GB)</p>
<p>Место на диске: 10 GB</p>
'
  WHERE
    app_id = 1254.0 AND title = 'Мин. требования'
;

  UPDATE tabs
  SET
    content = '
<p>Victoria II Remastered Songs<br>American Buildings Pack<br>Expansion Pass<br>Voice of the People<br>Melodies for the Masses Music Pack<br>French Agitators Bonus Pack<br>Dawn of Wonder<br>Sphere of Influence<br>Colossus of the South</p>
',
    content_local = '
<p>Victoria II Remastered Songs<br>American Buildings Pack<br>Expansion Pass<br>Voice of the People<br>Melodies for the Masses Music Pack<br>French Agitators Bonus Pack<br>Dawn of Wonder<br>Sphere of Influence<br>Colossus of the South</p>
'
  WHERE
    app_id = 1254.0 AND title = 'DLC'
;

  UPDATE download_info
  SET
    content_local = '<p>Запустите скачанный образ и перетащите приложение в ярлык папки Программы (Applications).</p>
<p>После завершения копирования, приложение можно запустить через Launchpad.</p>',
    content = '<p>Запустите скачанный образ и перетащите приложение в ярлык папки Программы (Applications).</p>
<p>После завершения копирования, приложение можно запустить через Launchpad.</p>'
  WHERE
    app_id = 1254.0
;

      INSERT OR REPLACE INTO download_links (app_id, title, href, title_local, version)
      VALUES (1254.0, 'Скачать с MediaFire', 'https://www.mediafire.com/file/elq7z8k3k4vntd3/Victoria.3.v1.5.7.Incl.DLC.MacOS.dmg/file', '下载 MediaFire', '1.5.7')
  ;

      INSERT OR REPLACE INTO download_links (app_id, title, href, title_local, version)
      VALUES (1254.0, 'Скачать с OneDrive', 'https://vziq-my.sharepoint.com/:u:/g/personal/7_vziq_onmicrosoft_com/ET_udD5TpatOr_Z27zEdV3kBySjUB6CizQAcwU6q0A6gNA?e=82UWoI', '下载 OneDrive', '1.5.7')
  ;

    INSERT INTO older_versions (app_id, title, url, title_local)
    VALUES (1254.0, 'Victoria 3 v1.4.2', 'https://www.mediafire.com/file/ljhgiumyu1g6ht9/Victoria.3.v1.4.2.Incl.DLC.MacOS.dmg/file', NULL)
;

    UPDATE app
    SET
        name = 'Dicey Dungeons',
        bg_image = 'https://appstorrent.ru/uploads/posts/2021-11/1635721111_diceydungeons_cover.jpg',
        icon = 'https://appstorrent.ru/uploads/posts/2021-11/1635720762_diceydungeons_icon.png',
        version = '2.1 (58189)',
        description = '
ИгрыИнди-игрыСтратегии
',
        description_local = '',
        detail_url = 'https://appstorrent.ru/757-dicey-dungeons.html',
        file_size = '436 MB',
        developer = 'Terry Cavanagh',
        activation = 'DRM-FREE (без защиты)',
        compatibility = '',
        architecture = 'x86 (64-bit)',
        published_date = '2023/11/22',
        releaseDate = '',
        note = '',
        views = '15641',
        link = 'https://anonim.xyz/go/https://diceydungeons.com/',
        detail_version = '2.1 (58189)',
        banner = '["https://appstorrent.ru/uploads/posts/2021-11/1635721118_3.jpg","https://appstorrent.ru/uploads/posts/2021-11/1635721119_1.jpg","https://appstorrent.ru/uploads/posts/2021-11/1635721118_4.jpg","https://appstorrent.ru/uploads/posts/2021-11/1635721119_2.jpg"]'
    WHERE
        id = 1424.0
    ;

  UPDATE tabs
  SET
    content = '
<p>Dicey Dungeons – стратегический игровой проект, который отправит тебя в мир фентези и столкнет с незабываемыми приключениями. Ты возьмёшь на себя исполнение роли отважного героя, который отправится в далёкое, опасное, но в то же время очень увлекательное путешествие. Ты станешь частью необычного мира, в котором все процессы и принятие важных решений создаётся путем подбрасывания кубика. Исследуй мир вокруг себя, находи полезные предметы и изучай новые навыки. Сталкивался с многочисленными испытаниями, решить которые можно лишь с помощью смекалки и умений мыслить стратегически. Бросая кубик, ты ее сумеешь предугадать будущее, поэтому всегда будь готов к самым неожиданным поворотам событий. Для начала выбери подходящего героя для себя, которых в игре шесть типов, каждый со своими характеристиками и отличиями. В мире установлены особые правила, и чтобы добиться успеха тебе необходимо их придерживаться. Не обойдется и без сражений с серьезными оппонентами, которые готовы сделать все возможное, дабы уничтожить тебя на месте. Улучшай главного героя, проходи испытания и изучи каждую локацию, чтобы добиться поставленной цели.</p>
<p><br></p>
<p>Играй за шесть разных персонажей с уникальными способностями и стилями игры.</p>
<p>Вор каждый ход похищает у врага случайное оснащение!</p>
<p>Робот получает кубики, играя в блэкджек на везение!</p>
<p>Инженер полон творческих идей и после каждого боя уничтожает свое оснащение, чтобы собрать из деталей новое мощное устройство!</p>
<p>и многие другие!</p>
<p>Освой каждый класс и сам решай, какой лучше подходит твоему стилю игры в этом чарующем мире, где открывается всё больше секретов и сюжетных поворотов.</p>
<p><br></p>
<p>Удастся ли тебе здесь выжить? Кто знает, ведь удача явно не на твоей стороне!</p>
',
    content_local = '
<p>Dicey Dungeons – стратегический игровой проект, который отправит тебя в мир фентези и столкнет с незабываемыми приключениями. Ты возьмёшь на себя исполнение роли отважного героя, который отправится в далёкое, опасное, но в то же время очень увлекательное путешествие. Ты станешь частью необычного мира, в котором все процессы и принятие важных решений создаётся путем подбрасывания кубика. Исследуй мир вокруг себя, находи полезные предметы и изучай новые навыки. Сталкивался с многочисленными испытаниями, решить которые можно лишь с помощью смекалки и умений мыслить стратегически. Бросая кубик, ты ее сумеешь предугадать будущее, поэтому всегда будь готов к самым неожиданным поворотам событий. Для начала выбери подходящего героя для себя, которых в игре шесть типов, каждый со своими характеристиками и отличиями. В мире установлены особые правила, и чтобы добиться успеха тебе необходимо их придерживаться. Не обойдется и без сражений с серьезными оппонентами, которые готовы сделать все возможное, дабы уничтожить тебя на месте. Улучшай главного героя, проходи испытания и изучи каждую локацию, чтобы добиться поставленной цели.</p>
<p><br></p>
<p>Играй за шесть разных персонажей с уникальными способностями и стилями игры.</p>
<p>Вор каждый ход похищает у врага случайное оснащение!</p>
<p>Робот получает кубики, играя в блэкджек на везение!</p>
<p>Инженер полон творческих идей и после каждого боя уничтожает свое оснащение, чтобы собрать из деталей новое мощное устройство!</p>
<p>и многие другие!</p>
<p>Освой каждый класс и сам решай, какой лучше подходит твоему стилю игры в этом чарующем мире, где открывается всё больше секретов и сюжетных поворотов.</p>
<p><br></p>
<p>Удастся ли тебе здесь выжить? Кто знает, ведь удача явно не на твоей стороне!</p>
'
  WHERE
    app_id = 1424.0 AND title = 'Описание'
;

  UPDATE tabs
  SET
    content = '
<p>ОС: OS X version 10.12 Sierra or later</p>
<p>Процессор: Intel Mac 2 GHz</p>
<p>Оперативная память: 4 GB ОЗУ</p>
<p>Место на диске: 1 GB</p>
',
    content_local = '
<p>ОС: OS X version 10.12 Sierra or later</p>
<p>Процессор: Intel Mac 2 GHz</p>
<p>Оперативная память: 4 GB ОЗУ</p>
<p>Место на диске: 1 GB</p>
'
  WHERE
    app_id = 1424.0 AND title = 'Мин. требования'
;

  UPDATE download_info
  SET
    content_local = '<p>Запустите скачанный пакет и выполните стандартную процедуру установки.</p>
<p>Установка завершается выбором места для размещения игры.</p>
<p>Рекомендуется указывать папку Программы (Applications).</p>',
    content = '<p>Запустите скачанный пакет и выполните стандартную процедуру установки.</p>
<p>Установка завершается выбором места для размещения игры.</p>
<p>Рекомендуется указывать папку Программы (Applications).</p>'
  WHERE
    app_id = 1424.0
;

      INSERT OR REPLACE INTO download_links (app_id, title, href, title_local, version)
      VALUES (1424.0, 'Прямая ссылка на скачивание', 'https://vk.com/doc781359414_672838377', '直接链接下载安装程序', '2.1 (58189)')
  ;

    INSERT INTO older_versions (app_id, title, url, title_local)
    VALUES (1424.0, 'Dicey Dungeons 2.0.1 (57307)', 'https://vk.com/doc249553273_642141547', NULL)
;

    UPDATE app
    SET
        name = 'Hacknet',
        bg_image = 'https://appstorrent.ru/uploads/posts/2022-02/1645533828_hacknet.jpg',
        icon = 'https://appstorrent.ru/uploads/posts/2022-02/1645465489_hacknet.png',
        version = '5.069 (26365)',
        description = '
ИгрыСимуляторы
',
        description_local = '',
        detail_url = 'https://appstorrent.ru/883-hacknet.html',
        file_size = '362 MB',
        developer = 'Team Fractal Alligator',
        activation = 'DRM-FREE (без защиты)',
        compatibility = '',
        architecture = 'x86 (64-bit)',
        published_date = '2023/11/20',
        releaseDate = '',
        note = '',
        views = '15648',
        link = 'https://anonim.xyz/go/https://hacknet-os.com',
        detail_version = '5.069 (26365)',
        banner = '["https://appstorrent.ru/uploads/posts/2022-02/1645465653_1.jpg","https://appstorrent.ru/uploads/posts/2022-02/1645465653_2.jpg","https://appstorrent.ru/uploads/posts/2022-02/1645465654_3.jpg","https://appstorrent.ru/uploads/posts/2022-02/1645465654_4.jpg"]'
    WHERE
        id = 1591.0
    ;

  UPDATE tabs
  SET
    content = '
<p>Hacknet – это увлекательный и вдумчивый симулятор хакера. На компьютер главного героя внезапно начинают приходить таинственные инструкции от гениального взломщика, который недавно скончался. По официальным сведениям – от несчастного случая, но кто поверит этим журналистам? Придется нырнуть в кроличью нору, зарыться в самые глубины кода и докопаться до правды!</p>
<p><br></p>
<p>Хакер Бит, создатель одной из самых всеохватных систем безопасности в мире, погиб. Спустя 14 суток после его отсутствия в системе включилась автоматическая служба контроля безопасности и начала отсылать инструкции одинокому пользователю – то есть, вам. Вам предстоит распутать тайну и не дать секретам Hacknet-OS попасть в руки злоумышленников.</p>
<p><br></p>
<p>Hacknet не только предлагает симуляцию взлома, максимально приближенную к реальности: в этой игре затрагиваются актуальные вопросы сохранности частной жизни, корпоративной жадности и могущества невидимых хакеров. Для новичков предусмотрена дружелюбная система помощи, которая поможет разобраться в приложениях и командах, многие из которых существуют в реальности.</p>
<p><br></p>
<p>Настоящий взлом: в игре используются реально существующие UNIX-команды, никакого "голливудского" взлома! Опыт, который вы получите в игре, максимально приближен к жизни.</p>
<p><br></p>
<p>Разгадайте тайну Бита: гениальный хакер умер, но в истории его гибели что-то не сходится. Вам предстоит проникнуть в подпольный мир хакеров и докопаться до правды.</p>
<p><br></p>
<p>Полное погружение: в этой игре нет "уровней" или какой-либо другой структуры, знакомой поклонникам видеоигр. Есть инструкции от Бита, есть разрозненные улики и каждая новая отгадка ведет к новым загадкам, все глубже и глубже в кроличью нору.</p>
<p><br></p>
<p>Доступная, но не простая: в игре над многим предстоит поломать голову и разработчики предоставляют пользователям массу свободы, однако новичкам будет предложена удобная система обучения, которая поможет плавно превратиться из "ламера" в хакера.</p>
<p><br></p>
<p>Взламывайте стильно под музыку известных артистов андерграунд-сцены, включая Carpenter Brut (Hotline Miami) и Remi Gallego (AKA The Algorithm).</p>
<p><br></p>
<p>Саундтрек записан в сотрудничестве с The Otherworld Agency.</p>
<p><br></p>
<p>Создавайте свои собственные кампании, системы, сети, узлы, темы, музыку и сюжетные миссии с помощью инструмента для создания модификаций Hacknet Extensions.</p>
',
    content_local = '
<p>Hacknet – это увлекательный и вдумчивый симулятор хакера. На компьютер главного героя внезапно начинают приходить таинственные инструкции от гениального взломщика, который недавно скончался. По официальным сведениям – от несчастного случая, но кто поверит этим журналистам? Придется нырнуть в кроличью нору, зарыться в самые глубины кода и докопаться до правды!</p>
<p><br></p>
<p>Хакер Бит, создатель одной из самых всеохватных систем безопасности в мире, погиб. Спустя 14 суток после его отсутствия в системе включилась автоматическая служба контроля безопасности и начала отсылать инструкции одинокому пользователю – то есть, вам. Вам предстоит распутать тайну и не дать секретам Hacknet-OS попасть в руки злоумышленников.</p>
<p><br></p>
<p>Hacknet не только предлагает симуляцию взлома, максимально приближенную к реальности: в этой игре затрагиваются актуальные вопросы сохранности частной жизни, корпоративной жадности и могущества невидимых хакеров. Для новичков предусмотрена дружелюбная система помощи, которая поможет разобраться в приложениях и командах, многие из которых существуют в реальности.</p>
<p><br></p>
<p>Настоящий взлом: в игре используются реально существующие UNIX-команды, никакого "голливудского" взлома! Опыт, который вы получите в игре, максимально приближен к жизни.</p>
<p><br></p>
<p>Разгадайте тайну Бита: гениальный хакер умер, но в истории его гибели что-то не сходится. Вам предстоит проникнуть в подпольный мир хакеров и докопаться до правды.</p>
<p><br></p>
<p>Полное погружение: в этой игре нет "уровней" или какой-либо другой структуры, знакомой поклонникам видеоигр. Есть инструкции от Бита, есть разрозненные улики и каждая новая отгадка ведет к новым загадкам, все глубже и глубже в кроличью нору.</p>
<p><br></p>
<p>Доступная, но не простая: в игре над многим предстоит поломать голову и разработчики предоставляют пользователям массу свободы, однако новичкам будет предложена удобная система обучения, которая поможет плавно превратиться из "ламера" в хакера.</p>
<p><br></p>
<p>Взламывайте стильно под музыку известных артистов андерграунд-сцены, включая Carpenter Brut (Hotline Miami) и Remi Gallego (AKA The Algorithm).</p>
<p><br></p>
<p>Саундтрек записан в сотрудничестве с The Otherworld Agency.</p>
<p><br></p>
<p>Создавайте свои собственные кампании, системы, сети, узлы, темы, музыку и сюжетные миссии с помощью инструмента для создания модификаций Hacknet Extensions.</p>
'
  WHERE
    app_id = 1591.0 AND title = 'Описание'
;

  UPDATE tabs
  SET
    content = '
<p>Система: Mac OS 10.9.0</p>
<p>Процессор: 2.0 GHz</p>
<p>Память: 512 MB RAM</p>
<p>Графика: OpenGL 3.0+ (2.1 with ARB extensions acceptable)</p>
<p>Хранение: 500 MB</p>
',
    content_local = '
<p>Система: Mac OS 10.9.0</p>
<p>Процессор: 2.0 GHz</p>
<p>Память: 512 MB RAM</p>
<p>Графика: OpenGL 3.0+ (2.1 with ARB extensions acceptable)</p>
<p>Хранение: 500 MB</p>
'
  WHERE
    app_id = 1591.0 AND title = 'Мин. требования'
;

  UPDATE tabs
  SET
    content = '
<p>Labyrinths</p>
',
    content_local = '
<p>Labyrinths</p>
'
  WHERE
    app_id = 1591.0 AND title = 'DLC'
;

  UPDATE download_info
  SET
    content_local = '<p>Запустите скачанный образ и выполните стандартную процедуру установки.</p>
<p>Установка завершается выбором места для размещения игры.</p>
<p>Рекомендуется указывать папку Программы (Applications).</p>',
    content = '<p>Запустите скачанный образ и выполните стандартную процедуру установки.</p>
<p>Установка завершается выбором места для размещения игры.</p>
<p>Рекомендуется указывать папку Программы (Applications).</p>'
  WHERE
    app_id = 1591.0
;

      INSERT OR REPLACE INTO download_links (app_id, title, href, title_local, version)
      VALUES (1591.0, 'Прямая ссылка на скачивание', 'https://vk.com/doc781359414_672780316', '直接链接下载安装程序', '5.069 (26365)')
  ;

    UPDATE app
    SET
        name = 'DxO PhotoLab 7',
        bg_image = 'https://appstorrent.ru/templates/appstorrent-4ac2e09b1a/assets/img/bg.webp',
        icon = 'https://appstorrent.ru/uploads/posts/2023-01/1673586138_icon.webp',
        version = '7.1.1.38',
        description = 'Фоторедактор',
        description_local = '',
        detail_url = 'https://appstorrent.ru/1092-dxo-photolab.html',
        file_size = '753 MB',
        developer = 'DxO Labs',
        activation = 'K''ed by TNT team',
        compatibility = 'macOS 12.6及以上版本',
        architecture = 'x86 (64-bit)',
        published_date = '2023/11/20',
        releaseDate = '',
        note = '',
        views = '43185',
        link = 'https://anonim.xyz/go/https://www.dxo.com/dxo-photolab/',
        detail_version = '7.1.1.38',
        banner = '["https://appstorrent.ru/uploads/posts/2022-12/1653116172_1.jpg","https://appstorrent.ru/uploads/posts/2022-05/1653116172_2.jpg","https://appstorrent.ru/uploads/posts/2022-05/1653116172_3.jpg"]'
    WHERE
        id = 1776.0
    ;

  UPDATE download_info
  SET
    content_local = '<p>Смонтируйте образ и запустите&nbsp;Open Gatekeeper friendly.</p>
<p>Нажмите Enter для обхода Gatekeeper в окне Терминал.</p>
<p>Перетащите приложение в папку Программы (Applications).</p>
<p>Приложение готово к использованию.</p>',
    content = '<p>Смонтируйте образ и запустите&nbsp;Open Gatekeeper friendly.</p>
<p>Нажмите Enter для обхода Gatekeeper в окне Терминал.</p>
<p>Перетащите приложение в папку Программы (Applications).</p>
<p>Приложение готово к использованию.</p>'
  WHERE
    app_id = 1776.0
;

      INSERT OR REPLACE INTO download_links (app_id, title, href, title_local, version)
      VALUES (1776.0, 'Прямая ссылка на скачивание', 'https://vk.com/doc781359414_672868613', '直接链接下载安装程序', '7.1.1.38')
  ;

    UPDATE app
    SET
        name = 'Native Instruments Komplete Kontrol',
        bg_image = 'https://appstorrent.ru/templates/appstorrent-4ac2e09b1a/assets/img/bg.webp',
        icon = NULL,
        version = '3.0.3',
        description = '
VST, FL Studio
',
        description_local = '',
        detail_url = 'https://appstorrent.ru/2399-native-instruments-komplete-kontrol.html',
        file_size = '386 MB',
        developer = 'Native Instruments',
        activation = 'K''ed by TEAM HCiSO',
        compatibility = 'macOS 12及以上版本',
        architecture = 'ARMx86 (64-bit)',
        published_date = '2023/11/22',
        releaseDate = '',
        note = '',
        views = '4042',
        link = 'https://anonim.xyz/go/https://www.native-instruments.com/en/products/komplete/bundles/komplete-kontrol/',
        detail_version = '3.0.3',
        banner = '["https://www.youtube.com/embed/Zu2eQrkwrMI?enablejsapi=1","https://appstorrent.ru/uploads/posts/2023-07/av.webp"]'
    WHERE
        id = 1904.0
    ;

  UPDATE download_info
  SET
    content_local = '<p>Запустите скачанный образ и перетащите приложение в ярлык папки Программы (Applications).</p>
<p>После завершения копирования, приложение можно запустить через Launchpad.</p>',
    content = '<p>Запустите скачанный образ и перетащите приложение в ярлык папки Программы (Applications).</p>
<p>После завершения копирования, приложение можно запустить через Launchpad.</p>'
  WHERE
    app_id = 1904.0
;

      INSERT OR REPLACE INTO download_links (app_id, title, href, title_local, version)
      VALUES (1904.0, 'Прямая ссылка на скачивание', 'https://vk.com/doc781359414_672867677', '直接链接下载安装程序', '3.0.3')
  ;

    INSERT INTO older_versions (app_id, title, url, title_local)
    VALUES (1904.0, 'Native Instruments Komplete Kontrol 3.0.2 [HCiSO] для macOS 12 и новее', 'https://vk.com/doc781359414_672315023', 'Native Instruments Komplete Kontrol 3.0.2 [HCiSO] 适用于 macOS 12 及以上版本')
;

    UPDATE app
    SET
        name = 'KORG Software Modwave Native',
        bg_image = 'https://appstorrent.ru/templates/appstorrent-4ac2e09b1a/assets/img/bg.webp',
        icon = NULL,
        version = '1.1.3',
        description = '
VST, FL Studio
',
        description_local = '',
        detail_url = 'https://appstorrent.ru/2014-korg-software-modwave-native.html',
        file_size = '116 MB',
        developer = 'KORG',
        activation = 'Не требуется',
        compatibility = 'macOS 10.12及以上版本',
        architecture = '',
        published_date = '2023/11/16',
        releaseDate = '',
        note = '',
        views = '2751',
        link = 'https://anonim.xyz/go/https://www.korg.com/ro/products/software/modwave_native/',
        detail_version = '1.1.3',
        banner = '["https://www.youtube.com/embed/NYzk3sjh0gU?enablejsapi=1","https://appstorrent.ru/uploads/posts/2022-12/1670579012_8c5384bb11a3984600526760e37394af_pc-kopija.webp"]'
    WHERE
        id = 2165.0
    ;

  UPDATE tabs
  SET
    content = '
<p>Modwave Native Wavetable Synthesizer - мощный синтезатор с характерными волновыми тембрами, Kaoss Physics и Motion Sequencing 2.0. Modwave, выпущенный в 2021 году, основан на наследии DW и превращает его в современный синтезатор-монстр с невероятно глубокими волновыми генераторами, великолепными фильтрами, невероятно гибкой модуляцией, сложным секвенсором паттернов и элементами управления макросами для создания уникальных, мощных и легко настраиваемых инструментов.</p>
<p><br></p>
<p>Что такое волновая таблица?</p>
<p>Волновые таблицы представляют собой наборы одноцикловых цифровых сигналов, расположенных в определенном порядке. «Позиция» волновой таблицы определяет, какая форма волны воспроизводится. Перемещение позиции с помощью огибающей, LFO или другого источника модуляции приводит к тонким или резким изменениям тембра. Некоторые волновые системы резко переключаются с одной формы волны на другую; другие плавно затухают между ними. Modwave может сделать любой из них.</p>
<p><br></p>
<p>Модификаторы</p>
<p>Используйте более 30 модификаторов, чтобы изменить характер любой волновой таблицы во время загрузки. Например, изолируйте нечетные или четные гармоники, добавьте веса с помощью квантования или насыщения со сглаживанием или пересмотрите грубый характер олдскульных волновых синтезаторов с помощью опций Vintage 8 и 12.</p>
<p><br></p>
<p>Morph</p>
<p>13 типов Morph позволяют растягивать, сжимать, отражать и иным образом изменять волновые таблицы в реальном времени, изменяя их тембр и — при модуляции — создавая дополнительное движение в звуке. Синхронизация создает классические тембры со свип-синхронизацией, используя только один осциллятор. Три специальных типа Morph — FM, AM и Ring Mod — модулируют Osc 2 с Osc 1, а последние два применяются даже к семплам.</p>
<p><br></p>
<p>Смешение A/B</p>
<p>Используя уникальный режим A/B, осцилляторы могут смешивать любые две волновые таблицы с фазово-синхронной точностью — в отличие от простого наложения голосов — открывая измерение промежуточных волновых форм. Например, добавьте тело к «тонким» волновым формам или немного шипения к мягкому тембру. Даже затухание между двумя разными версиями «модификаторов» одной и той же волновой таблицы. Конечно, смесь A/B можно модулировать в реальном времени.</p>
',
    content_local = '
<p>Modwave Native Wavetable Synthesizer - мощный синтезатор с характерными волновыми тембрами, Kaoss Physics и Motion Sequencing 2.0. Modwave, выпущенный в 2021 году, основан на наследии DW и превращает его в современный синтезатор-монстр с невероятно глубокими волновыми генераторами, великолепными фильтрами, невероятно гибкой модуляцией, сложным секвенсором паттернов и элементами управления макросами для создания уникальных, мощных и легко настраиваемых инструментов.</p>
<p><br></p>
<p>Что такое волновая таблица?</p>
<p>Волновые таблицы представляют собой наборы одноцикловых цифровых сигналов, расположенных в определенном порядке. «Позиция» волновой таблицы определяет, какая форма волны воспроизводится. Перемещение позиции с помощью огибающей, LFO или другого источника модуляции приводит к тонким или резким изменениям тембра. Некоторые волновые системы резко переключаются с одной формы волны на другую; другие плавно затухают между ними. Modwave может сделать любой из них.</p>
<p><br></p>
<p>Модификаторы</p>
<p>Используйте более 30 модификаторов, чтобы изменить характер любой волновой таблицы во время загрузки. Например, изолируйте нечетные или четные гармоники, добавьте веса с помощью квантования или насыщения со сглаживанием или пересмотрите грубый характер олдскульных волновых синтезаторов с помощью опций Vintage 8 и 12.</p>
<p><br></p>
<p>Morph</p>
<p>13 типов Morph позволяют растягивать, сжимать, отражать и иным образом изменять волновые таблицы в реальном времени, изменяя их тембр и — при модуляции — создавая дополнительное движение в звуке. Синхронизация создает классические тембры со свип-синхронизацией, используя только один осциллятор. Три специальных типа Morph — FM, AM и Ring Mod — модулируют Osc 2 с Osc 1, а последние два применяются даже к семплам.</p>
<p><br></p>
<p>Смешение A/B</p>
<p>Используя уникальный режим A/B, осцилляторы могут смешивать любые две волновые таблицы с фазово-синхронной точностью — в отличие от простого наложения голосов — открывая измерение промежуточных волновых форм. Например, добавьте тело к «тонким» волновым формам или немного шипения к мягкому тембру. Даже затухание между двумя разными версиями «модификаторов» одной и той же волновой таблицы. Конечно, смесь A/B можно модулировать в реальном времени.</p>
'
  WHERE
    app_id = 2165.0 AND title = 'Описание'
;

  UPDATE download_info
  SET
    content_local = '<p>Смонтируйте скачанный образ и выполните стандартную процедуру установки.</p>',
    content = '<p>Смонтируйте скачанный образ и выполните стандартную процедуру установки.</p>'
  WHERE
    app_id = 2165.0
;

      INSERT OR REPLACE INTO download_links (app_id, title, href, title_local, version)
      VALUES (2165.0, 'Прямая ссылка на скачивание', 'https://vk.com/doc781359414_672623314', '直接链接下载安装程序', '1.1.3')
  ;

    INSERT INTO older_versions (app_id, title, url, title_local)
    VALUES (2165.0, 'KORG Software Modwave Native 1.0.0', 'https://vk.com/s/v1/doc/tGGKYWfkpyYcGyVWrYrzN1LXF8jTFR0rtgk6LNqnG_9PZOKeHUI', NULL)
;

    UPDATE app
    SET
        name = 'DxO PhotoLab 7',
        bg_image = 'https://appstorrent.ru/templates/appstorrent-4ac2e09b1a/assets/img/bg.webp',
        icon = 'https://appstorrent.ru/uploads/posts/2023-01/1673586138_icon.webp',
        version = '7.1.1.38',
        description = 'Фоторедактор',
        description_local = '',
        detail_url = 'https://appstorrent.ru/1092-dxo-photolab.html',
        file_size = '753 MB',
        developer = 'DxO Labs',
        activation = 'K''ed by TNT team',
        compatibility = 'macOS 12.6及以上版本',
        architecture = 'x86 (64-bit)',
        published_date = '2023/11/20',
        releaseDate = '',
        note = '',
        views = '43192',
        link = 'https://anonim.xyz/go/https://www.dxo.com/dxo-photolab/',
        detail_version = '7.1.1.38',
        banner = '["https://appstorrent.ru/uploads/posts/2022-12/1653116172_1.jpg","https://appstorrent.ru/uploads/posts/2022-05/1653116172_2.jpg","https://appstorrent.ru/uploads/posts/2022-05/1653116172_3.jpg"]'
    WHERE
        id = 2479.0
    ;

  UPDATE download_info
  SET
    content_local = '<p>Смонтируйте образ и запустите&nbsp;Open Gatekeeper friendly.</p>
<p>Нажмите Enter для обхода Gatekeeper в окне Терминал.</p>
<p>Перетащите приложение в папку Программы (Applications).</p>
<p>Приложение готово к использованию.</p>',
    content = '<p>Смонтируйте образ и запустите&nbsp;Open Gatekeeper friendly.</p>
<p>Нажмите Enter для обхода Gatekeeper в окне Терминал.</p>
<p>Перетащите приложение в папку Программы (Applications).</p>
<p>Приложение готово к использованию.</p>'
  WHERE
    app_id = 2479.0
;

      INSERT OR REPLACE INTO download_links (app_id, title, href, title_local, version)
      VALUES (2479.0, 'Прямая ссылка на скачивание', 'https://vk.com/doc781359414_672868613', '直接链接下载安装程序', '7.1.1.38')
  ;

    UPDATE app
    SET
        name = 'ON1 Photo RAW 2024',
        bg_image = 'https://appstorrent.ru/uploads/posts/2022-10/1665303270_cover.webp',
        icon = 'https://appstorrent.ru/uploads/posts/2023-11/vyayayv.webp',
        version = '18.0.4.14762',
        description = 'Фоторедактор',
        description_local = '',
        detail_url = 'https://appstorrent.ru/422-on1-photo-raw.html',
        file_size = '4,5 GB',
        developer = 'ON1 Inc.',
        activation = 'K''ed by TNT team',
        compatibility = 'macOS 10.15及以上版本',
        architecture = 'ARMx86 (64-bit)',
        published_date = '2023/11/22',
        releaseDate = '',
        note = '',
        views = '77620',
        link = 'https://anonim.xyz/go/https://www.on1.com/products/photo-raw/',
        detail_version = '18.0.4.14762',
        banner = '["https://appstorrent.ru/uploads/posts/2022-12/1665303731_1.webp","https://appstorrent.ru/uploads/posts/2022-10/1665303732_2.webp","https://appstorrent.ru/uploads/posts/2022-10/1665303733_3.webp","https://appstorrent.ru/uploads/posts/2022-10/1665303733_4.webp"]'
    WHERE
        id = 2503.0
    ;

  UPDATE download_info
  SET
    content_local = '<p>Смонтируйте образ и запустите Open Gatekeeper friendly.</p>
<p>Нажмите Enter для обхода Gatekeeper в окне Терминал.</p>
<p>Выполните стандартную процедуру установки.</p>
<p>Приложение готово к использованию.</p>',
    content = '<p>Смонтируйте образ и запустите Open Gatekeeper friendly.</p>
<p>Нажмите Enter для обхода Gatekeeper в окне Терминал.</p>
<p>Выполните стандартную процедуру установки.</p>
<p>Приложение готово к использованию.</p>'
  WHERE
    app_id = 2503.0
;

      INSERT OR REPLACE INTO download_links (app_id, title, href, title_local, version)
      VALUES (2503.0, 'Скачать с Medifire', 'https://www.mediafire.com/file/8sfiufjx23xgrmt/ON1_Photo_RAW_MAX_2024_v18.0.4.14762_%255BTNT%255D.dmg/file', '下载 Medifire', '18.0.4.14762')
  ;

      INSERT OR REPLACE INTO download_links (app_id, title, href, title_local, version)
      VALUES (2503.0, 'Скачать с OneDrive', 'https://vziq-my.sharepoint.com/:u:/g/personal/7_vziq_onmicrosoft_com/ETgIeS3pcT5DnSZ1UADN28sB2Qk8BJHHdtlIWjexbI65pQ?e=BbyCKM', '下载 OneDrive', '18.0.4.14762')
  ;

    UPDATE app
    SET
        name = 'Moonstone Island',
        bg_image = 'https://appstorrent.ru/uploads/posts/2023-10/fsdfsdfsdfdsf.webp',
        icon = 'https://appstorrent.ru/uploads/posts/2023-10/fdsfdsfsdfds.webp',
        version = '1.1.1745',
        description = '
ИгрыПриключения
',
        description_local = '',
        detail_url = 'https://appstorrent.ru/2626-moonstone-island.html',
        file_size = '244 MB',
        developer = 'Studio Supersoft',
        activation = 'Не требуется',
        compatibility = '',
        architecture = 'x86 (64-bit)',
        published_date = '2023/11/20',
        releaseDate = '',
        note = '',
        views = '3272',
        link = 'https://anonim.xyz/go/',
        detail_version = '1.1.1745',
        banner = '["https://appstorrent.ru/uploads/posts/2023-10/ss_0838aece31e9de152fccaa132855ba16e8e24c77_1920x1080.webp","https://appstorrent.ru/uploads/posts/2023-10/ss_e1889c650ee856d049eee5bcf0ec6b84218c9c91_1920x1080.webp","https://appstorrent.ru/uploads/posts/2023-10/ss_e2e10f28b6de16403ff62f78de5dffd884b27dab_1920x1080.webp","https://appstorrent.ru/uploads/posts/2023-10/ss_9d7265914b7f05376461641f854ec146b9b1e4e1_1920x1080.webp"]'
    WHERE
        id = 2504.0
    ;

  UPDATE download_info
  SET
    content_local = '<p>Запустите скачанный образ и перетащите приложение в ярлык папки Программы (Applications).<br>После завершения копирования, приложение можно запустить через Launchpad.</p>',
    content = '<p>Запустите скачанный образ и перетащите приложение в ярлык папки Программы (Applications).<br>После завершения копирования, приложение можно запустить через Launchpad.</p>'
  WHERE
    app_id = 2504.0
;

      INSERT OR REPLACE INTO download_links (app_id, title, href, title_local, version)
      VALUES (2504.0, 'Прямая ссылка на скачивание', 'https://vk.com/doc781359414_672780492', '直接链接下载安装程序', '1.1.1745')
  ;

    INSERT INTO older_versions (app_id, title, url, title_local)
    VALUES (2504.0, 'Moonstone Island 1.0.1679', 'https://vk.com/doc781359414_672026121', NULL)
;

    UPDATE app
    SET
        name = 'Energiza Pro',
        bg_image = 'https://appstorrent.ru/templates/appstorrent-4ac2e09b1a/assets/img/bg.webp',
        icon = 'https://appstorrent.ru/uploads/posts/2023-10/ormilor.webp',
        version = '1.3.1',
        description = 'Управление аккумулятором',
        description_local = '',
        detail_url = 'https://appstorrent.ru/2564-energiza-pro.html',
        file_size = '22 MB',
        developer = 'Appgineers',
        activation = 'K''ed by TNT team',
        compatibility = 'macOS 10.13及以上版本',
        architecture = 'x86 (64-bit)',
        published_date = '2023/11/20',
        releaseDate = '',
        note = '',
        views = '5030',
        link = 'https://anonim.xyz/go/https://appgineers.de/index.html',
        detail_version = '1.3.1',
        banner = '["https://appstorrent.ru/uploads/posts/2023-10/1286x0w.webp","https://appstorrent.ru/uploads/posts/2023-10/1286x0w-1.webp","https://appstorrent.ru/uploads/posts/2023-10/1286x0w-2.webp","https://appstorrent.ru/uploads/posts/2023-10/1286x0w-3.webp"]'
    WHERE
        id = 2521.0
    ;

              INSERT INTO languages (app_id, name, link, type)
              VALUES (2521.0, 'Английский', 'https://appstorrent.ru/info-lang/%D0%B0%D0%BD%D0%B3%D0%BB%D0%B8%D0%B9%D1%81%D0%BA%D0%B8%D0%B9/', 1.0)
          ;

              INSERT INTO languages (app_id, name, link, type)
              VALUES (2521.0, 'Немецкий', 'https://appstorrent.ru/info-lang/%D0%BD%D0%B5%D0%BC%D0%B5%D1%86%D0%BA%D0%B8%D0%B9/', 1.0)
          ;

  INSERT INTO categories (app_id, content, href, content_local)
  VALUES (2521.0, 'Программы', 'https://appstorrent.ru/programs/', NULL)
;

  INSERT INTO categories (app_id, content, href, content_local)
  VALUES (2521.0, 'Утилиты', 'https://appstorrent.ru/programs/utilities/', NULL)
;

      INSERT INTO tabs (app_id, title, content, content_local)
      VALUES (2521.0, 'Описание', '
<p>С Energiza вы всегда будете в курсе текущего состояния вашего аккумулятора. Energiza предоставляет информацию о текущем состоянии аккумулятора по кончику пальца, прямо из строки меню:</p>
<p><br>- Оставшееся время до разрядки или полной зарядки аккумулятора</p>
<p>- Состояние аккумулятора</p>
<p>- Количество циклов зарядки, которые аккумулятор уже выполнил</p>
<p>- Температура батареи (Вы получите уведомление, если батарея перегреется или переохладится).</p>
<p>- Потребляемая мощность MacBook при работе от аккумулятора</p>
<p>- Мощность, которую выдает зарядное устройство во время зарядки.</p>
<p><br>Вы можете настроить Energiza в соответствии со своими потребностями и отображать наиболее важную информацию прямо в строке меню.</p>
', '
<p>С Energiza вы всегда будете в курсе текущего состояния вашего аккумулятора. Energiza предоставляет информацию о текущем состоянии аккумулятора по кончику пальца, прямо из строки меню:</p>
<p><br>- Оставшееся время до разрядки или полной зарядки аккумулятора</p>
<p>- Состояние аккумулятора</p>
<p>- Количество циклов зарядки, которые аккумулятор уже выполнил</p>
<p>- Температура батареи (Вы получите уведомление, если батарея перегреется или переохладится).</p>
<p>- Потребляемая мощность MacBook при работе от аккумулятора</p>
<p>- Мощность, которую выдает зарядное устройство во время зарядки.</p>
<p><br>Вы можете настроить Energiza в соответствии со своими потребностями и отображать наиболее важную информацию прямо в строке меню.</p>
')
  ;

  INSERT OR REPLACE INTO download_info (app_id, content, content_local)
  VALUES (2521.0, '<p>Смонтируйте образ и запустите&nbsp;Open Gatekeeper friendly.</p>
<p>Нажмите Enter для обхода Gatekeeper в окне Терминал.</p>
<p>Перетащите приложение в папку Программы (Applications).</p>
<p><span style="color:rgb(251,160,38);">ВНИМАНИЕ! Требуется отключение SIP.&nbsp;</span><span style="color:rgb(13,132,251);"><a href="/510-sip.html" target="_blank">Подробнее</a> &gt;</span></p>', '<p>Смонтируйте образ и запустите&nbsp;Open Gatekeeper friendly.</p>
<p>Нажмите Enter для обхода Gatekeeper в окне Терминал.</p>
<p>Перетащите приложение в папку Программы (Applications).</p>
<p><span style="color:rgb(251,160,38);">ВНИМАНИЕ! Требуется отключение SIP.&nbsp;</span><span style="color:rgb(13,132,251);"><a href="/510-sip.html" target="_blank">Подробнее</a> &gt;</span></p>')
;

      INSERT OR REPLACE INTO download_links (app_id, title, href, title_local, version)
      VALUES (2521.0, 'Прямая ссылка на скачивание', 'https://vk.com/doc781359414_672796270', '直接链接下载安装程序', '1.3.1')
  ;

    UPDATE app
    SET
        name = 'Turing Complete',
        bg_image = 'https://appstorrent.ru/templates/appstorrent-4ac2e09b1a/assets/img/bg.webp',
        icon = 'https://appstorrent.ru/uploads/posts/2023-10/fdsfsdfds.webp',
        version = '0.674',
        description = '
ИгрыСимуляторы
',
        description_local = '',
        detail_url = 'https://appstorrent.ru/2668-turing-complete.html',
        file_size = '70 MB',
        developer = 'LevelHead',
        activation = 'Не требуется',
        compatibility = '',
        architecture = 'ARMx86 (64-bit)',
        published_date = '2023/11/21',
        releaseDate = '',
        note = '',
        views = '1529',
        link = 'https://anonim.xyz/go/https://turingcomplete.game/',
        detail_version = '0.674',
        banner = '["https://appstorrent.ru/uploads/posts/2023-10/ss_98c828431dbca7c85d909e8a9f894fe036ca8b0a_1920x1080.webp","https://appstorrent.ru/uploads/posts/2023-10/ss_1bac4bab81311d236e9ce373da10f3f978fffa44_1920x1080.webp","https://appstorrent.ru/uploads/posts/2023-10/ss_11c609c02e242aff7261676d063f732d4fa66653_1920x1080.webp","https://appstorrent.ru/uploads/posts/2023-10/ss_c60bd540cc6586e01b7d3aba3ba33b1c07f222c0_1920x1080.webp"]'
    WHERE
        id = 2522.0
    ;

              INSERT INTO languages (app_id, name, link, type)
              VALUES (2522.0, 'Английский', 'https://appstorrent.ru/info-lang/%D0%B0%D0%BD%D0%B3%D0%BB%D0%B8%D0%B9%D1%81%D0%BA%D0%B8%D0%B9/', 1.0)
          ;

              INSERT INTO languages (app_id, name, link, type)
              VALUES (2522.0, 'Немецкий', 'https://appstorrent.ru/info-lang/%D0%BD%D0%B5%D0%BC%D0%B5%D1%86%D0%BA%D0%B8%D0%B9/', 1.0)
          ;

              INSERT INTO languages (app_id, name, link, type)
              VALUES (2522.0, 'Испанский', 'https://appstorrent.ru/info-lang/%D0%B8%D1%81%D0%BF%D0%B0%D0%BD%D1%81%D0%BA%D0%B8%D0%B9/', 1.0)
          ;

              INSERT INTO languages (app_id, name, link, type)
              VALUES (2522.0, 'Китайский (упр.)', 'https://appstorrent.ru/info-lang/%D0%BA%D0%B8%D1%82%D0%B0%D0%B9%D1%81%D0%BA%D0%B8%D0%B9%20%28%D1%83%D0%BF%D1%80.%29/', 1.0)
          ;

              INSERT INTO languages (app_id, name, link, type)
              VALUES (2522.0, 'Французский', 'https://appstorrent.ru/info-lang/%D1%84%D1%80%D0%B0%D0%BD%D1%86%D1%83%D0%B7%D1%81%D0%BA%D0%B8%D0%B9/', 1.0)
          ;

              INSERT INTO languages (app_id, name, link, type)
              VALUES (2522.0, 'Музыкальное сопровождение', 'https://appstorrent.ru/info-lang-voice/%D0%BC%D1%83%D0%B7%D1%8B%D0%BA%D0%B0%D0%BB%D1%8C%D0%BD%D0%BE%D0%B5%20%D1%81%D0%BE%D0%BF%D1%80%D0%BE%D0%B2%D0%BE%D0%B6%D0%B4%D0%B5%D0%BD%D0%B8%D0%B5/', 2.0)
          ;

  INSERT INTO categories (app_id, content, href, content_local)
  VALUES (2522.0, 'Игры', 'https://appstorrent.ru/games/', NULL)
;

  INSERT INTO categories (app_id, content, href, content_local)
  VALUES (2522.0, 'Симуляторы', 'https://appstorrent.ru/games/simulator/', NULL)
;

      INSERT INTO tabs (app_id, title, content, content_local)
      VALUES (2522.0, 'Описание', '
<p>Все в компьютере может быть построено на основе базового компонента, называемого NAND-затвором. Вам предстоит пройти через ряд головоломок, чтобы обнаружить путь от NAND-затворов к арифметике, памяти и вплоть до полноценных архитектур процессоров. Если вы пройдете эту игру, то получите глубокое представление о том, как связаны между собой ассемблер, наборы инструкций процессора и базовые компоненты. Вы поймете, как такие концепции программирования, как операторы if, циклы и функции, работают в ассемблере и аппаратном обеспечении.</p>
<p><br></p>
<p>Игра построена на мощном симуляторе, который предоставляет вам полную свободу в решении уровней или создании собственных компьютеров. Подключайте экраны, таймеры, звук, клавиатурный ввод и сетевые компоненты, чтобы создать то, что вы хотите. Вы даже можете разработать уникальный язык ассемблера для своего компьютера.</p>
', '
<p>Все в компьютере может быть построено на основе базового компонента, называемого NAND-затвором. Вам предстоит пройти через ряд головоломок, чтобы обнаружить путь от NAND-затворов к арифметике, памяти и вплоть до полноценных архитектур процессоров. Если вы пройдете эту игру, то получите глубокое представление о том, как связаны между собой ассемблер, наборы инструкций процессора и базовые компоненты. Вы поймете, как такие концепции программирования, как операторы if, циклы и функции, работают в ассемблере и аппаратном обеспечении.</p>
<p><br></p>
<p>Игра построена на мощном симуляторе, который предоставляет вам полную свободу в решении уровней или создании собственных компьютеров. Подключайте экраны, таймеры, звук, клавиатурный ввод и сетевые компоненты, чтобы создать то, что вы хотите. Вы даже можете разработать уникальный язык ассемблера для своего компьютера.</p>
')
  ;

      INSERT INTO tabs (app_id, title, content, content_local)
      VALUES (2522.0, 'Мин. требования', '
<p>ОС: 11<br>Процессор: Intel HD 6000<br>Оперативная память: 2 GB ОЗУ<br>Видеокарта: Intel HD 6000<br>Место на диске: 512 MB</p>
', '
<p>ОС: 11<br>Процессор: Intel HD 6000<br>Оперативная память: 2 GB ОЗУ<br>Видеокарта: Intel HD 6000<br>Место на диске: 512 MB</p>
')
  ;

  INSERT OR REPLACE INTO download_info (app_id, content, content_local)
  VALUES (2522.0, '<p>Запустите скачанный образ и перетащите приложение в ярлык папки Программы (Applications).<br>После завершения копирования, приложение можно запустить через Launchpad.</p>
<p><br></p>
<p><span style="color:rgb(230,126,35);">Если игра вылетает на процессорах Apple то запустите с помощью Rosetta</span></p>', '<p>Запустите скачанный образ и перетащите приложение в ярлык папки Программы (Applications).<br>После завершения копирования, приложение можно запустить через Launchpad.</p>
<p><br></p>
<p><span style="color:rgb(230,126,35);">Если игра вылетает на процессорах Apple то запустите с помощью Rosetta</span></p>')
;

      INSERT OR REPLACE INTO download_links (app_id, title, href, title_local, version)
      VALUES (2522.0, 'Прямая ссылка на скачивание', 'https://vk.com/doc781359414_671550975', '直接链接下载安装程序', '0.674')
  ;

    UPDATE app
    SET
        name = 'Mystery Case Files 26: A Crime in',
        bg_image = 'https://appstorrent.ru/uploads/posts/2023-11/1700561524_bg.webp',
        icon = 'https://appstorrent.ru/uploads/posts/2023-11/icn.webp',
        version = '1.0',
        description = '
ИгрыПриключения
',
        description_local = '',
        detail_url = 'https://appstorrent.ru/2706-mystery-case-files-26-a-crime-in-reflection-collectors-edition.html',
        file_size = '2 GB',
        developer = 'GrandMA Studios',
        activation = 'k''ed by AleAda',
        compatibility = '',
        architecture = 'x86 (64-bit)',
        published_date = '2023/11/21',
        releaseDate = '',
        note = '',
        views = '1068',
        link = 'https://anonim.xyz/go/https://www.bigfishgames.com/us/en/games/16157/mystery-case-files-a-crime-in-reflection-ce/?pc&lang=en',
        detail_version = '1.0',
        banner = '["https://www.youtube.com/embed/4Y7DDZt_dps?si=-9onb5_HrWH39vKh?enablejsapi=1","https://appstorrent.ru/uploads/posts/2023-11/vlcsnap-00003.webp","https://appstorrent.ru/uploads/posts/2023-11/vlcsnap-00004.webp","https://appstorrent.ru/uploads/posts/2023-11/vlcsnap-00005.webp","https://appstorrent.ru/uploads/posts/2023-11/vlcsnap-00006.webp","https://appstorrent.ru/uploads/posts/2023-11/vlcsnap-00007.webp"]'
    WHERE
        id = 2523.0
    ;

              INSERT INTO languages (app_id, name, link, type)
              VALUES (2523.0, 'Английский', 'https://appstorrent.ru/info-lang/%D0%B0%D0%BD%D0%B3%D0%BB%D0%B8%D0%B9%D1%81%D0%BA%D0%B8%D0%B9/', 1.0)
          ;

              INSERT INTO languages (app_id, name, link, type)
              VALUES (2523.0, 'Английский', 'https://appstorrent.ru/info-lang-voice/%D0%B0%D0%BD%D0%B3%D0%BB%D0%B8%D0%B9%D1%81%D0%BA%D0%B8%D0%B9/', 2.0)
          ;

  INSERT INTO categories (app_id, content, href, content_local)
  VALUES (2523.0, 'Игры', 'https://appstorrent.ru/games/', NULL)
;

  INSERT INTO categories (app_id, content, href, content_local)
  VALUES (2523.0, 'Приключения', 'https://appstorrent.ru/games/adventures/', NULL)
;

      INSERT INTO tabs (app_id, title, content, content_local)
      VALUES (2523.0, 'Описание', '
<p>GrandMA Studios приглашает вас вновь вернуться в мир бдительного мастера детектива в игре Mystery Case Files: A Crime in Reflection!</p>
<p>Только вы подумали, что можно взять отпуск, как Корона снова зовет вас в бой! Хотя дела о кражах со взломом не являются типичной сферой деятельности Мастера детектива, полиция оказалась в тупике, когда из одного из самых охраняемых музеев мира был похищен королевский коронационный скипетр, что стало последним из целой серии подобных инцидентов, и обратилась за помощью к Вам. Воры оказались не только беспечными, но и хитрыми: им удается за считанные секунды проникнуть в самые охраняемые помещения и раствориться в воздухе! Но то, что начинается как простая серия ограблений, быстро выходит из-под контроля, когда преступники пробуждают нечто, что подвергает смертельной опасности их, Мастера детектива и даже сам мир! Сможете ли вы разгадать кровавые секреты, открытые ворами, и спасти положение? Есть только один способ узнать это, детектив! Раскройте это дело в новой головоломке со скрытыми предметами!</p>
<p><br></p>
<p>Коллекционное издание включает в себя:</p>
<p>-Посетите Зеркальный мир, чтобы защитить своего брата от злой сущности, укравшей его память!<br>-Соберите все фрагменты картинки, чтобы закончить историю, и соберите кусочки пазла для бонусной головоломки!<br>-Играйте и переигрывайте мини-игры и HOP-игры, чтобы получить достижения!</p>
', '
<p>GrandMA Studios приглашает вас вновь вернуться в мир бдительного мастера детектива в игре Mystery Case Files: A Crime in Reflection!</p>
<p>Только вы подумали, что можно взять отпуск, как Корона снова зовет вас в бой! Хотя дела о кражах со взломом не являются типичной сферой деятельности Мастера детектива, полиция оказалась в тупике, когда из одного из самых охраняемых музеев мира был похищен королевский коронационный скипетр, что стало последним из целой серии подобных инцидентов, и обратилась за помощью к Вам. Воры оказались не только беспечными, но и хитрыми: им удается за считанные секунды проникнуть в самые охраняемые помещения и раствориться в воздухе! Но то, что начинается как простая серия ограблений, быстро выходит из-под контроля, когда преступники пробуждают нечто, что подвергает смертельной опасности их, Мастера детектива и даже сам мир! Сможете ли вы разгадать кровавые секреты, открытые ворами, и спасти положение? Есть только один способ узнать это, детектив! Раскройте это дело в новой головоломке со скрытыми предметами!</p>
<p><br></p>
<p>Коллекционное издание включает в себя:</p>
<p>-Посетите Зеркальный мир, чтобы защитить своего брата от злой сущности, укравшей его память!<br>-Соберите все фрагменты картинки, чтобы закончить историю, и соберите кусочки пазла для бонусной головоломки!<br>-Играйте и переигрывайте мини-игры и HOP-игры, чтобы получить достижения!</p>
')
  ;

      INSERT INTO tabs (app_id, title, content, content_local)
      VALUES (2523.0, 'Мин. требования', '
<p>OS: macOS 10.15 и новее</p>
', '
<p>OS: macOS 10.15 и новее</p>
')
  ;

  INSERT OR REPLACE INTO download_info (app_id, content, content_local)
  VALUES (2523.0, '<p>Запустите скачанный образ и перетащите приложение в ярлык папки Программы (Applications).<br>После завершения копирования, приложение можно запустить через Launchpad.</p>', '<p>Запустите скачанный образ и перетащите приложение в ярлык папки Программы (Applications).<br>После завершения копирования, приложение можно запустить через Launchpad.</p>')
;

      INSERT OR REPLACE INTO download_links (app_id, title, href, title_local, version)
      VALUES (2523.0, 'Прямая ссылка на скачивание', 'https://vk.com/doc393273469_668662213', '直接链接下载安装程序', '1.0')
  ;

    UPDATE app
    SET
        name = 'Windy Meadow - A Roadwarden Tale',
        bg_image = 'https://appstorrent.ru/templates/appstorrent-4ac2e09b1a/assets/img/bg.webp',
        icon = 'https://appstorrent.ru/uploads/posts/2023-10/ayvavyayvavy.webp',
        version = '1.0.7',
        description = '
ИгрыПриключения
',
        description_local = '',
        detail_url = 'https://appstorrent.ru/2665-windy-meadow-a-roadwarden-tale.html',
        file_size = '666 MB',
        developer = 'Moral Anxiety Studio',
        activation = 'DRM-FREE (без защиты)',
        compatibility = '',
        architecture = 'x86 (64-bit)',
        published_date = '2023/11/21',
        releaseDate = '',
        note = '',
        views = '973',
        link = 'https://anonim.xyz/go/https://lnk.bio/AssembleEntertainment',
        detail_version = '1.0.7',
        banner = '["https://appstorrent.ru/uploads/posts/2023-10/ss_3055e411d1bbda99e9bd93c7fca1b6218535a04a_1920x1080.webp","https://appstorrent.ru/uploads/posts/2023-10/ss_89d001793647ebc13625f6a54607e3e3ee6d0235_1920x1080.webp","https://appstorrent.ru/uploads/posts/2023-10/ss_14fd7bc8af1a1c0e685e8d2843f62524ec694f01_1920x1080.webp","https://appstorrent.ru/uploads/posts/2023-10/ss_e68892ba3aab8cc60fbe45a117aeb783e4b70fa0_1920x1080.webp"]'
    WHERE
        id = 2524.0
    ;

              INSERT INTO languages (app_id, name, link, type)
              VALUES (2524.0, 'Английский', 'https://appstorrent.ru/info-lang/%D0%B0%D0%BD%D0%B3%D0%BB%D0%B8%D0%B9%D1%81%D0%BA%D0%B8%D0%B9/', 1.0)
          ;

              INSERT INTO languages (app_id, name, link, type)
              VALUES (2524.0, 'Музыкальное сопровождение', 'https://appstorrent.ru/info-lang-voice/%D0%BC%D1%83%D0%B7%D1%8B%D0%BA%D0%B0%D0%BB%D1%8C%D0%BD%D0%BE%D0%B5%20%D1%81%D0%BE%D0%BF%D1%80%D0%BE%D0%B2%D0%BE%D0%B6%D0%B4%D0%B5%D0%BD%D0%B8%D0%B5/', 2.0)
          ;

  INSERT INTO categories (app_id, content, href, content_local)
  VALUES (2524.0, 'Игры', 'https://appstorrent.ru/games/', NULL)
;

  INSERT INTO categories (app_id, content, href, content_local)
  VALUES (2524.0, 'Приключения', 'https://appstorrent.ru/games/adventures/', NULL)
;

      INSERT INTO tabs (app_id, title, content, content_local)
      VALUES (2524.0, 'Описание', '
<p>Вступите в чарующую визуальную новеллу "Windy Meadow - A Roadwarden Tale" и заново откройте для себя таинственный мир Виатикума. Возможно, эта мирная коммуна не самая богатая и известная, но она предлагает нечто гораздо более ценное - оазис спокойствия и гармонии среди суеты внешнего мира. В центре сюжета - переплетенные истории Вены, Фабеля и Лудиции - трех уникальных героев, оказавшихся перед судьбоносным выбором, который определит их судьбы. Присоединяйтесь к ним и узнайте, как разворачиваются их истории, оживающие благодаря анимированным спрайтам и музыкальному сопровождению.</p>
<p><br></p>
<p>Особенности:</p>
<p>-Следуйте за тремя уникальными героями, раскрывая их проблемы, страхи и трудности, с которыми они сталкиваются. Их разные характеры создают интересные и сложные отношения с множеством угрюмых побочных персонажей.</p>
<p><br></p>
<p>-Насладитесь безмятежным миром, богатым великолепными видами, нежными реками, плодородными землями и гостеприимными лесами. В Windy Meadow даже звери и драконы стараются держаться на расстоянии, а разнообразные характеры и сложные взаимоотношения жителей делают это сообщество живым и родным.</p>
<p><br></p>
<p>-Выбор, сделанный игроком, может повлиять на варианты диалогов, чувства NPC и концовку игры - от кажущихся незначительными до судьбоносных.</p>
', '
<p>Вступите в чарующую визуальную новеллу "Windy Meadow - A Roadwarden Tale" и заново откройте для себя таинственный мир Виатикума. Возможно, эта мирная коммуна не самая богатая и известная, но она предлагает нечто гораздо более ценное - оазис спокойствия и гармонии среди суеты внешнего мира. В центре сюжета - переплетенные истории Вены, Фабеля и Лудиции - трех уникальных героев, оказавшихся перед судьбоносным выбором, который определит их судьбы. Присоединяйтесь к ним и узнайте, как разворачиваются их истории, оживающие благодаря анимированным спрайтам и музыкальному сопровождению.</p>
<p><br></p>
<p>Особенности:</p>
<p>-Следуйте за тремя уникальными героями, раскрывая их проблемы, страхи и трудности, с которыми они сталкиваются. Их разные характеры создают интересные и сложные отношения с множеством угрюмых побочных персонажей.</p>
<p><br></p>
<p>-Насладитесь безмятежным миром, богатым великолепными видами, нежными реками, плодородными землями и гостеприимными лесами. В Windy Meadow даже звери и драконы стараются держаться на расстоянии, а разнообразные характеры и сложные взаимоотношения жителей делают это сообщество живым и родным.</p>
<p><br></p>
<p>-Выбор, сделанный игроком, может повлиять на варианты диалогов, чувства NPC и концовку игры - от кажущихся незначительными до судьбоносных.</p>
')
  ;

      INSERT INTO tabs (app_id, title, content, content_local)
      VALUES (2524.0, 'Мин. требования', '
<p>ОС: Version: 10.10 or higher</p>
', '
<p>ОС: Version: 10.10 or higher</p>
')
  ;

  INSERT OR REPLACE INTO download_info (app_id, content, content_local)
  VALUES (2524.0, '<p>Выполните стандартную процедуру установки.<br>Установка завершается выбором места для размещения игры.<br>Рекомендуется указывать папку Программы (Applications).</p>', '<p>Выполните стандартную процедуру установки.<br>Установка завершается выбором места для размещения игры.<br>Рекомендуется указывать папку Программы (Applications).</p>')
;

      INSERT OR REPLACE INTO download_links (app_id, title, href, title_local, version)
      VALUES (2524.0, 'Прямая ссылка на скачивание', 'https://vk.com/doc781359414_671420605', '直接链接下载安装程序', '1.0.7')
  ;

    UPDATE app
    SET
        name = 'Disney SpellStruck',
        bg_image = 'https://appstorrent.ru/templates/appstorrent-4ac2e09b1a/assets/img/bg.webp',
        icon = 'https://appstorrent.ru/uploads/posts/2023-10/dfsfds.webp',
        version = '1.4.1',
        description = '
ИгрыApple ArcadeГоловоломки
',
        description_local = '',
        detail_url = 'https://appstorrent.ru/2616-disney-spellstruck.html',
        file_size = '148 MB',
        developer = 'Artist Arcade',
        activation = 'Не требуется',
        compatibility = '',
        architecture = 'ARMx86 (64-bit)',
        published_date = '2023/11/20',
        releaseDate = '',
        note = '',
        views = '902',
        link = 'https://anonim.xyz/go/http://disneyspellstruck.com/',
        detail_version = '1.4.1',
        banner = '["https://appstorrent.ru/uploads/posts/2023-10/1696519976_1286x0w.webp","https://appstorrent.ru/uploads/posts/2023-10/1696519971_1286x0w-1.webp","https://appstorrent.ru/uploads/posts/2023-10/1696519973_1286x0w-2.webp","https://appstorrent.ru/uploads/posts/2023-10/1696519974_1286x0w-3.webp"]'
    WHERE
        id = 2525.0
    ;

              INSERT INTO languages (app_id, name, link, type)
              VALUES (2525.0, 'Английский', 'https://appstorrent.ru/info-lang/%D0%B0%D0%BD%D0%B3%D0%BB%D0%B8%D0%B9%D1%81%D0%BA%D0%B8%D0%B9/', 1.0)
          ;

              INSERT INTO languages (app_id, name, link, type)
              VALUES (2525.0, 'Немецкий', 'https://appstorrent.ru/info-lang/%D0%BD%D0%B5%D0%BC%D0%B5%D1%86%D0%BA%D0%B8%D0%B9/', 1.0)
          ;

              INSERT INTO languages (app_id, name, link, type)
              VALUES (2525.0, 'Испанский', 'https://appstorrent.ru/info-lang/%D0%B8%D1%81%D0%BF%D0%B0%D0%BD%D1%81%D0%BA%D0%B8%D0%B9/', 1.0)
          ;

              INSERT INTO languages (app_id, name, link, type)
              VALUES (2525.0, 'Итальянский', 'https://appstorrent.ru/info-lang/%D0%B8%D1%82%D0%B0%D0%BB%D1%8C%D1%8F%D0%BD%D1%81%D0%BA%D0%B8%D0%B9/', 1.0)
          ;

              INSERT INTO languages (app_id, name, link, type)
              VALUES (2525.0, 'Португальский', 'https://appstorrent.ru/info-lang/%D0%BF%D0%BE%D1%80%D1%82%D1%83%D0%B3%D0%B0%D0%BB%D1%8C%D1%81%D0%BA%D0%B8%D0%B9/', 1.0)
          ;

              INSERT INTO languages (app_id, name, link, type)
              VALUES (2525.0, 'Французский', 'https://appstorrent.ru/info-lang/%D1%84%D1%80%D0%B0%D0%BD%D1%86%D1%83%D0%B7%D1%81%D0%BA%D0%B8%D0%B9/', 1.0)
          ;

              INSERT INTO languages (app_id, name, link, type)
              VALUES (2525.0, 'Музыкальное сопровождение', 'https://appstorrent.ru/info-lang-voice/%D0%BC%D1%83%D0%B7%D1%8B%D0%BA%D0%B0%D0%BB%D1%8C%D0%BD%D0%BE%D0%B5%20%D1%81%D0%BE%D0%BF%D1%80%D0%BE%D0%B2%D0%BE%D0%B6%D0%B4%D0%B5%D0%BD%D0%B8%D0%B5/', 2.0)
          ;

  INSERT INTO categories (app_id, content, href, content_local)
  VALUES (2525.0, 'Игры', 'https://appstorrent.ru/games/', NULL)
;

  INSERT INTO categories (app_id, content, href, content_local)
  VALUES (2525.0, 'Apple Arcade', 'https://appstorrent.ru/games/arcade/', NULL)
;

  INSERT INTO categories (app_id, content, href, content_local)
  VALUES (2525.0, 'Головоломки', 'https://appstorrent.ru/games/puzzle/', NULL)
;

      INSERT INTO tabs (app_id, title, content, content_local)
      VALUES (2525.0, 'Описание', '
<p>Отправляйтесь в путешествие на Острова Плитки вместе с любимыми героями Disney и Pixar и примите участие в сложных играх в стиле кроссвордов в игре Disney Spellstruck! Испытайте свои способности вместе с Микки Маусом, Тианой, Стичем и другими героями в приключении в стиле кроссворда. Играйте с друзьями в режиме "онлайн против всех", выполняйте ежедневные задания и проверяйте свои силы, стремясь занять первое место в таблице лидеров!</p>
<p><br>ПРИКЛЮЧЕНИЕ В СТИЛЕ КРОССВОРДА, ВДОХНОВЛЕННОЕ ДИСНЕЕМ</p>
<p>- Отправляйтесь в волшебное приключение, пройдя более 60 уровней на четырех разных картах. На каждой карте вы увидите культовые достопримечательности, созданные Disney и Pixar, такие как Радиатор-Спрингс, Скала Черепа и Башня Рапунцель. Мир находится под властью Бланка и Буквенных Лакей и нуждается в вашей помощи! Испытайте свои способности и спасите Острова Плиток, чтобы спасти испорченных персонажей.</p>
<p><br>ОТКРОЙТЕ НОВЫХ ПЕРСОНАЖЕЙ И СПОСОБНОСТИ</p>
<p>- Проверьте свои навыки в режиме приключений или многопользовательской игры и победите противника, чтобы открыть популярных персонажей Disney и Pixar. Освойте уникальные суперспособности, чтобы получить преимущество перед Бланком и другими игроками со всего мира.</p>
', '
<p>Отправляйтесь в путешествие на Острова Плитки вместе с любимыми героями Disney и Pixar и примите участие в сложных играх в стиле кроссвордов в игре Disney Spellstruck! Испытайте свои способности вместе с Микки Маусом, Тианой, Стичем и другими героями в приключении в стиле кроссворда. Играйте с друзьями в режиме "онлайн против всех", выполняйте ежедневные задания и проверяйте свои силы, стремясь занять первое место в таблице лидеров!</p>
<p><br>ПРИКЛЮЧЕНИЕ В СТИЛЕ КРОССВОРДА, ВДОХНОВЛЕННОЕ ДИСНЕЕМ</p>
<p>- Отправляйтесь в волшебное приключение, пройдя более 60 уровней на четырех разных картах. На каждой карте вы увидите культовые достопримечательности, созданные Disney и Pixar, такие как Радиатор-Спрингс, Скала Черепа и Башня Рапунцель. Мир находится под властью Бланка и Буквенных Лакей и нуждается в вашей помощи! Испытайте свои способности и спасите Острова Плиток, чтобы спасти испорченных персонажей.</p>
<p><br>ОТКРОЙТЕ НОВЫХ ПЕРСОНАЖЕЙ И СПОСОБНОСТИ</p>
<p>- Проверьте свои навыки в режиме приключений или многопользовательской игры и победите противника, чтобы открыть популярных персонажей Disney и Pixar. Освойте уникальные суперспособности, чтобы получить преимущество перед Бланком и другими игроками со всего мира.</p>
')
  ;

      INSERT INTO tabs (app_id, title, content, content_local)
      VALUES (2525.0, 'Мин. требования', '
<p>Требуется macOS 11.0 или новее.</p>
', '
<p>Требуется macOS 11.0 или новее.</p>
')
  ;

  INSERT OR REPLACE INTO download_info (app_id, content, content_local)
  VALUES (2525.0, '<p>Запустите скачанный образ и перетащите приложение в ярлык папки Программы (Applications). После завершения копирования, приложение можно запустить через Launchpad. </p>
<p><br></p>
<p>Если игра не запускается введите в терминале:</p>
<p><span style="color:rgb(230,126,35);">xattr -cr /Applications/SpellStruck.app &amp;&amp; codesign --force --deep --sign - /Applications/SpellStruck.app</span></p>', '<p>Запустите скачанный образ и перетащите приложение в ярлык папки Программы (Applications). После завершения копирования, приложение можно запустить через Launchpad. </p>
<p><br></p>
<p>Если игра не запускается введите в терминале:</p>
<p><span style="color:rgb(230,126,35);">xattr -cr /Applications/SpellStruck.app &amp;&amp; codesign --force --deep --sign - /Applications/SpellStruck.app</span></p>')
;

      INSERT OR REPLACE INTO download_links (app_id, title, href, title_local, version)
      VALUES (2525.0, 'Прямая ссылка на скачивание', 'https://vk.com/doc249553273_668329407', '直接链接下载安装程序', '1.4.1')
  ;

      UPDATE app
      SET description = 'Адаптивная яркость',
          description_local = '',
          icon = 'https://appstorrent.ru/uploads/posts/2021-11/1637075041_icon.png',
          image = NULL,
          detail_url = 'https://appstorrent.ru/781-lunar-pro.html',
          file_size = '21 MB',
          version = '6.4.4',
          category = 1.0,
          published_date = '2023-11-23',
          architecture = 'ARM, x86 (64-bit)',
          source = 'appstorrent.ru'
      WHERE name = 'Lunar Pro'
  ;

      UPDATE app
      SET description = 'IDE для Python',
          description_local = '',
          icon = 'https://appstorrent.ru/uploads/posts/2021-02/1614258860_icon-pycharm_result.png',
          image = NULL,
          detail_url = 'https://appstorrent.ru/451-pycharm.html',
          file_size = '638 MB',
          version = '2023.2.5',
          category = 1.0,
          published_date = '2023-11-23',
          architecture = 'ARM, x86 (64-bit)',
          source = 'appstorrent.ru'
      WHERE name = 'PyCharm'
  ;

      UPDATE app
      SET description = 'Графический редактор',
          description_local = '',
          icon = 'https://appstorrent.ru/uploads/posts/2023-02/1676986191_icon.webp',
          image = NULL,
          detail_url = 'https://appstorrent.ru/650-camerabag-pro.html',
          file_size = '70 MB',
          version = '2024.0.1',
          category = 1.0,
          published_date = '2023-11-23',
          architecture = 'x86 (64-bit)',
          source = 'appstorrent.ru'
      WHERE name = 'CameraBag Pro'
  ;

      UPDATE app
      SET description = 'Диспетчер задач',
          description_local = '',
          icon = 'https://appstorrent.ru/uploads/posts/2022-03/1648570736_icon.png',
          image = NULL,
          detail_url = 'https://appstorrent.ru/1035-firetask.html',
          file_size = '10 MB',
          version = '4.8.1',
          category = 1.0,
          published_date = '2023-11-23',
          architecture = 'ARM, x86 (64-bit)',
          source = 'appstorrent.ru'
      WHERE name = 'Firetask'
  ;

      UPDATE app
      SET description = 'Графика и Дизайн',
          description_local = '',
          icon = 'https://appstorrent.ru/uploads/posts/2023-02/1677482212_icon.webp',
          image = NULL,
          detail_url = 'https://appstorrent.ru/227-omnigraffle.html',
          file_size = '61 MB',
          version = '7.22.4',
          category = 1.0,
          published_date = '2023-11-23',
          architecture = 'ARM, x86 (64-bit)',
          source = 'appstorrent.ru'
      WHERE name = 'OmniGraffle Pro'
  ;

      UPDATE app
      SET description = 'Сравнение файлов',
          description_local = '',
          icon = 'https://appstorrent.ru/uploads/posts/2023-01/1672746142_icon.webp',
          image = NULL,
          detail_url = 'https://appstorrent.ru/535-ultracompare.html',
          file_size = '36 MB',
          version = '23.1.0.23',
          category = 1.0,
          published_date = '2023-11-23',
          architecture = 'x86 (64-bit)',
          source = 'appstorrent.ru'
      WHERE name = 'UltraCompare'
  ;

      UPDATE app
      SET description = 'Восстановление данных',
          description_local = '',
          icon = 'https://appstorrent.ru/uploads/posts/2022-12/1670936358_icon.webp',
          image = NULL,
          detail_url = 'https://appstorrent.ru/698-wondershare-recoverit.html',
          file_size = '123 MB',
          version = '12.0.19.5',
          category = 1.0,
          published_date = '2023-11-23',
          architecture = 'x86 (64-bit)',
          source = 'appstorrent.ru'
      WHERE name = 'Wondershare Recoverit'
  ;

      INSERT INTO app (name, version, description, description_local, icon, image, detail_url, file_size, category, published_date, architecture, source)
      VALUES ('MacGPT', '3.17+', 'ChatGPT на вашем Mac', '', 'https://appstorrent.ru/uploads/posts/2023-11/1700689396_icon.webp', NULL, 'https://appstorrent.ru/505-macgpt.html', '7,9 MB', 1.0, '2023-11-23', 'ARM, x86 (64-bit)', 'appstorrent.ru')
  ;

      UPDATE app
      SET description = 'Загрузчик видео',
          description_local = '',
          icon = 'https://appstorrent.ru/uploads/posts/2022-12/1671472110_icon.webp',
          image = NULL,
          detail_url = 'https://appstorrent.ru/1270-pulltube.html',
          file_size = '119 MB',
          version = '1.8.5.20',
          category = 1.0,
          published_date = '2023-11-22',
          architecture = 'ARM, x86 (64-bit)',
          source = 'appstorrent.ru'
      WHERE name = 'PullTube'
  ;

      UPDATE app
      SET description = '
ИгрыРолевыеЭкшен
',
          description_local = '',
          icon = 'https://appstorrent.ru/uploads/posts/2023-11/1700697170_icon.webp',
          image = 'https://appstorrent.ru/uploads/posts/2020-03/1585512266_the-witcher-min.jpg',
          detail_url = 'https://appstorrent.ru/211-the-witcher.html',
          file_size = '10,32 GB',
          version = '2.1b',
          category = 2.0,
          published_date = '2023-11-23',
          architecture = 'ARM, x86 (64-bit)',
          source = 'appstorrent.ru'
      WHERE name = 'The Witcher'
  ;

      UPDATE app
      SET description = '
ИгрыРолевыеЭкшен
',
          description_local = '',
          icon = 'https://appstorrent.ru/uploads/posts/2022-10/1667210496_icon.png',
          image = 'https://appstorrent.ru/uploads/posts/2022-11/1668763645_card.webp',
          detail_url = 'https://appstorrent.ru/69-the-witcher-2.html',
          file_size = '21,32 GB',
          version = '2.0a',
          category = 2.0,
          published_date = '2023-11-23',
          architecture = 'ARM, x86 (64-bit)',
          source = 'appstorrent.ru'
      WHERE name = 'The Witcher 2'
  ;

      UPDATE app
      SET description = '
ИгрыИнди-игрыЭкшен
',
          description_local = '',
          icon = 'https://appstorrent.ru/uploads/posts/2021-08/1629178651_streets-of-rage-4-icon.jpg',
          image = 'https://appstorrent.ru/uploads/posts/2021-08/1629178546_streets-of-rage.jpg',
          detail_url = 'https://appstorrent.ru/688-streets-of-rage-4.html',
          file_size = '6 GB',
          version = '08g_r18208',
          category = 2.0,
          published_date = '2023-11-23',
          architecture = 'x86 (64-bit)',
          source = 'appstorrent.ru'
      WHERE name = 'Streets Of Rage 4'
  ;

      UPDATE app
      SET description = '
ИгрыСимуляторыСтратегии
',
          description_local = '',
          icon = 'https://appstorrent.ru/uploads/posts/2023-02/1675609954_playericon-2.webp',
          image = 'https://appstorrent.ru/uploads/posts/2023-02/1675610004_12111.webp',
          detail_url = 'https://appstorrent.ru/2150-megaquarium.html',
          file_size = '407 MB',
          version = '4.0.18g',
          category = 2.0,
          published_date = '2023-11-23',
          architecture = 'x86 (64-bit)',
          source = 'appstorrent.ru'
      WHERE name = 'Megaquarium'
  ;

      UPDATE app
      SET description = '
ИгрыИнди-игрыСимуляторы
',
          description_local = '',
          icon = 'https://appstorrent.ru/uploads/posts/2022-07/1658107527_oxygen-not-included-icon.png',
          image = 'https://appstorrent.ru/uploads/posts/2022-02/1645281168_oxygen-not-included-min.jpg',
          detail_url = 'https://appstorrent.ru/869-oxygen-not-included.html',
          file_size = '1 GB',
          version = '581979',
          category = 2.0,
          published_date = '2023-11-23',
          architecture = 'ARM, x86 (64-bit)',
          source = 'appstorrent.ru'
      WHERE name = 'Oxygen Not Included'
  ;

      INSERT INTO app (name, version, description, description_local, icon, image, detail_url, file_size, category, published_date, architecture, source)
      VALUES ('Cut the Rope 3', '1.0.2', '
ИгрыApple ArcadeГоловоломки
', '', 'https://appstorrent.ru/uploads/posts/2023-10/1697966843_fdsfsd.webp', 'https://appstorrent.ru/uploads/posts/2023-11/1ffffee.webp', 'https://appstorrent.ru/2669-cut-the-rope-3.html', '306 MB', 2.0, '2023-11-22', 'ARM, x86 (64-bit)', 'appstorrent.ru')
  ;

    UPDATE app
    SET
        name = 'OmniGraffle Pro',
        bg_image = 'https://appstorrent.ru/uploads/posts/2020-12/1609066755_omnigraffle.jpg',
        icon = 'https://appstorrent.ru/uploads/posts/2023-02/1677482212_icon.webp',
        version = '7.22.4',
        description = 'Графика и Дизайн',
        description_local = '',
        detail_url = 'https://appstorrent.ru/227-omnigraffle.html',
        file_size = '61 MB',
        developer = 'The Omni Group',
        activation = 'В комплекте',
        compatibility = 'macOS 11及以上版本',
        architecture = 'ARMx86 (64-bit)',
        published_date = '2023/11/23',
        releaseDate = '',
        note = '',
        views = '50991',
        link = 'https://anonim.xyz/go/https://www.omnigroup.com/omnigraffle',
        detail_version = '7.22.4',
        banner = '["https://appstorrent.ru/uploads/posts/2023-02/1677482273_1.webp","https://appstorrent.ru/uploads/posts/2023-02/1677482273_2.webp","https://appstorrent.ru/uploads/posts/2023-02/1677482274_3.webp","https://appstorrent.ru/uploads/posts/2023-02/1677482274_4.webp"]'
    WHERE
        id = 37.0
    ;

  UPDATE download_info
  SET
    content_local = '<p>Смонтируйте образ и перетащите приложение в ярлык папки Программы (Applications).</p>
<p><span style="color:rgb(251,160,38);">Регистрационные ключи</span> можно скачать <a href="https://vk.com/s/v1/doc/pX9luxuqj6AlTjZ2JItmNbpRgLk2nlDHuZ-uouFmM7DYVxL2jRY" target="_blank" rel="noopener external noreferrer">по этой ссылке</a><span style="color:rgb(13,132,251);"> &gt;</span></p>
<p><span style="color:rgb(13,132,251);"><span style="color:rgb(251,160,38);">Keygen <span style="color:rgb(0,0,0);"><span style="color:rgb(255,255,255);">можно скачать</span> </span><a href="https://vk.com/doc781359414_672789388" target="_blank" rel="noopener external noreferrer">по этой ссылке</a><span style="color:rgb(13,132,251);"> &gt;</span></span></span></p>',
    content = '<p>Смонтируйте образ и перетащите приложение в ярлык папки Программы (Applications).</p>
<p><span style="color:rgb(251,160,38);">Регистрационные ключи</span> можно скачать <a href="https://vk.com/s/v1/doc/pX9luxuqj6AlTjZ2JItmNbpRgLk2nlDHuZ-uouFmM7DYVxL2jRY" target="_blank" rel="noopener external noreferrer">по этой ссылке</a><span style="color:rgb(13,132,251);"> &gt;</span></p>
<p><span style="color:rgb(13,132,251);"><span style="color:rgb(251,160,38);">Keygen <span style="color:rgb(0,0,0);"><span style="color:rgb(255,255,255);">можно скачать</span> </span><a href="https://vk.com/doc781359414_672789388" target="_blank" rel="noopener external noreferrer">по этой ссылке</a><span style="color:rgb(13,132,251);"> &gt;</span></span></span></p>'
  WHERE
    app_id = 37.0
;

      INSERT OR REPLACE INTO download_links (app_id, title, href, title_local, version)
      VALUES (37.0, 'Прямая ссылка на скачивание', 'https://vk.com/doc781359414_672901400', '直接链接下载安装程序', '7.22.4')
  ;

    INSERT INTO older_versions (app_id, title, url, title_local)
    VALUES (37.0, 'OmniGraffle Pro 7.22.3 для macOS 11 и новее', 'https://vk.com/doc781359414_672789529', 'OmniGraffle Pro 7.22.3 适用于 macOS 11 及以上版本')
;

    UPDATE app
    SET
        name = 'PullTube',
        bg_image = 'https://appstorrent.ru/templates/appstorrent-4ac2e09b1a/assets/img/bg.webp',
        icon = 'https://appstorrent.ru/uploads/posts/2022-12/1671472110_icon.webp',
        version = '1.8.5.20',
        description = 'Загрузчик видео',
        description_local = '',
        detail_url = 'https://appstorrent.ru/1270-pulltube.html',
        file_size = '119 MB',
        developer = 'MyMixApps',
        activation = 'K''ed by TNT team',
        compatibility = 'macOS 10.12及以上版本',
        architecture = 'ARMx86 (64-bit)',
        published_date = '2023/11/22',
        releaseDate = '',
        note = '',
        views = '45662',
        link = 'https://anonim.xyz/go/https://mymixapps.com/pulltube',
        detail_version = '1.8.5.20',
        banner = '["https://appstorrent.ru/uploads/posts/2022-12/1655729981_1.jpg","https://appstorrent.ru/uploads/posts/2022-06/1655729982_2.jpg","https://appstorrent.ru/uploads/posts/2022-06/1655729983_3.jpg","https://appstorrent.ru/uploads/posts/2022-06/1655729983_4.jpg"]'
    WHERE
        id = 163.0
    ;

  UPDATE tabs
  SET
    content = '
<p>Загрузитье онлайн видео или аудио размещенные на YouTube или Vimeo, в том числе целые плейлисты, сохраняя исходный формат или извлеките только аудио.&nbsp;</p>
<p><br></p>
<p>Обмен видео через интернет хостинг сервисов, таких как YouTube или Vimeo является обычной практикой, но потоковое содержимое не может работать должным образом, если у вас есть медленное подключение к интернету.&nbsp;</p>
<p><br></p>
<p>PullTube предлагает Вам возможность загружать видео из обоих источников (YouTube и Vimeo). Приложение может работать с плейлистами, позволяет выбрать качество загружаемой продукции, и даже может извлечь только аудио.Video Downloader, который может импортировать ссылки с перетаскиванием и может обнаружить плейлисты. PullTube предлагает рационализировать рабочий процесс для быстрого скачивания видео с YouTube или Vimeo и обеспечивает контроль над качеством продукции, а также позволяет извлекать аудио в MP3 или M4A файлов.&nbsp;</p>
<p><br></p>
<p>Пользовательский интерфейс PullTube представлен небольшое окно, где вы можете быстро вставить URL видео. Если PullTube обнаруживает, что видео является частью списка воспроизведения - он предложит загрузить всю коллекцию: будет последовательно получать данные для каждой записи и обработки загрузки.&nbsp;</p>
<p><br></p>
<p>Загрузка видео на YouTube, размещенные или Vimeo для различных размеров и форматов вывода PullTube начнет выборку видеоданных сразу, так что вы можете увидеть название видео, продолжительность и небольшой эскиз. При настройке загрузки, вы можете выбрать качество загружаемой продукции (highest, 4K, HD или обычное с различными разрешениями) или выбрать для экспорта только аудио на M4A или MP3-файл.&nbsp;</p>
<p><br></p>
<p>С помощью панели настроек PullTube, вы можете изменить местоположение загрузки по умолчанию и по умолчанию MP3 битрейт в (320kbps, 256kbps, 128kbps, 64kbps) в. Вы также можете добавить информацию качества с именем видеофайла и выбрать, чтобы выйти из приложения, когда все загрузки завершены.</p>
',
    content_local = '
<p>Загрузитье онлайн видео или аудио размещенные на YouTube или Vimeo, в том числе целые плейлисты, сохраняя исходный формат или извлеките только аудио.&nbsp;</p>
<p><br></p>
<p>Обмен видео через интернет хостинг сервисов, таких как YouTube или Vimeo является обычной практикой, но потоковое содержимое не может работать должным образом, если у вас есть медленное подключение к интернету.&nbsp;</p>
<p><br></p>
<p>PullTube предлагает Вам возможность загружать видео из обоих источников (YouTube и Vimeo). Приложение может работать с плейлистами, позволяет выбрать качество загружаемой продукции, и даже может извлечь только аудио.Video Downloader, который может импортировать ссылки с перетаскиванием и может обнаружить плейлисты. PullTube предлагает рационализировать рабочий процесс для быстрого скачивания видео с YouTube или Vimeo и обеспечивает контроль над качеством продукции, а также позволяет извлекать аудио в MP3 или M4A файлов.&nbsp;</p>
<p><br></p>
<p>Пользовательский интерфейс PullTube представлен небольшое окно, где вы можете быстро вставить URL видео. Если PullTube обнаруживает, что видео является частью списка воспроизведения - он предложит загрузить всю коллекцию: будет последовательно получать данные для каждой записи и обработки загрузки.&nbsp;</p>
<p><br></p>
<p>Загрузка видео на YouTube, размещенные или Vimeo для различных размеров и форматов вывода PullTube начнет выборку видеоданных сразу, так что вы можете увидеть название видео, продолжительность и небольшой эскиз. При настройке загрузки, вы можете выбрать качество загружаемой продукции (highest, 4K, HD или обычное с различными разрешениями) или выбрать для экспорта только аудио на M4A или MP3-файл.&nbsp;</p>
<p><br></p>
<p>С помощью панели настроек PullTube, вы можете изменить местоположение загрузки по умолчанию и по умолчанию MP3 битрейт в (320kbps, 256kbps, 128kbps, 64kbps) в. Вы также можете добавить информацию качества с именем видеофайла и выбрать, чтобы выйти из приложения, когда все загрузки завершены.</p>
'
  WHERE
    app_id = 163.0 AND title = 'Описание'
;

  UPDATE tabs
  SET
    content = '
<p>Примечания к выпуску доступны на официальном сайте <span style="color:rgb(13,132,251);"><a href="https://anonim.xyz/go/https://mymixapps.com/pulltube" target="_blank" rel="noopener external noreferrer">mymixapps.com</a> &gt;</span></p>
',
    content_local = '
<p>Примечания к выпуску доступны на официальном сайте <span style="color:rgb(13,132,251);"><a href="https://anonim.xyz/go/https://mymixapps.com/pulltube" target="_blank" rel="noopener external noreferrer">mymixapps.com</a> &gt;</span></p>
'
  WHERE
    app_id = 163.0 AND title = 'Что нового'
;

  UPDATE download_info
  SET
    content_local = '<p>Смонтируйте образ и запустите Open Gatekeeper friendly.</p>
<p>Нажмите Enter для обхода Gatekeeper в окне Терминал.</p>
<p>Перетащите приложение в папку Программы (Applications).</p>
<p>Приложение готово к использованию.</p>',
    content = '<p>Смонтируйте образ и запустите Open Gatekeeper friendly.</p>
<p>Нажмите Enter для обхода Gatekeeper в окне Терминал.</p>
<p>Перетащите приложение в папку Программы (Applications).</p>
<p>Приложение готово к использованию.</p>'
  WHERE
    app_id = 163.0
;

      INSERT OR REPLACE INTO download_links (app_id, title, href, title_local, version)
      VALUES (163.0, 'Прямая ссылка на скачивание', 'https://vk.com/doc781359414_672886949', '直接链接下载安装程序', '1.8.5.20')
  ;

    UPDATE app
    SET
        name = 'CameraBag Pro',
        bg_image = 'https://appstorrent.ru/uploads/posts/2021-07/1626696120_camerabag-pro.jpg',
        icon = 'https://appstorrent.ru/uploads/posts/2023-02/1676986191_icon.webp',
        version = '2024.0.1',
        description = 'Графический редактор',
        description_local = '',
        detail_url = 'https://appstorrent.ru/650-camerabag-pro.html',
        file_size = '70 MB',
        developer = 'NEVERCENTER',
        activation = 'K''ed by TNT team',
        compatibility = 'OS X 10.10及以上版本',
        architecture = 'x86 (64-bit)',
        published_date = '2023/11/23',
        releaseDate = '',
        note = '',
        views = '27581',
        link = 'https://anonim.xyz/go/https://nevercenter.com/camerabag/',
        detail_version = '2024.0.1',
        banner = '["https://appstorrent.ru/uploads/posts/2022-12/1670348385_1.jpeg","https://appstorrent.ru/uploads/posts/2022-12/1670348386_2.jpeg","https://appstorrent.ru/uploads/posts/2022-12/1670348386_3.jpeg","https://appstorrent.ru/uploads/posts/2022-12/1670348386_4.jpeg"]'
    WHERE
        id = 193.0
    ;

  UPDATE tabs
  SET
    content = '
<p>CameraBag позволяет мгновенно применить одну из сотен прекрасных предустановок к вашим фотографиям и видео, а затем погрузиться глубже с помощью интуитивно понятных профессиональных настроек и пользовательских предустановок. Внимание CameraBag к интуитивно понятным инструментам и рабочим процессам не сводится к простому редактированию изображений, а к тому, чтобы заставить его работать лучше.</p>
<p><br></p>
<p>Благодаря CameraSag с предустановками, специально разработанными для портретов, различными пейзажными сценариями, точной эмуляцией аналогового кинопленки из прошлого, популярными современными стилями фотографий и многим другим, вы даже не знаете, как использовать все свои мощные инструменты.</p>
<p>CameraBag Pro особенно подходит для тех, кому необходимо применять один и тот же стиль к фотографиям и видео - особенно с пакетной обработкой для больших наборов носителей (включая водяные знаки / брендинг, изменение размера и обрезку). Для тех, у кого есть профессиональные потребности, что отличает CameraBag от других фоторедакторов, так это интуитивно понятные и мощные его передовые инструменты.</p>
<p><br></p>
<p>Уникальные инструменты кривых, переупорядочение и наложение настроек, а также большие точные элементы управления позволяют вам делать то, что вы просто не можете сделать в других популярных программах.</p>
<p>Ниже приведены некоторые способы, которыми CameraBag идеально подходит для определенных групп пользователей.</p>
<p><br></p>
<p>Свадебная фотография:</p>
<p>Простая пакетная фильтрация и водяные знаки</p>
<p>Используйте точно такие же настройки и фильтры на видео и фото</p>
<p>Инструменты быстрого сравнения для больших наборов фотографий</p>
<p>Тонны полезных пресетов для свадебной фотографии</p>
<p><br></p>
<p>Примечание:</p>
<p>CameraBag Pro включает в себя все те же замечательные функции, что и CameraBag Photo, но также работает с видео и включает поддержку файлов LUT!</p>
<p><br></p>
',
    content_local = '
<p>CameraBag позволяет мгновенно применить одну из сотен прекрасных предустановок к вашим фотографиям и видео, а затем погрузиться глубже с помощью интуитивно понятных профессиональных настроек и пользовательских предустановок. Внимание CameraBag к интуитивно понятным инструментам и рабочим процессам не сводится к простому редактированию изображений, а к тому, чтобы заставить его работать лучше.</p>
<p><br></p>
<p>Благодаря CameraSag с предустановками, специально разработанными для портретов, различными пейзажными сценариями, точной эмуляцией аналогового кинопленки из прошлого, популярными современными стилями фотографий и многим другим, вы даже не знаете, как использовать все свои мощные инструменты.</p>
<p>CameraBag Pro особенно подходит для тех, кому необходимо применять один и тот же стиль к фотографиям и видео - особенно с пакетной обработкой для больших наборов носителей (включая водяные знаки / брендинг, изменение размера и обрезку). Для тех, у кого есть профессиональные потребности, что отличает CameraBag от других фоторедакторов, так это интуитивно понятные и мощные его передовые инструменты.</p>
<p><br></p>
<p>Уникальные инструменты кривых, переупорядочение и наложение настроек, а также большие точные элементы управления позволяют вам делать то, что вы просто не можете сделать в других популярных программах.</p>
<p>Ниже приведены некоторые способы, которыми CameraBag идеально подходит для определенных групп пользователей.</p>
<p><br></p>
<p>Свадебная фотография:</p>
<p>Простая пакетная фильтрация и водяные знаки</p>
<p>Используйте точно такие же настройки и фильтры на видео и фото</p>
<p>Инструменты быстрого сравнения для больших наборов фотографий</p>
<p>Тонны полезных пресетов для свадебной фотографии</p>
<p><br></p>
<p>Примечание:</p>
<p>CameraBag Pro включает в себя все те же замечательные функции, что и CameraBag Photo, но также работает с видео и включает поддержку файлов LUT!</p>
<p><br></p>
'
  WHERE
    app_id = 193.0 AND title = 'Описание'
;

  UPDATE tabs
  SET
    content = '
<p>Примечания к выпуску доступны на официальном сайте <span style="color:rgb(13,132,251);"><a href="https://anonim.xyz/go/https://nevercenter.com/camerabag/features/#whatsnew" target="_blank" rel="noopener external noreferrer">nevercenter.com</a> &gt;</span></p>
',
    content_local = '
<p>Примечания к выпуску доступны на официальном сайте <span style="color:rgb(13,132,251);"><a href="https://anonim.xyz/go/https://nevercenter.com/camerabag/features/#whatsnew" target="_blank" rel="noopener external noreferrer">nevercenter.com</a> &gt;</span></p>
'
  WHERE
    app_id = 193.0 AND title = 'Что нового'
;

  UPDATE download_info
  SET
    content_local = '<p>Смонтируйте образ и запустите&nbsp;Open Gatekeeper friendly.</p>
<p>Нажмите Enter для обхода Gatekeeper в окне Терминал.</p>
<p>Перетащите приложение в папку Программы (Applications).</p>
<p>Приложение готово к использованию.</p>',
    content = '<p>Смонтируйте образ и запустите&nbsp;Open Gatekeeper friendly.</p>
<p>Нажмите Enter для обхода Gatekeeper в окне Терминал.</p>
<p>Перетащите приложение в папку Программы (Applications).</p>
<p>Приложение готово к использованию.</p>'
  WHERE
    app_id = 193.0
;

      INSERT OR REPLACE INTO download_links (app_id, title, href, title_local, version)
      VALUES (193.0, 'Прямая ссылка на скачивание', 'https://vk.com/doc781359414_672910031', '直接链接下载安装程序', '2024.0.1')
  ;

    INSERT INTO older_versions (app_id, title, url, title_local)
    VALUES (193.0, 'CameraBag Pro 2023.3.0 [TNT] для OS X 10.10 и новее', 'https://vk.com/doc781359414_672131674', 'CameraBag Pro 2023.3.0 [TNT] 适用于 OS X 10.10 及以上版本')
;

    UPDATE app
    SET
        name = 'UltraCompare',
        bg_image = 'https://appstorrent.ru/templates/appstorrent-4ac2e09b1a/assets/img/bg.webp',
        icon = 'https://appstorrent.ru/uploads/posts/2023-01/1672746142_icon.webp',
        version = '23.1.0.23',
        description = 'Сравнение файлов',
        description_local = '',
        detail_url = 'https://appstorrent.ru/535-ultracompare.html',
        file_size = '36 MB',
        developer = 'IDM Computer Solutions',
        activation = 'K''ed by TNT team',
        compatibility = 'macOS 10.13及以上版本',
        architecture = 'x86 (64-bit)',
        published_date = '2023/11/23',
        releaseDate = '',
        note = '',
        views = '10835',
        link = 'https://anonim.xyz/go/https://www.ultraedit.com/products/ultracompare-mac/',
        detail_version = '23.1.0.23',
        banner = '["https://appstorrent.ru/uploads/posts/2022-12/1670150635_1.jpeg","https://appstorrent.ru/uploads/posts/2022-12/1670150635_2.jpeg","https://appstorrent.ru/uploads/posts/2022-12/1670150635_3.jpeg","https://appstorrent.ru/uploads/posts/2022-12/1670150636_4.jpeg"]'
    WHERE
        id = 314.0
    ;

  UPDATE tabs
  SET
    content = '
<p>UltraCompare — это текстовый редактор, оптимизированный для работы одновременно с несколькими файлами, с целью нахождения отличий в этих файлах. Поддерживает построчное сравнение (Binary Compare) отдельных файлов. В строке состояния отображается количество различных блоков, также предусмотрена возможность поиска различий в папках путём рекурсивного сравнения директории и всех её поддиректорий.</p>
<p><br></p>
<p>Ключевая особенность</p>
<p>Сравнить 2 или 3 файла за раз</p>
<p>Объединить различия</p>
<p>Фильтровать сравнение, чтобы показать только совпадения или различия</p>
<p>Игнорировать пробелы, окончания строк, конкретные строки и т. Д.</p>
<p>Вручную установить начальную точку сравнения текста</p>
<p>Редактируйте текстовые файлы по мере их сопоставления</p>
<p>Вставить и сравнить фрагменты текста</p>
<p>Предварительный просмотр HTML-файлов в браузере</p>
<p>Сравните файлы из Интернета по URL-адресу</p>
<p>Сравните файлы и папки с FTP / SFTP</p>
<p>Сканирование и перемещение различий с помощью мини-карты</p>
<p>Сравнение документов Word (.doc / .docx), PDF и RTF</p>
<p>Синхронизировать папки быстро и легко</p>
<p>Поиск и устранение дубликатов файлов</p>
<p>Сохранение и повторное использование наиболее часто используемых сравнений с сеансами</p>
<p>Перетаскивание папок и файлов для их сравнения.</p>
<p>Интеграция с проводником Windows</p>
<p>Интеграция с Subversion, CVS, Visual SourceSafe, Perforce и т. Д.</p>
<p>Изменить приложение и сравнить цвета с темами</p>
<p>Показать сравнение по вертикали или по горизонтали</p>
<p>Сохранять разницу и отчеты о результатах</p>
',
    content_local = '
<p>UltraCompare — это текстовый редактор, оптимизированный для работы одновременно с несколькими файлами, с целью нахождения отличий в этих файлах. Поддерживает построчное сравнение (Binary Compare) отдельных файлов. В строке состояния отображается количество различных блоков, также предусмотрена возможность поиска различий в папках путём рекурсивного сравнения директории и всех её поддиректорий.</p>
<p><br></p>
<p>Ключевая особенность</p>
<p>Сравнить 2 или 3 файла за раз</p>
<p>Объединить различия</p>
<p>Фильтровать сравнение, чтобы показать только совпадения или различия</p>
<p>Игнорировать пробелы, окончания строк, конкретные строки и т. Д.</p>
<p>Вручную установить начальную точку сравнения текста</p>
<p>Редактируйте текстовые файлы по мере их сопоставления</p>
<p>Вставить и сравнить фрагменты текста</p>
<p>Предварительный просмотр HTML-файлов в браузере</p>
<p>Сравните файлы из Интернета по URL-адресу</p>
<p>Сравните файлы и папки с FTP / SFTP</p>
<p>Сканирование и перемещение различий с помощью мини-карты</p>
<p>Сравнение документов Word (.doc / .docx), PDF и RTF</p>
<p>Синхронизировать папки быстро и легко</p>
<p>Поиск и устранение дубликатов файлов</p>
<p>Сохранение и повторное использование наиболее часто используемых сравнений с сеансами</p>
<p>Перетаскивание папок и файлов для их сравнения.</p>
<p>Интеграция с проводником Windows</p>
<p>Интеграция с Subversion, CVS, Visual SourceSafe, Perforce и т. Д.</p>
<p>Изменить приложение и сравнить цвета с темами</p>
<p>Показать сравнение по вертикали или по горизонтали</p>
<p>Сохранять разницу и отчеты о результатах</p>
'
  WHERE
    app_id = 314.0 AND title = 'Описание'
;

  UPDATE tabs
  SET
    content = '
<p>Примечания к выпуску недоступны на момент публикации.</p>
',
    content_local = '
<p>Примечания к выпуску недоступны на момент публикации.</p>
'
  WHERE
    app_id = 314.0 AND title = 'Что нового'
;

  UPDATE download_info
  SET
    content_local = '<p>Смонтируйте образ и запустите Open Gatekeeper friendly.</p>
<p>Нажмите Enter для обхода Gatekeeper в окне Терминал.</p>
<p>Перетащите приложение в папку Программы (Applications).</p>
<p>Приложение готово к использованию.</p>',
    content = '<p>Смонтируйте образ и запустите Open Gatekeeper friendly.</p>
<p>Нажмите Enter для обхода Gatekeeper в окне Терминал.</p>
<p>Перетащите приложение в папку Программы (Applications).</p>
<p>Приложение готово к использованию.</p>'
  WHERE
    app_id = 314.0
;

      INSERT OR REPLACE INTO download_links (app_id, title, href, title_local, version)
      VALUES (314.0, 'Прямая ссылка на скачивание', 'https://vk.com/doc781359414_672899010', '直接链接下载安装程序', '23.1.0.23')
  ;

    UPDATE app
    SET
        name = 'Firetask',
        bg_image = 'https://appstorrent.ru/uploads/posts/2022-03/1648571263_firetask.jpg',
        icon = 'https://appstorrent.ru/uploads/posts/2022-03/1648570736_icon.png',
        version = '4.8.1',
        description = 'Диспетчер задач',
        description_local = '',
        detail_url = 'https://appstorrent.ru/1035-firetask.html',
        file_size = '10 MB',
        developer = 'Elemental Tools GmbH',
        activation = 'K''ed by TNT team',
        compatibility = 'OS X 10.10及以上版本',
        architecture = 'ARMx86 (64-bit)',
        published_date = '2023/11/23',
        releaseDate = '',
        note = '',
        views = '7206',
        link = 'https://anonim.xyz/go/https://elemental-tools.com/firetask/overview.html',
        detail_version = '4.8.1',
        banner = '["https://appstorrent.ru/uploads/posts/2022-03/1648570740_1.jpg","https://appstorrent.ru/uploads/posts/2022-03/1648570740_2.jpg","https://appstorrent.ru/uploads/posts/2022-03/1648570741_3.jpg","https://appstorrent.ru/uploads/posts/2022-03/1648570741_4.jpg"]'
    WHERE
        id = 623.0
    ;

  UPDATE tabs
  SET
    content = '
<p>Firetask позволяет занятым людям выполнять задачи в стиле Канбан. От записи ваших мыслей и управления вашими личными делами до организации и сосредоточения внимания на ваших самых важных задачах, Firetask уникальным образом сочетает в себе Kanban и GTD.</p>
<p><br></p>
<p>Ключевая особенность</p>
<p>- Интуитивно понятный рабочий процесс GTD. Простая, логичная навигация, основанная на основных этапах GTD: Сбор (Захват), Фокус, Управление и Обзор.</p>
<p>- Очистить представление «Сегодня». Единый обзор всех ваших задач, которые должны быть выполнены, а также задач, находящихся в центре внимания, а также, при необходимости, отображения текущих задач и задач, завершенных ранее сегодня.</p>
<p>- Ожидание списка. Автоматически управляемый список ожидающих GTD — сгруппированный по исполнителям всех ваших делегированных задач.</p>
<p>- Несколько просмотров канбан. Перетаскивайте канбан-представления по статусам, предстоящим и запланированным задачам, приоритетам и категориям.</p>
<p>- Визуализация календаря. Представление «Практические даты» показывает ежемесячный обзор ваших задач в календаре — поддерживает режимы выполнения и расписания.</p>
<p>- Проекты и портфолио. Всесторонняя поддержка списков задач проекта с визуализацией хода выполнения и дополнительными портфолио</p>
<p>- Действия и контрольные списки. Разделяйте сложные задачи на более мелкие действия и сохраняйте повторно используемые задачи в виде контрольных списков многократного использования.</p>
<p>- Интеграции и API. Интеграция со встроенными приложениями «Календарь» и «Напоминания» — простой API на основе схемы URL</p>
<p>- Синхронизация через iCloud. Прозрачная синхронизация через iCloud от Apple — отдельная учетная запись не требуется</p>
<p>- Конфиденциальность по дизайну. Ваши задачи остаются на ваших устройствах и только в вашей учетной записи iCloud.</p>
',
    content_local = '
<p>Firetask позволяет занятым людям выполнять задачи в стиле Канбан. От записи ваших мыслей и управления вашими личными делами до организации и сосредоточения внимания на ваших самых важных задачах, Firetask уникальным образом сочетает в себе Kanban и GTD.</p>
<p><br></p>
<p>Ключевая особенность</p>
<p>- Интуитивно понятный рабочий процесс GTD. Простая, логичная навигация, основанная на основных этапах GTD: Сбор (Захват), Фокус, Управление и Обзор.</p>
<p>- Очистить представление «Сегодня». Единый обзор всех ваших задач, которые должны быть выполнены, а также задач, находящихся в центре внимания, а также, при необходимости, отображения текущих задач и задач, завершенных ранее сегодня.</p>
<p>- Ожидание списка. Автоматически управляемый список ожидающих GTD — сгруппированный по исполнителям всех ваших делегированных задач.</p>
<p>- Несколько просмотров канбан. Перетаскивайте канбан-представления по статусам, предстоящим и запланированным задачам, приоритетам и категориям.</p>
<p>- Визуализация календаря. Представление «Практические даты» показывает ежемесячный обзор ваших задач в календаре — поддерживает режимы выполнения и расписания.</p>
<p>- Проекты и портфолио. Всесторонняя поддержка списков задач проекта с визуализацией хода выполнения и дополнительными портфолио</p>
<p>- Действия и контрольные списки. Разделяйте сложные задачи на более мелкие действия и сохраняйте повторно используемые задачи в виде контрольных списков многократного использования.</p>
<p>- Интеграции и API. Интеграция со встроенными приложениями «Календарь» и «Напоминания» — простой API на основе схемы URL</p>
<p>- Синхронизация через iCloud. Прозрачная синхронизация через iCloud от Apple — отдельная учетная запись не требуется</p>
<p>- Конфиденциальность по дизайну. Ваши задачи остаются на ваших устройствах и только в вашей учетной записи iCloud.</p>
'
  WHERE
    app_id = 623.0 AND title = 'Описание'
;

  UPDATE download_info
  SET
    content_local = '<p>Смонтируйте образ и запустите Open Gatekeeper friendly.<br>Нажмите Enter для обхода Gatekeeper в окне Терминал.<br>Перетащите приложение в папку Программы (Applications).<br>Приложение готово к использованию.</p>
<p><span style="color:rgb(251,160,38);">ВНИМАНИЕ! Требуется отключение SIP.&nbsp;</span><span style="color:rgb(13,132,251);"><a href="/510-sip.html" target="_blank">Подробнее</a> &gt;</span></p>',
    content = '<p>Смонтируйте образ и запустите Open Gatekeeper friendly.<br>Нажмите Enter для обхода Gatekeeper в окне Терминал.<br>Перетащите приложение в папку Программы (Applications).<br>Приложение готово к использованию.</p>
<p><span style="color:rgb(251,160,38);">ВНИМАНИЕ! Требуется отключение SIP.&nbsp;</span><span style="color:rgb(13,132,251);"><a href="/510-sip.html" target="_blank">Подробнее</a> &gt;</span></p>'
  WHERE
    app_id = 623.0
;

      INSERT OR REPLACE INTO download_links (app_id, title, href, title_local, version)
      VALUES (623.0, 'Прямая ссылка на скачивание', 'https://vk.com/doc781359414_672909914', '直接链接下载安装程序', '4.8.1')
  ;

    UPDATE app
    SET
        name = 'Lunar Pro',
        bg_image = 'https://appstorrent.ru/uploads/posts/2021-11/1637076157_lunar-pro.jpg',
        icon = 'https://appstorrent.ru/uploads/posts/2021-11/1637075041_icon.png',
        version = '6.4.4',
        description = 'Адаптивная яркость',
        description_local = '',
        detail_url = 'https://appstorrent.ru/781-lunar-pro.html',
        file_size = '21 MB',
        developer = 'Alin Panaitiu',
        activation = 'В комплекте',
        compatibility = 'macOS 11及以上版本',
        architecture = 'ARMx86 (64-bit)',
        published_date = '2023/11/23',
        releaseDate = '',
        note = '',
        views = '15284',
        link = 'https://anonim.xyz/go/https://lunar.fyi/',
        detail_version = '6.4.4',
        banner = '["https://appstorrent.ru/uploads/posts/2021-11/1637075843_1.jpg","https://appstorrent.ru/uploads/posts/2021-11/1637075844_2.jpg","https://appstorrent.ru/uploads/posts/2021-11/1637075844_3.jpg","https://appstorrent.ru/uploads/posts/2021-11/1637075844_4.jpg"]'
    WHERE
        id = 731.0
    ;

  UPDATE tabs
  SET
    content = '
<p>Интеллектуальная адаптивная яркость внешнего дисплея. Lunar управляет такой же яркостью, которую вы можете изменить с помощью физических кнопок монитора.</p>
<p><br></p>
<p>Адаптивная яркость (и контраст) на основе сенсора на основе внешнего светового сенсора</p>
<p>Адаптивная яркость (и контраст) на основе синхронизации на основе встроенного датчика освещенности Macbook или iMac</p>
<p>Адаптивная яркость (и контраст) на основе местоположения на основе времени восхода / захода солнца в вашем местоположении</p>
<p>Список исключений приложений, если вам нужно больше яркости для определенных действий (просмотр фильмов, дизайн)</p>
<p>Индивидуальные настройки для каждого дисплея</p>
<p>Ручное управление и горячие клавиши для настройки яркости и контрастности с учетом минимальных / максимальных значений для каждого монитора</p>
<p>Это совершенно не мешает встроенной адаптивной яркости, которую macOS реализует для встроенного дисплея.</p>
<p><br></p>
<p>Он хорошо работает в режимах Night Shift и True Tone (и f.lux, если не используются элементы управления Gamma / Software)</p>
',
    content_local = '
<p>Интеллектуальная адаптивная яркость внешнего дисплея. Lunar управляет такой же яркостью, которую вы можете изменить с помощью физических кнопок монитора.</p>
<p><br></p>
<p>Адаптивная яркость (и контраст) на основе сенсора на основе внешнего светового сенсора</p>
<p>Адаптивная яркость (и контраст) на основе синхронизации на основе встроенного датчика освещенности Macbook или iMac</p>
<p>Адаптивная яркость (и контраст) на основе местоположения на основе времени восхода / захода солнца в вашем местоположении</p>
<p>Список исключений приложений, если вам нужно больше яркости для определенных действий (просмотр фильмов, дизайн)</p>
<p>Индивидуальные настройки для каждого дисплея</p>
<p>Ручное управление и горячие клавиши для настройки яркости и контрастности с учетом минимальных / максимальных значений для каждого монитора</p>
<p>Это совершенно не мешает встроенной адаптивной яркости, которую macOS реализует для встроенного дисплея.</p>
<p><br></p>
<p>Он хорошо работает в режимах Night Shift и True Tone (и f.lux, если не используются элементы управления Gamma / Software)</p>
'
  WHERE
    app_id = 731.0 AND title = 'Описание'
;

  UPDATE tabs
  SET
    content = '
<p>Примечания к выпуску доступны на официальном сайте <span style="color:rgb(13,132,251);"><a href="https://anonim.xyz/go/https://lunar.fyi/changelog" target="_blank" rel="noopener external noreferrer">lunar.fyi</a> &gt;</span></p>
',
    content_local = '
<p>Примечания к выпуску доступны на официальном сайте <span style="color:rgb(13,132,251);"><a href="https://anonim.xyz/go/https://lunar.fyi/changelog" target="_blank" rel="noopener external noreferrer">lunar.fyi</a> &gt;</span></p>
'
  WHERE
    app_id = 731.0 AND title = 'Что нового'
;

  UPDATE download_info
  SET
    content_local = '<p>Инструкция по установке и активации поставляется в комплекте (внутри).</p>',
    content = '<p>Инструкция по установке и активации поставляется в комплекте (внутри).</p>'
  WHERE
    app_id = 731.0
;

      INSERT OR REPLACE INTO download_links (app_id, title, href, title_local, version)
      VALUES (731.0, 'Прямая ссылка на скачивание', 'https://vk.com/doc781359414_672916382', '直接链接下载安装程序', '6.4.4')
  ;

    INSERT INTO older_versions (app_id, title, url, title_local)
    VALUES (731.0, 'Lunar Pro 5.3.3 [TNT] для macOS 10.15 и новее', 'https://vk.com/doc154826112_629950781', 'Lunar Pro 5.3.3 [TNT] 适用于 macOS 10.15 及以上版本')
;

    UPDATE app
    SET
        name = 'Oxygen Not Included',
        bg_image = 'https://appstorrent.ru/uploads/posts/2022-02/1645542220_oxygen-not-included.jpg',
        icon = 'https://appstorrent.ru/uploads/posts/2022-07/1658107527_oxygen-not-included-icon.png',
        version = '581979',
        description = '
ИгрыИнди-игрыСимуляторы
',
        description_local = '',
        detail_url = 'https://appstorrent.ru/869-oxygen-not-included.html',
        file_size = '1 GB',
        developer = 'Klei Entertainment',
        activation = 'K''ed by ACTiVATED',
        compatibility = '',
        architecture = 'ARMx86 (64-bit)',
        published_date = '2023/11/23',
        releaseDate = '',
        note = '',
        views = '36157',
        link = 'https://anonim.xyz/go/https://www.klei.com/games/oxygen-not-included',
        detail_version = '581979',
        banner = '["https://appstorrent.ru/uploads/posts/2022-02/1645281457_1.jpg","https://appstorrent.ru/uploads/posts/2022-02/1645281458_2.jpg","https://appstorrent.ru/uploads/posts/2022-02/1645281459_3.jpg","https://appstorrent.ru/uploads/posts/2022-02/1645281459_4.jpg"]'
    WHERE
        id = 1081.0
    ;

  UPDATE tabs
  SET
    content = '
<div>Задача игрока в Oxygen Not Included — добыча еды, воды, кислорода, ценных ресурсов и счастья для дупликантов — жителей его колонии. Мир расселился по разным частям, из-за этого половина людей отправилась на другие планеты, а вторая часть прозвала себя дубликантами и решила путешествовать по космосу, летая между астероидами.</div>
<div></div>
<div>Идея самого хардкорного симулятора выживания в стратегической оболочке - Oxygen Not Included — показывает, что содержание собственной базы и нескольких человек на ней — это невероятно сложно. Чем ниже счастье наших поселенцем, тем больше они протестуют, тем хуже работают и справляются со своими задачами. Важно, что большинство поселенцев обладают индивидуальным характером. Благо, что разработчики сделали не несколько сотен игроков, а всего десяток.</div>
<div></div>
<div>Реальность симулятора зашкаливает. Например, чтобы ваши люди спокойно чувствовали себя на новом астероиде, который вы выбираете в начале, им нужна полноценная база. Чтобы прокачать её, необходимо вылезать из здания и лезть в ущелья, чтобы добыть ископаемые. После этого поселенцы захотят достаточное количество еды с «запасом», а потом потребуют машину для отдыха. Как только они начинают поглощать всё на своём пути, у вас появляются отходы, которые ведут к череде заболеваний. Таким образом в игре мы будем справляться с одной проблемой, которая тут же порождает другую.</div>
<div></div>
<div>У колонистов будет свой навык, определяющийся во время выполнения работ. Например, кто-то будет легко обучаться и строить планы; кто-то легко заниматься рытьем, потому что применение инструмента для него не ново; кто-то отлично справится с созданием креативных решений проблем. Каждый делает свою работу, но вы должны внимательно следить за наполнением мочевого пузыря, стрессом и «загруженностью» своих поселенцев.</div>
',
    content_local = '
<div>Задача игрока в Oxygen Not Included — добыча еды, воды, кислорода, ценных ресурсов и счастья для дупликантов — жителей его колонии. Мир расселился по разным частям, из-за этого половина людей отправилась на другие планеты, а вторая часть прозвала себя дубликантами и решила путешествовать по космосу, летая между астероидами.</div>
<div></div>
<div>Идея самого хардкорного симулятора выживания в стратегической оболочке - Oxygen Not Included — показывает, что содержание собственной базы и нескольких человек на ней — это невероятно сложно. Чем ниже счастье наших поселенцем, тем больше они протестуют, тем хуже работают и справляются со своими задачами. Важно, что большинство поселенцев обладают индивидуальным характером. Благо, что разработчики сделали не несколько сотен игроков, а всего десяток.</div>
<div></div>
<div>Реальность симулятора зашкаливает. Например, чтобы ваши люди спокойно чувствовали себя на новом астероиде, который вы выбираете в начале, им нужна полноценная база. Чтобы прокачать её, необходимо вылезать из здания и лезть в ущелья, чтобы добыть ископаемые. После этого поселенцы захотят достаточное количество еды с «запасом», а потом потребуют машину для отдыха. Как только они начинают поглощать всё на своём пути, у вас появляются отходы, которые ведут к череде заболеваний. Таким образом в игре мы будем справляться с одной проблемой, которая тут же порождает другую.</div>
<div></div>
<div>У колонистов будет свой навык, определяющийся во время выполнения работ. Например, кто-то будет легко обучаться и строить планы; кто-то легко заниматься рытьем, потому что применение инструмента для него не ново; кто-то отлично справится с созданием креативных решений проблем. Каждый делает свою работу, но вы должны внимательно следить за наполнением мочевого пузыря, стрессом и «загруженностью» своих поселенцев.</div>
'
  WHERE
    app_id = 1081.0 AND title = 'Описание'
;

  UPDATE tabs
  SET
    content = '
<p>Система: Mac OS 10.13+</p>
<p>Процессор: Dual Core 2 GHz</p>
<p>Память: 4 GB RAM</p>
<p>Графика: Intel HD 4600 (AMD or NVIDIA equivalent)</p>
<p>Хранение: 2 GB</p>
',
    content_local = '
<p>Система: Mac OS 10.13+</p>
<p>Процессор: Dual Core 2 GHz</p>
<p>Память: 4 GB RAM</p>
<p>Графика: Intel HD 4600 (AMD or NVIDIA equivalent)</p>
<p>Хранение: 2 GB</p>
'
  WHERE
    app_id = 1081.0 AND title = 'Мин. требования'
;

      INSERT INTO tabs (app_id, title, content, content_local)
      VALUES (1081.0, 'DLC', '
<p>Space Out</p>
', '
<p>Space Out</p>
')
  ;

  UPDATE download_info
  SET
    content_local = '<p>Запустите скачанный образ и перетащите игру в ярлык папки Программы (Applications).</p>
<p>После завершения копирования игру можно запустить через Launchpad.</p>',
    content = '<p>Запустите скачанный образ и перетащите игру в ярлык папки Программы (Applications).</p>
<p>После завершения копирования игру можно запустить через Launchpad.</p>'
  WHERE
    app_id = 1081.0
;

      INSERT OR REPLACE INTO download_links (app_id, title, href, title_local, version)
      VALUES (1081.0, 'Прямая ссылка на скачивание', 'https://vk.com/doc781359414_672829552', '直接链接下载安装程序', '581979')
  ;

    INSERT INTO older_versions (app_id, title, url, title_local)
    VALUES (1081.0, 'Oxygen Not Included 568201', 'https://vk.com/doc781359414_671288242', NULL)
;

    INSERT INTO older_versions (app_id, title, url, title_local)
    VALUES (1081.0, 'Oxygen Not Included 546664', 'https://vk.com/s/v1/doc/sQSEZ9Y3dUvsGTrVXJUBqu1OQPydnH-ElF2DPTcT4ZS78mibNSM', NULL)
;

    UPDATE app
    SET
        name = 'Streets Of Rage 4',
        bg_image = 'https://appstorrent.ru/uploads/posts/2021-08/1629178457_streets-of-rage-4.jpg',
        icon = 'https://appstorrent.ru/uploads/posts/2021-08/1629178651_streets-of-rage-4-icon.jpg',
        version = '08g_r18208',
        description = '
ИгрыИнди-игрыЭкшен
',
        description_local = '',
        detail_url = 'https://appstorrent.ru/688-streets-of-rage-4.html',
        file_size = '6 GB',
        developer = 'DotEmu',
        activation = 'DRM-FREE (без защиты)',
        compatibility = '',
        architecture = 'x86 (64-bit)',
        published_date = '2023/11/23',
        releaseDate = '',
        note = '',
        views = '38196',
        link = 'https://anonim.xyz/go/https://www.streets4rage.com/',
        detail_version = '08g_r18208',
        banner = '["https://appstorrent.ru/uploads/posts/2021-08/1629143758_streets_of_rage_4-1-min.jpg","https://appstorrent.ru/uploads/posts/2021-08/1629143759_streets_of_rage_4-4-min.jpg","https://appstorrent.ru/uploads/posts/2021-08/1629143758_streets_of_rage_4-2-min.jpg","https://appstorrent.ru/uploads/posts/2021-08/1629143758_streets_of_rage_4-3-min.jpg"]'
    WHERE
        id = 1096.0
    ;

  UPDATE tabs
  SET
    content = '
<p>Streets of Rage 4 – Это новая часть одной из лучших игр в жанре beat ’em up, сочетающая в себе забористый саундтрек в стиле девяностых и старое доброе насилие! Наши старые друзья возвращаются: Axel, Blaze и Adam объединяются со своими новыми товарищами Floyd Iraia и Cherry Hunter. Наши герои более чем готовы наставить преступников на путь истинный под ритмичный завораживающий бит.&nbsp;</p>
<p><br></p>
<p>Это просто праздник какой-то. Вас ждут не только 5 новых персонажей, но и возможность открыть пиксельные версии героев предыдущих частей Streets of Rage (Axel, Adam, Blaze, Skate, Max) — ретро-эффекты идеально вписываются в отрисованные от руки задники в HD-качестве.<br style="color:rgb(50,50,50);font-family:''Segoe UI'', Tahoma, Geneva, Verdana, sans-serif;font-size:12px;font-style:normal;font-weight:400;letter-spacing:normal;text-align:justify;text-indent:0px;text-transform:none;white-space:normal;word-spacing:0px;">Наши старые друзья возвращаются: Axel, Blaze и Adam объединяются со своими новыми товарищами Floyd Iraia и Cherry Hunter. Наши герои более чем готовы наставить преступников на путь истинный под ритмичный завораживающий бит.</p>
<p>Streets of Rage 4 станет первой частью серии, вышедшей за последние 25 лет. Axel, Adam и Blaze готовы снова сделать beat ’em up с прокруткой популярным. Новые способности, треки от лучших композиторов, отрисованные вручную анимации — Streets of Rage 4 возродит серию, которую с таким теплом вспоминают фанаты.</p>
<p><br></p>
<p>Особенности игры:</p>
<p>Вручную отрисованная графика и анимации от студии, создавшей Wonder Boy: The Dragon’s Trap.<br style="color:rgb(32,32,32);font-family:''Open Sans'', Arial, Helvetica, sans-serif;font-size:15px;font-style:normal;font-weight:bold;letter-spacing:normal;text-indent:0px;text-transform:none;white-space:normal;word-spacing:0px;background-color:rgb(255,255,255);">Классический геймплей с новыми механиками.<br style="color:rgb(32,32,32);font-family:''Open Sans'', Arial, Helvetica, sans-serif;font-size:15px;font-style:normal;font-weight:bold;letter-spacing:normal;text-indent:0px;text-transform:none;white-space:normal;word-spacing:0px;background-color:rgb(255,255,255);">Саундтрек, написанный композиторами мирового уровня.<br style="color:rgb(32,32,32);font-family:''Open Sans'', Arial, Helvetica, sans-serif;font-size:15px;font-style:normal;font-weight:bold;letter-spacing:normal;text-indent:0px;text-transform:none;white-space:normal;word-spacing:0px;background-color:rgb(255,255,255);">Курочка в каждом ящике.<br style="color:rgb(32,32,32);font-family:''Open Sans'', Arial, Helvetica, sans-serif;font-size:15px;font-style:normal;font-weight:bold;letter-spacing:normal;text-indent:0px;text-transform:none;white-space:normal;word-spacing:0px;background-color:rgb(255,255,255);">Добрый десяток разблокируемых пиксельных версий персонажей из прошлых частей Streets of Rage.<br style="color:rgb(32,32,32);font-family:''Open Sans'', Arial, Helvetica, sans-serif;font-size:15px;font-style:normal;font-weight:bold;letter-spacing:normal;text-indent:0px;text-transform:none;white-space:normal;word-spacing:0px;background-color:rgb(255,255,255);">12 уникальных уровней.&nbsp;</p>
',
    content_local = '
<p>Streets of Rage 4 – Это новая часть одной из лучших игр в жанре beat ’em up, сочетающая в себе забористый саундтрек в стиле девяностых и старое доброе насилие! Наши старые друзья возвращаются: Axel, Blaze и Adam объединяются со своими новыми товарищами Floyd Iraia и Cherry Hunter. Наши герои более чем готовы наставить преступников на путь истинный под ритмичный завораживающий бит.&nbsp;</p>
<p><br></p>
<p>Это просто праздник какой-то. Вас ждут не только 5 новых персонажей, но и возможность открыть пиксельные версии героев предыдущих частей Streets of Rage (Axel, Adam, Blaze, Skate, Max) — ретро-эффекты идеально вписываются в отрисованные от руки задники в HD-качестве.<br style="color:rgb(50,50,50);font-family:''Segoe UI'', Tahoma, Geneva, Verdana, sans-serif;font-size:12px;font-style:normal;font-weight:400;letter-spacing:normal;text-align:justify;text-indent:0px;text-transform:none;white-space:normal;word-spacing:0px;">Наши старые друзья возвращаются: Axel, Blaze и Adam объединяются со своими новыми товарищами Floyd Iraia и Cherry Hunter. Наши герои более чем готовы наставить преступников на путь истинный под ритмичный завораживающий бит.</p>
<p>Streets of Rage 4 станет первой частью серии, вышедшей за последние 25 лет. Axel, Adam и Blaze готовы снова сделать beat ’em up с прокруткой популярным. Новые способности, треки от лучших композиторов, отрисованные вручную анимации — Streets of Rage 4 возродит серию, которую с таким теплом вспоминают фанаты.</p>
<p><br></p>
<p>Особенности игры:</p>
<p>Вручную отрисованная графика и анимации от студии, создавшей Wonder Boy: The Dragon’s Trap.<br style="color:rgb(32,32,32);font-family:''Open Sans'', Arial, Helvetica, sans-serif;font-size:15px;font-style:normal;font-weight:bold;letter-spacing:normal;text-indent:0px;text-transform:none;white-space:normal;word-spacing:0px;background-color:rgb(255,255,255);">Классический геймплей с новыми механиками.<br style="color:rgb(32,32,32);font-family:''Open Sans'', Arial, Helvetica, sans-serif;font-size:15px;font-style:normal;font-weight:bold;letter-spacing:normal;text-indent:0px;text-transform:none;white-space:normal;word-spacing:0px;background-color:rgb(255,255,255);">Саундтрек, написанный композиторами мирового уровня.<br style="color:rgb(32,32,32);font-family:''Open Sans'', Arial, Helvetica, sans-serif;font-size:15px;font-style:normal;font-weight:bold;letter-spacing:normal;text-indent:0px;text-transform:none;white-space:normal;word-spacing:0px;background-color:rgb(255,255,255);">Курочка в каждом ящике.<br style="color:rgb(32,32,32);font-family:''Open Sans'', Arial, Helvetica, sans-serif;font-size:15px;font-style:normal;font-weight:bold;letter-spacing:normal;text-indent:0px;text-transform:none;white-space:normal;word-spacing:0px;background-color:rgb(255,255,255);">Добрый десяток разблокируемых пиксельных версий персонажей из прошлых частей Streets of Rage.<br style="color:rgb(32,32,32);font-family:''Open Sans'', Arial, Helvetica, sans-serif;font-size:15px;font-style:normal;font-weight:bold;letter-spacing:normal;text-indent:0px;text-transform:none;white-space:normal;word-spacing:0px;background-color:rgb(255,255,255);">12 уникальных уровней.&nbsp;</p>
'
  WHERE
    app_id = 1096.0 AND title = 'Описание'
;

  UPDATE tabs
  SET
    content = '
<p>ОС: 10.9 Mavericks or newer</p>
<p>Процессор: Intel Core 2 Duo E8400 | AMD Phenom II X4 965</p>
<p>Оперативная память: 4 GB ОЗУ</p>
<p>Видеокарта: NVIDIA GeForce GTS 250</p>
<p>Место на диске: 8 GB</p>
',
    content_local = '
<p>ОС: 10.9 Mavericks or newer</p>
<p>Процессор: Intel Core 2 Duo E8400 | AMD Phenom II X4 965</p>
<p>Оперативная память: 4 GB ОЗУ</p>
<p>Видеокарта: NVIDIA GeForce GTS 250</p>
<p>Место на диске: 8 GB</p>
'
  WHERE
    app_id = 1096.0 AND title = 'Мин. требования'
;

  UPDATE tabs
  SET
    content = '
<p>Mr. X Nightmare</p>
',
    content_local = '
<p>Mr. X Nightmare</p>
'
  WHERE
    app_id = 1096.0 AND title = 'DLC'
;

  UPDATE download_info
  SET
    content_local = '<p>Смонтируйте скачанный образ и выполните стандартную процедуру установки.</p>
<p>Установка завершается выбором места для размещения игры.</p>
<p>Рекомендуется указывать папку Программы (Applications).</p>',
    content = '<p>Смонтируйте скачанный образ и выполните стандартную процедуру установки.</p>
<p>Установка завершается выбором места для размещения игры.</p>
<p>Рекомендуется указывать папку Программы (Applications).</p>'
  WHERE
    app_id = 1096.0
;

      INSERT OR REPLACE INTO download_links (app_id, title, href, title_local, version)
      VALUES (1096.0, 'Скачать с Mediafire', 'https://www.mediafire.com/file/3ykbo1pf05vpgmf/streets_of_rage_4_enUS_v08g_r18208.zip/file', '下载 Mediafire', '08g_r18208')
  ;

    UPDATE app
    SET
        name = 'Megaquarium',
        bg_image = 'https://appstorrent.ru/templates/appstorrent-4ac2e09b1a/assets/img/bg.webp',
        icon = 'https://appstorrent.ru/uploads/posts/2023-02/1675609954_playericon-2.webp',
        version = '4.0.18g',
        description = '
ИгрыСимуляторыСтратегии
',
        description_local = '',
        detail_url = 'https://appstorrent.ru/2150-megaquarium.html',
        file_size = '407 MB',
        developer = 'Twice Circled',
        activation = 'Не требуется',
        compatibility = '',
        architecture = 'x86 (64-bit)',
        published_date = '2023/11/23',
        releaseDate = '',
        note = '',
        views = '13500',
        link = 'https://anonim.xyz/go/https://www.twicecircled.com/megaquarium/',
        detail_version = '4.0.18g',
        banner = '["https://appstorrent.ru/uploads/posts/2023-02/1675610054_ss_1d030f00c0213aa3f66569b58485c924132f9628_1920x1080.webp","https://appstorrent.ru/uploads/posts/2023-02/1675610056_ss_06a0630c6b08466c4301e2900cee6f0bf972e9d0_1920x1080.webp","https://appstorrent.ru/uploads/posts/2023-02/1675610055_ss_5b7ce5c798db0441ce4d61690be77fcdcc953f85_1920x1080.webp","https://appstorrent.ru/uploads/posts/2023-02/1675610056_ss_8e4b4ca8aa9d7489cbe8ecdc1b736df7c08ed84f_1920x1080.webp"]'
    WHERE
        id = 1153.0
    ;

  UPDATE download_info
  SET
    content_local = '<p>Распакуйте архив и выполните стандартную процедуру установки.<br>Установка завершается выбором места для размещения игры.<br>Рекомендуется указывать папку Программы (Applications).</p>',
    content = '<p>Распакуйте архив и выполните стандартную процедуру установки.<br>Установка завершается выбором места для размещения игры.<br>Рекомендуется указывать папку Программы (Applications).</p>'
  WHERE
    app_id = 1153.0
;

      INSERT OR REPLACE INTO download_links (app_id, title, href, title_local, version)
      VALUES (1153.0, 'Прямая ссылка на скачивание', 'https://vk.com/doc781359414_672830133', '直接链接下载安装程序', '4.0.18g')
  ;

    INSERT INTO older_versions (app_id, title, url, title_local)
    VALUES (1153.0, 'Megaquarium 4.0.16g', 'https://vk.com/doc781359414_671977879', NULL)
;

    UPDATE app
    SET
        name = 'So Much Stuff 3: Odds & Ends',
        bg_image = 'https://appstorrent.ru/templates/appstorrent-4ac2e09b1a/assets/img/bg.webp',
        icon = 'https://appstorrent.ru/uploads/posts/2023-09/1avy.webp',
        version = '1.0.7',
        description = '
ИгрыГоловоломки
',
        description_local = '',
        detail_url = 'https://appstorrent.ru/2593-so-much-stuff-3-odds-ends.html',
        file_size = '2 GB',
        developer = 'Tiny Little Lion',
        activation = 'Не требуется',
        compatibility = '',
        architecture = 'ARMx86 (64-bit)',
        published_date = '2023/11/20',
        releaseDate = '',
        note = '',
        views = '1410',
        link = 'https://anonim.xyz/go/https://boomzap.com/',
        detail_version = '1.0.7',
        banner = '["https://appstorrent.ru/uploads/posts/2023-09/ss_f4b38df7206ed2b30d80114576665696e6755438_1920x1080.webp","https://appstorrent.ru/uploads/posts/2023-09/ss_fb0e730a856432fdff37576bb7630012b212279a_1920x1080.webp","https://appstorrent.ru/uploads/posts/2023-09/ss_36a07b86bc9942a64426d7660010eb077652defc_1920x1080.webp","https://appstorrent.ru/uploads/posts/2023-09/ss_e4a336af6b44aea186ab30ed5a3c33f88139241f_1920x1080.webp"]'
    WHERE
        id = 2526.0
    ;

              INSERT INTO languages (app_id, name, link, type)
              VALUES (2526.0, 'Английский', 'https://appstorrent.ru/info-lang/%D0%B0%D0%BD%D0%B3%D0%BB%D0%B8%D0%B9%D1%81%D0%BA%D0%B8%D0%B9/', 1.0)
          ;

              INSERT INTO languages (app_id, name, link, type)
              VALUES (2526.0, 'Музыкальное сопровождение', 'https://appstorrent.ru/info-lang-voice/%D0%BC%D1%83%D0%B7%D1%8B%D0%BA%D0%B0%D0%BB%D1%8C%D0%BD%D0%BE%D0%B5%20%D1%81%D0%BE%D0%BF%D1%80%D0%BE%D0%B2%D0%BE%D0%B6%D0%B4%D0%B5%D0%BD%D0%B8%D0%B5/', 2.0)
          ;

  INSERT INTO categories (app_id, content, href, content_local)
  VALUES (2526.0, 'Игры', 'https://appstorrent.ru/games/', NULL)
;

  INSERT INTO categories (app_id, content, href, content_local)
  VALUES (2526.0, 'Головоломки', 'https://appstorrent.ru/games/puzzle/', NULL)
;

      INSERT INTO tabs (app_id, title, content, content_local)
      VALUES (2526.0, 'Описание', '
<p>Сыграйте в So Much Stuff 3: Odds &amp; Ends и погрузитесь в восхитительное путешествие, разбирая множество прекрасных тем, выбирая множество предметов и безделушек.</p>
<p><br></p>
<p>В этом новом наборе прекрасно созданных сцен поиска предметов вы разберетесь с уникальными мелочами! Почувствуйте удовлетворение от организации и наведения порядка! Выбирайте веселые и интересные новые темы и играйте в совершенно новый набор мини-игр!</p>
<p><br></p>
<p>Устройтесь поудобнее, расслабьтесь и погрузитесь в разнообразный выбор увлекательных мини-игр, таких как головоломки, найдите разницу и нажимайте, чтобы поменять местами!</p>
', '
<p>Сыграйте в So Much Stuff 3: Odds &amp; Ends и погрузитесь в восхитительное путешествие, разбирая множество прекрасных тем, выбирая множество предметов и безделушек.</p>
<p><br></p>
<p>В этом новом наборе прекрасно созданных сцен поиска предметов вы разберетесь с уникальными мелочами! Почувствуйте удовлетворение от организации и наведения порядка! Выбирайте веселые и интересные новые темы и играйте в совершенно новый набор мини-игр!</p>
<p><br></p>
<p>Устройтесь поудобнее, расслабьтесь и погрузитесь в разнообразный выбор увлекательных мини-игр, таких как головоломки, найдите разницу и нажимайте, чтобы поменять местами!</p>
')
  ;

      INSERT INTO tabs (app_id, title, content, content_local)
      VALUES (2526.0, 'Мин. требования', '
<p>ОС: OS: Mac OS X 10.8+<br>Процессор: 2014 or newer Intel Core i5 / AMD<br>Оперативная память: 4 GB ОЗУ<br>Видеокарта: Integrated Graphics<br>Место на диске: 4 GB</p>
', '
<p>ОС: OS: Mac OS X 10.8+<br>Процессор: 2014 or newer Intel Core i5 / AMD<br>Оперативная память: 4 GB ОЗУ<br>Видеокарта: Integrated Graphics<br>Место на диске: 4 GB</p>
')
  ;

  INSERT OR REPLACE INTO download_info (app_id, content, content_local)
  VALUES (2526.0, '<p>Запустите скачанный образ и перетащите папку приложения в ярлык папки Программы (Applications).</p>', '<p>Запустите скачанный образ и перетащите папку приложения в ярлык папки Программы (Applications).</p>')
;

      INSERT OR REPLACE INTO download_links (app_id, title, href, title_local, version)
      VALUES (2526.0, 'Прямая ссылка на скачивание', 'https://vk.com/s/v1/doc/9p3OMNorkaz6XkUr5xSSwfq_W-Aa4sFa5YzAlAGuCxJdOj-bxFQ', '直接链接下载安装程序', '1.0.7')
  ;

    UPDATE app
    SET
        name = 'So Much Stuff 2',
        bg_image = 'https://appstorrent.ru/templates/appstorrent-4ac2e09b1a/assets/img/bg.webp',
        icon = 'https://appstorrent.ru/uploads/posts/2023-09/1695146354_123.webp',
        version = '1.0',
        description = '
ИгрыГоловоломки
',
        description_local = '',
        detail_url = 'https://appstorrent.ru/2592-so-much-stuff-2.html',
        file_size = '1.6 GB',
        developer = 'Tiny Little Lion',
        activation = 'Не требуется',
        compatibility = '',
        architecture = 'ARMx86 (64-bit)',
        published_date = '2023/11/20',
        releaseDate = '',
        note = '',
        views = '1003',
        link = 'https://anonim.xyz/go/https://boomzap.com/',
        detail_version = '1.0',
        banner = '["https://appstorrent.ru/uploads/posts/2023-09/ss_b5eebe76c37a5ecdcabda73dc77f561dc87a913f_1920x1080.webp","https://appstorrent.ru/uploads/posts/2023-09/ss_d7b6a0e7c9ad234e7fd56aefac8665b88868e3b4_1920x1080.webp","https://appstorrent.ru/uploads/posts/2023-09/ss_3be4923cbfde867ec1c62207cde336ab38e4fe3a_1920x1080.webp","https://appstorrent.ru/uploads/posts/2023-09/ss_c8194d8701a9f8d9422e27a89c78813cf7ce305d_1920x1080.webp"]'
    WHERE
        id = 2527.0
    ;

              INSERT INTO languages (app_id, name, link, type)
              VALUES (2527.0, 'Английский', 'https://appstorrent.ru/info-lang/%D0%B0%D0%BD%D0%B3%D0%BB%D0%B8%D0%B9%D1%81%D0%BA%D0%B8%D0%B9/', 1.0)
          ;

              INSERT INTO languages (app_id, name, link, type)
              VALUES (2527.0, 'Музыкальное сопровождение', 'https://appstorrent.ru/info-lang-voice/%D0%BC%D1%83%D0%B7%D1%8B%D0%BA%D0%B0%D0%BB%D1%8C%D0%BD%D0%BE%D0%B5%20%D1%81%D0%BE%D0%BF%D1%80%D0%BE%D0%B2%D0%BE%D0%B6%D0%B4%D0%B5%D0%BD%D0%B8%D0%B5/', 2.0)
          ;

  INSERT INTO categories (app_id, content, href, content_local)
  VALUES (2527.0, 'Игры', 'https://appstorrent.ru/games/', NULL)
;

  INSERT INTO categories (app_id, content, href, content_local)
  VALUES (2527.0, 'Головоломки', 'https://appstorrent.ru/games/puzzle/', NULL)
;

      INSERT INTO tabs (app_id, title, content, content_local)
      VALUES (2527.0, 'Описание', '
<p>So Much Stuff 2 – настоящая находка для любителей головоломок и приключений! Новая версия игры отличается еще большим количеством уровней и продуманным геймплеем, который не оставит равнодушным никого, кто решит попробовать свои силы. Задача игрока - найти все нужные предметы на захламленной картинке.</p>
<p><br></p>
<p>Ключевые особенности:</p>
<p>-Список предметов на каждом уровне стал заметно длиннее, так что вам придется постараться, чтобы успеть найти все вовремя;</p>
<p><br></p>
<p>-Не стоит забывать и про коллекционные предметы, которые спрятаны где-то на картинке. Они не только помогут открыть доступ к новым уровням, но и станут настоящим вызовом для тех, кто ищет непростые задания;</p>
<p><br></p>
<p>-Игра в формате point-and-click очень проста в управлении и подходит как для новичков, так и для опытных игроков;</p>
<p><br></p>
<p>-Альтернативная версия, где нужно искать предметы по контурам, предложит дополнительный вызов и позволит еще больше прокачать свою наблюдательность.</p>
', '
<p>So Much Stuff 2 – настоящая находка для любителей головоломок и приключений! Новая версия игры отличается еще большим количеством уровней и продуманным геймплеем, который не оставит равнодушным никого, кто решит попробовать свои силы. Задача игрока - найти все нужные предметы на захламленной картинке.</p>
<p><br></p>
<p>Ключевые особенности:</p>
<p>-Список предметов на каждом уровне стал заметно длиннее, так что вам придется постараться, чтобы успеть найти все вовремя;</p>
<p><br></p>
<p>-Не стоит забывать и про коллекционные предметы, которые спрятаны где-то на картинке. Они не только помогут открыть доступ к новым уровням, но и станут настоящим вызовом для тех, кто ищет непростые задания;</p>
<p><br></p>
<p>-Игра в формате point-and-click очень проста в управлении и подходит как для новичков, так и для опытных игроков;</p>
<p><br></p>
<p>-Альтернативная версия, где нужно искать предметы по контурам, предложит дополнительный вызов и позволит еще больше прокачать свою наблюдательность.</p>
')
  ;

      INSERT INTO tabs (app_id, title, content, content_local)
      VALUES (2527.0, 'Мин. требования', '
<p>ОС: OS: Mac OS X 10.8+<br>Процессор: 2014 or newer Intel Core i5 / AMD<br>Оперативная память: 4 GB ОЗУ<br>Видеокарта: Integrated Graphics<br>Место на диске: 4 GB</p>
', '
<p>ОС: OS: Mac OS X 10.8+<br>Процессор: 2014 or newer Intel Core i5 / AMD<br>Оперативная память: 4 GB ОЗУ<br>Видеокарта: Integrated Graphics<br>Место на диске: 4 GB</p>
')
  ;

  INSERT OR REPLACE INTO download_info (app_id, content, content_local)
  VALUES (2527.0, '<p>Запустите скачанный образ и перетащите папку игры в ярлык папки Программы (Applications).</p>', '<p>Запустите скачанный образ и перетащите папку игры в ярлык папки Программы (Applications).</p>')
;

      INSERT OR REPLACE INTO download_links (app_id, title, href, title_local, version)
      VALUES (2527.0, 'Прямая ссылка на скачивание', 'https://vk.com/s/v1/doc/yIDEOAqfYHlNbUY08SYDwHaBZrNUDurZzdEp5pOJRl30vI2fb7c', '直接链接下载安装程序', '1.0')
  ;
