
      UPDATE app
      SET description = 'Графический редактор',
          description_local = '',
          icon = 'https://appstorrent.ru/uploads/posts/2023-02/1677362628_graphicconverter.webp',
          image = NULL,
          detail_url = 'https://appstorrent.ru/714-graphicconverter.html',
          file_size = '248 MB',
          version = '12.0.8 (6327)',
          category = 1.0,
          published_date = '2023-11-27',
          architecture = 'ARM, x86 (64-bit)',
          source = 'appstorrent.ru'
      WHERE name = 'GraphicConverter'
  ;

      UPDATE app
      SET description = '3D-моделирование',
          description_local = '',
          icon = 'https://appstorrent.ru/uploads/posts/2023-03/1678110825_icon.webp',
          image = NULL,
          detail_url = 'https://appstorrent.ru/713-cadintosh.html',
          file_size = '71 MB',
          version = '8.8.6 (714) Beta',
          category = 1.0,
          published_date = '2023-11-27',
          architecture = 'ARM, x86 (64-bit)',
          source = 'appstorrent.ru'
      WHERE name = 'Cadintosh X'
  ;

      UPDATE app
      SET description = 'Поиск файлов и папок',
          description_local = '',
          icon = 'https://appstorrent.ru/uploads/posts/2022-12/1672397836_icon.webp',
          image = NULL,
          detail_url = 'https://appstorrent.ru/528-find-any-file.html',
          file_size = '16 MB',
          version = '2.4.2 beta1',
          category = 1.0,
          published_date = '2023-11-27',
          architecture = 'ARM, x86 (64-bit)',
          source = 'appstorrent.ru'
      WHERE name = 'Find Any File (FAF)'
  ;

      UPDATE app
      SET description = 'Бизнес',
          description_local = '',
          icon = 'https://appstorrent.ru/uploads/posts/2022-12/1672395940_icon.webp',
          image = NULL,
          detail_url = 'https://appstorrent.ru/1014-icompta-6.html',
          file_size = '25 MB',
          version = '6.1.9',
          category = 1.0,
          published_date = '2023-11-27',
          architecture = 'ARM, x86 (64-bit)',
          source = 'appstorrent.ru'
      WHERE name = 'iCompta 6'
  ;

      UPDATE app
      SET description = 'Управление окнами жестами',
          description_local = '',
          icon = 'https://appstorrent.ru/uploads/posts/2023-09/bez-nazvanija.webp',
          image = NULL,
          detail_url = 'https://appstorrent.ru/2563-swish-for-mac.html',
          file_size = '10 MB',
          version = '1.10.3',
          category = 1.0,
          published_date = '2023-11-27',
          architecture = 'ARM, x86 (64-bit)',
          source = 'appstorrent.ru'
      WHERE name = 'Swish for Mac'
  ;

      UPDATE app
      SET description = 'Бизнес',
          description_local = '',
          icon = 'https://appstorrent.ru/uploads/posts/2022-12/1670944214_icon.webp',
          image = NULL,
          detail_url = 'https://appstorrent.ru/438-grandtotal.html',
          file_size = '49 MB',
          version = '8.2.0',
          category = 1.0,
          published_date = '2023-11-26',
          architecture = 'ARM, x86 (64-bit)',
          source = 'appstorrent.ru'
      WHERE name = 'GrandTotal'
  ;

      UPDATE app
      SET description = 'Мультитач',
          description_local = '',
          icon = 'https://appstorrent.ru/uploads/posts/2023-01/1673090413_icon.webp',
          image = NULL,
          detail_url = 'https://appstorrent.ru/327-multitouch.html',
          file_size = '11 MB',
          version = '1.27.22',
          category = 1.0,
          published_date = '2023-11-25',
          architecture = 'ARM, x86 (64-bit)',
          source = 'appstorrent.ru'
      WHERE name = 'Multitouch'
  ;

      UPDATE app
      SET description = 'Менеджер окон',
          description_local = '',
          icon = 'https://appstorrent.ru/uploads/posts/2023-04/1680839572_fsdfds.webp',
          image = NULL,
          detail_url = 'https://appstorrent.ru/1062-rectangle-pro.html',
          file_size = '10 MB',
          version = '3.0.14',
          category = 1.0,
          published_date = '2023-11-25',
          architecture = 'ARM, x86 (64-bit)',
          source = 'appstorrent.ru'
      WHERE name = 'Rectangle Pro'
  ;

      INSERT INTO app (name, version, description, description_local, icon, image, detail_url, file_size, category, published_date, architecture, source)
      VALUES ('Doppler', '2.1.17', 'Аудио плеер', '', 'https://appstorrent.ru/uploads/posts/2023-11/1112.webp', NULL, 'https://appstorrent.ru/2652-doppler.html', '12 MB', 1.0, '2023-11-25', 'ARM, x86 (64-bit)', 'appstorrent.ru')
  ;

      INSERT INTO app (name, version, description, description_local, icon, image, detail_url, file_size, category, published_date, architecture, source)
      VALUES ('Menuwhere', '2.2.1', 'Доступ к меню', '', 'https://appstorrent.ru/uploads/posts/2023-11/11achja.webp', NULL, 'https://appstorrent.ru/2635-menuwhere.html', '6 MB', 1.0, '2023-11-24', 'ARM, x86 (64-bit)', 'appstorrent.ru')
  ;

      UPDATE app
      SET description = 'Слепая Печать',
          description_local = '',
          icon = 'https://appstorrent.ru/uploads/posts/2022-12/1670244892_icon.png',
          image = NULL,
          detail_url = 'https://appstorrent.ru/866-master-of-typing-3.html',
          file_size = '120 MB',
          version = '3.13.25 [MAS]',
          category = 1.0,
          published_date = '2023-11-24',
          architecture = 'x86 (64-bit)',
          source = 'appstorrent.ru'
      WHERE name = 'Master of Typing 3'
  ;

      UPDATE app
      SET description = 'Очистка Мака',
          description_local = '',
          icon = 'https://appstorrent.ru/uploads/posts/2022-12/1670942803_icon.png',
          image = NULL,
          detail_url = 'https://appstorrent.ru/368-sensei.html',
          file_size = '36 MB',
          version = '1.5.8',
          category = 1.0,
          published_date = '2023-11-24',
          architecture = 'ARM, x86 (64-bit)',
          source = 'appstorrent.ru'
      WHERE name = 'Sensei'
  ;

      UPDATE app
      SET description = 'Программирование',
          description_local = '',
          icon = 'https://appstorrent.ru/uploads/posts/2022-12/1671017890_icon.webp',
          image = NULL,
          detail_url = 'https://appstorrent.ru/132-sublimetext.html',
          file_size = '43 MB',
          version = '4.0 Build 4169',
          category = 1.0,
          published_date = '2023-11-24',
          architecture = 'ARM, x86 (64-bit)',
          source = 'appstorrent.ru'
      WHERE name = 'Sublime Text'
  ;

      UPDATE app
      SET description = 'Отслеживание времени',
          description_local = '',
          icon = 'https://appstorrent.ru/uploads/posts/2022-12/1671028105_icon.webp',
          image = NULL,
          detail_url = 'https://appstorrent.ru/667-timemator.html',
          file_size = '28 MB',
          version = '3.0.4',
          category = 1.0,
          published_date = '2023-11-24',
          architecture = 'ARM, x86 (64-bit)',
          source = 'appstorrent.ru'
      WHERE name = 'Timemator'
  ;

      UPDATE app
      SET description = 'PDF & OCR',
          description_local = '',
          icon = 'https://appstorrent.ru/uploads/posts/2023-10/1697376344_icon.webp',
          image = NULL,
          detail_url = 'https://appstorrent.ru/190-wondershare-pdfelement-pro.html',
          file_size = '730 MB',
          version = '10.1.5 (6034)',
          category = 1.0,
          published_date = '2023-11-24',
          architecture = 'x86 (64-bit)',
          source = 'appstorrent.ru'
      WHERE name = 'Wondershare PDFelement Pro'
  ;

      INSERT INTO app (name, version, description, description_local, icon, image, detail_url, file_size, category, published_date, architecture, source)
      VALUES ('AutoMounter', '1.7.1', 'Монтирование дисков', '', 'https://appstorrent.ru/uploads/posts/2023-11/1111f.webp', NULL, 'https://appstorrent.ru/2644-automounter.html', '13 MB', 1.0, '2023-11-23', 'ARM, x86 (64-bit)', 'appstorrent.ru')
  ;

      INSERT INTO app (name, version, description, description_local, icon, image, detail_url, file_size, category, published_date, architecture, source)
      VALUES ('Rhino 8', '8.1.23325.13002', '3D моделирование', '', 'https://appstorrent.ru/uploads/posts/2023-01/1673423397_icon.webp', NULL, 'https://appstorrent.ru/398-rhinoceros.html', '653 MB', 1.0, '2023-11-23', 'ARM, x86 (64-bit)', 'appstorrent.ru')
  ;

      UPDATE app
      SET description = 'Функциональность мыши',
          description_local = '',
          icon = 'https://appstorrent.ru/uploads/posts/2023-02/1675672175_12.webp',
          image = NULL,
          detail_url = 'https://appstorrent.ru/2152-bettermouse.html',
          file_size = '6 MB',
          version = '1.5 (4230)',
          category = 1.0,
          published_date = '2023-11-23',
          architecture = 'ARM, x86 (64-bit)',
          source = 'appstorrent.ru'
      WHERE name = 'BetterMouse'
  ;

      UPDATE app
      SET description = 'Панель Dock',
          description_local = '',
          icon = 'https://appstorrent.ru/uploads/posts/2022-12/1671472027_icon.webp',
          image = NULL,
          detail_url = 'https://appstorrent.ru/944-udock.html',
          file_size = '19 MB',
          version = '4.0.0 (40016)',
          category = 1.0,
          published_date = '2023-11-23',
          architecture = 'x86 (64-bit)',
          source = 'appstorrent.ru'
      WHERE name = 'uDock'
  ;

      UPDATE app
      SET description = 'Восстановление данных с iOS',
          description_local = '',
          icon = 'https://appstorrent.ru/uploads/posts/2023-10/phonerescue-icon.webp',
          image = NULL,
          detail_url = 'https://appstorrent.ru/2638-phonerescue-for-ios.html',
          file_size = '77 MB',
          version = '4.2.6.20231019',
          category = 1.0,
          published_date = '2023-11-23',
          architecture = 'x86 (64-bit)',
          source = 'appstorrent.ru'
      WHERE name = 'PhoneRescue for iOS'
  ;

      UPDATE app
      SET description = 'Адаптивная яркость',
          description_local = '',
          icon = 'https://appstorrent.ru/uploads/posts/2021-11/1637075041_icon.png',
          image = NULL,
          detail_url = 'https://appstorrent.ru/781-lunar-pro.html',
          file_size = '21 MB',
          version = '6.2.2',
          category = 1.0,
          published_date = '2023-11-23',
          architecture = 'ARM, x86 (64-bit)',
          source = 'appstorrent.ru'
      WHERE name = 'Lunar Pro'
  ;

      INSERT INTO app (name, version, description, description_local, icon, image, detail_url, file_size, category, published_date, architecture, source)
      VALUES ('Barotrauma', '1.0.8', '
ИгрыСимуляторыСтратегии
', '', 'https://appstorrent.ru/uploads/posts/2023-11/vavava11.webp', 'https://appstorrent.ru/uploads/posts/2023-11/fdfdfdfd11.webp', 'https://appstorrent.ru/2685-barotrauma.html', '928 MB', 2.0, '2023-11-24', 'ARM, x86 (64-bit)', 'appstorrent.ru')
  ;

      INSERT INTO app (name, version, description, description_local, icon, image, detail_url, file_size, category, published_date, architecture, source)
      VALUES ('Barony', '4.1.0 (201023)', '
ИгрыЭкшенПриключения
', '', 'https://appstorrent.ru/uploads/posts/2023-10/1698202273_fdsfsd.webp', 'https://appstorrent.ru/uploads/posts/2023-10/1698202345_fdsfsdfsd.webp', 'https://appstorrent.ru/2674-barony.html', '552 MB', 2.0, '2023-11-24', 'ARM, x86 (64-bit)', 'appstorrent.ru')
  ;

      INSERT INTO app (name, version, description, description_local, icon, image, detail_url, file_size, category, published_date, architecture, source)
      VALUES ('Haiku, the Robot', '1.1.5.2', '
ИгрыЭкшенПриключения
', '', 'https://appstorrent.ru/uploads/posts/2023-10/fdfsdfsd.webp', 'https://appstorrent.ru/uploads/posts/2023-10/fsfdsfsd.webp', 'https://appstorrent.ru/2672-haiku-the-robot.html', '461 MB', 2.0, '2023-11-24', 'x86 (64-bit)', 'appstorrent.ru')
  ;

      INSERT INTO app (name, version, description, description_local, icon, image, detail_url, file_size, category, published_date, architecture, source)
      VALUES ('motionVFX mTransition Quake', '', '
Final Cut Pro, Motion
', '', NULL, 'https://appstorrent.ru/uploads/posts/2023-11/1700832179_1aaaaaa.webp', 'https://appstorrent.ru/2712-motionvfx-mtransition-quake.html', '58 MB', 3.0, '2023-11-24', '', 'appstorrent.ru')
  ;

    UPDATE app
    SET
        name = 'BetterMouse',
        bg_image = 'https://appstorrent.ru/templates/appstorrent-4ac2e09b1a/assets/img/bg.webp',
        icon = 'https://appstorrent.ru/uploads/posts/2023-02/1675672175_12.webp',
        version = '1.5 (4230)',
        description = 'Функциональность мыши',
        description_local = '',
        detail_url = 'https://appstorrent.ru/2152-bettermouse.html',
        file_size = '6 MB',
        developer = 'BetterMouseApp',
        activation = 'K''ed by TNT team',
        compatibility = 'macOS 11及以上版本',
        architecture = 'ARMx86 (64-bit)',
        published_date = '2023/11/23',
        releaseDate = '',
        note = '',
        views = '57103',
        link = 'https://anonim.xyz/go/https://better-mouse.com/',
        detail_version = '1.5 (4230)',
        banner = '["https://appstorrent.ru/uploads/posts/2023-02/1675672128_112.webp","https://appstorrent.ru/uploads/posts/2023-02/1675672127_11.webp"]'
    WHERE
        id = 109.0
    ;

  UPDATE tabs
  SET
    content = '
<p>BetterMouse — это утилита для macOS, улучшающая производительность и функциональность внешней мыши и предназначенная для замены громоздких, навязчивых и требовательных к ресурсам драйверов мыши, таких как Logitech Options. Это многофункциональное, легкое, оптимизированное по эффективности и совершенно безопасное устройство, пытающееся удовлетворить все ваши потребности в использовании мыши стороннего производителя в macOS.</p>
<p><br></p>
<p>Особенности:</p>
<p>Прокрутка</p>
<p>• Мягкая плавная прокрутка с полностью настраиваемыми настройками продолжительности, направления, ускорения и т. д.</p>
<p>• Точная настраиваемая дискретная прокрутка с ускорением или без него.</p>
<p>• Shift-прокрутка для горизонтального включения/выключения с настраиваемой скоростью и направлением.</p>
<p>• Щелкнуть правой кнопкой мыши по панорамной прокрутке.</p>
<p>• Щелчок правой кнопкой мыши с нажатой клавишей Ctrl.</p>
<p>• Ctrl-прокрутка для масштабирования/ущемления.</p>
<p>• Регулятор масштабирования для высокого разрешения.</p>
<p><br></p>
<p>Курсор</p>
<p>• Раздельное ускорение и управление скоростью курсора, ускорение можно полностью исключить.</p>
<p>• Точный счетчик кадров в секунду мыши.</p>
<p>• Индивидуальные настройки DPI, колеса прокрутки и большого пальца для поддерживаемых мышей Logi.</p>
<p>• Включен инструмент для объединения и сопряжения затворной коробки.</p>
<p><br></p>
<p>Сопоставление кнопок/жестов</p>
<p>• Сопоставление каждой дополнительной кнопки мыши любым сочетаниям клавиш и обширным специальным действиям.</p>
<p>• Сопоставление жестов вверх/вниз/влево/вправо для каждой дополнительной кнопки мыши.</p>
<p>• Сопоставление кнопок/жестов с модификаторами.</p>
<p>• Функция Click-Through для левого/правого щелчка для прямого действия с неактивными окнами одним щелчком мыши.</p>
<p>• Опция сквозного клика для каждого сопоставления независимо.</p>
<p>• Уникальная быстрая версия переключения пространств, жесты управления полетом.</p>
<p><br></p>
<p>Клавиатура</p>
<p>• Замена клавиш-модификаторов для каждой клавиатуры независимо.</p>
<p>• Замена каждой клавиши-модификатора отдельно, включая Caps Lock.</p>
',
    content_local = '
<p>BetterMouse 是一款 macOS 实用程序，可提高外部鼠标的性能和功能，旨在取代笨重、侵入式且占用资源的鼠标驱动程序（例如 Logitech Options）。 它功能丰富、重量轻、效率优化且完全安全，并尽力满足您在 macOS 上对第三方鼠标的所有需求。</p>
<p><br></p>
<p>特点：</p>
<p>滚动</p>
<p>• 柔和平滑的滚动，具有完全可定制的持续时间、方向、加速度等设置。</p>
<p>• 可精确定制的带或不带加速的离散滚动。</p>
<p>• 移动滚动以实现水平开/关，可自定义速度和方向。</p>
<p>• 右键单击​​全景滚动。</p>
<p>• 按住Ctrl 键的同时右键单击。</p>
<p>• 按住Ctrl 键滚动可缩放/捏合。</p>
<p>• 高分辨率变焦控制。</p>
<p><br></p>
<p>光标</p>
<p>• 加速度和光标速度分开控制，可完全消除加速度。</p>
<p>• 精确的鼠标fps 计数器。</p>
<p>• 为支持的Logi 鼠标自定义DPI、滚轮和拇指设置。</p>
<p>• 包括用于组合和配合螺栓组件的工具。</p>
<p><br></p>
<p>按钮/手势映射</p>
<p>• 将每个附加鼠标按钮映射到任何键盘快捷键和广泛的特殊操作。</p>
<p>• 为每个附加鼠标按钮映射上/下/左/右手势。</p>
<p>• 将按钮/手势映射到修饰符。</p>
<p>• 左/右单击的点击功能，一键即可在非活动窗口上直接执行操作。</p>
<p>• 独立单击每个映射的选项。</p>
<p>• 独特的快速版切换空间、飞行控制手势。</p>
<p><br></p>
<p>键盘</p>
<p>• 独立更改每个键盘的修饰键。</p>
<p>• 单独替换每个修饰键，包括Caps Lock。</p>
'
  WHERE
    app_id = 109.0 AND title = 'Описание'
;

  UPDATE download_info
  SET
    content_local = '<p>挂载镜像并启动 Open Gatekeeper friendly。</p>
<p>在终端窗口中按 Enter 键绕过 Gatekeeper。</p>
<p>将应用程序拖到“应用程序”文件夹中。</p>
<p>该应用程序已准备好使用。</p>',
    content = '<p>Смонтируйте образ и запустите Open Gatekeeper friendly.</p>
<p>Нажмите Enter для обхода Gatekeeper в окне Терминал.</p>
<p>Перетащите приложение в папку Программы (Applications).</p>
<p>Приложение готово к использованию.</p>'
  WHERE
    app_id = 109.0
;

      INSERT OR REPLACE INTO download_links (app_id, title, href, title_local, version)
      VALUES (109.0, 'Прямая ссылка на скачивание', 'https://vk.com/doc781359414_672921356', '直接链接下载安装程序', '1.5 (4230)')
  ;

    UPDATE app
    SET
        name = 'GrandTotal',
        bg_image = 'https://appstorrent.ru/templates/appstorrent-4ac2e09b1a/assets/img/bg.webp',
        icon = 'https://appstorrent.ru/uploads/posts/2022-12/1670944214_icon.webp',
        version = '8.2.0',
        description = 'Бизнес',
        description_local = '',
        detail_url = 'https://appstorrent.ru/438-grandtotal.html',
        file_size = '49 MB',
        developer = 'Media Atelier',
        activation = 'K''ed by TNT team',
        compatibility = 'macOS 10.13及以上版本',
        architecture = 'ARMx86 (64-bit)',
        published_date = '2023/11/26',
        releaseDate = '',
        note = '',
        views = '62611',
        link = 'https://anonim.xyz/go/https://www.mediaatelier.com/GrandTotal7/',
        detail_version = '8.2.0',
        banner = '["https://appstorrent.ru/uploads/posts/2022-12/1670748587_1.webp","https://appstorrent.ru/uploads/posts/2022-12/1670748587_3.webp","https://appstorrent.ru/uploads/posts/2022-12/1670748588_4.webp","https://appstorrent.ru/uploads/posts/2022-12/1670748589_2.webp"]'
    WHERE
        id = 133.0
    ;

  UPDATE download_info
  SET
    content_local = '<p>挂载镜像并启动 Open Gatekeeper friendly。</p>
<p>在终端窗口中按 Enter 键绕过 Gatekeeper。</p>
<p>将应用程序拖到“应用程序”文件夹中。</p>
<p>该应用程序已准备好使用。</p>',
    content = '<p>Смонтируйте образ и запустите Open Gatekeeper friendly.</p>
<p>Нажмите Enter для обхода Gatekeeper в окне Терминал.</p>
<p>Перетащите приложение в папку Программы (Applications).</p>
<p>Приложение готово к использованию.</p>'
  WHERE
    app_id = 133.0
;

      INSERT OR REPLACE INTO download_links (app_id, title, href, title_local, version)
      VALUES (133.0, 'Прямая ссылка на скачивание', 'https://vk.com/doc781359414_673020943', '直接链接下载安装程序', '8.2.0')
  ;

    UPDATE app
    SET
        name = 'Master of Typing 3',
        bg_image = 'https://appstorrent.ru/uploads/posts/2022-12/1670244834_bg.webp',
        icon = 'https://appstorrent.ru/uploads/posts/2022-12/1670244892_icon.png',
        version = '3.13.25 [MAS]',
        description = 'Слепая Печать',
        description_local = '',
        detail_url = 'https://appstorrent.ru/866-master-of-typing-3.html',
        file_size = '120 MB',
        developer = 'Improvision',
        activation = 'K''ed by TNT team',
        compatibility = 'macOS 10.13及以上版本',
        architecture = 'x86 (64-bit)',
        published_date = '2023/11/24',
        releaseDate = '',
        note = '',
        views = '36611',
        link = 'https://anonim.xyz/go/https://apps.apple.com/ru/app/master-of-typing-3-practice/id1116003635?mt=12',
        detail_version = '3.13.25 [MAS]',
        banner = '["https://appstorrent.ru/uploads/posts/2022-12/1645251559_1.jpg","https://appstorrent.ru/uploads/posts/2022-02/1645251560_2.jpg","https://appstorrent.ru/uploads/posts/2022-02/1645251560_3.jpg","https://appstorrent.ru/uploads/posts/2022-02/1645251561_4.jpg"]'
    WHERE
        id = 141.0
    ;

  UPDATE tabs
  SET
    content = '
<p>Привет, ребята, мы вернулись с очередным обновлением! Спасибо за ваши отзывы. Чтобы сделать приложение лучше, мы внесли некоторые изменения.</p>
<p>&gt; Добавили распознавание диакритических знаков</p>
<p>&gt; Исправили баг со сбросом набора текста</p>
',
    content_local = '
<p>嘿伙计们，我们带着另一个更新回来了！ 感谢您的反馈意见。 为了使应用程序更好，我们做了一些更改。</p>
<p>&gt; Добавили распознавание диакритических знаков</p>
<p>&gt; Исправили баг со сбросом набора текста</p>
'
  WHERE
    app_id = 141.0 AND title = 'Что нового'
;

  UPDATE download_info
  SET
    content_local = '<p>挂载镜像并启动 Open Gatekeeper friendly。</p>
<p>在终端窗口中按 Enter 键绕过 Gatekeeper。</p>
<p>将应用程序拖到“应用程序”文件夹中。</p>
<p>该应用程序已准备好使用。</p>',
    content = '<p>Смонтируйте образ и запустите&nbsp;Open Gatekeeper friendly.</p>
<p>Нажмите Enter для обхода Gatekeeper в окне Терминал.</p>
<p>Перетащите приложение в папку Программы (Applications).</p>
<p>Приложение готово к использованию.</p>'
  WHERE
    app_id = 141.0
;

      INSERT OR REPLACE INTO download_links (app_id, title, href, title_local, version)
      VALUES (141.0, 'Прямая ссылка на скачивание', 'https://vk.com/doc781359414_672967662', '直接链接下载安装程序', '3.13.25 [MAS]')
  ;

    UPDATE app
    SET
        name = 'Sublime Text',
        bg_image = 'https://appstorrent.ru/uploads/posts/2020-11/1606482029_sublime-text.jpg',
        icon = 'https://appstorrent.ru/uploads/posts/2022-12/1671017890_icon.webp',
        version = '4.0 Build 4169',
        description = 'Программирование',
        description_local = '',
        detail_url = 'https://appstorrent.ru/132-sublimetext.html',
        file_size = '43 MB',
        developer = 'Jon Skinner',
        activation = 'K''ed by TNT team',
        compatibility = 'OS X 10.9及以上版本',
        architecture = 'ARMx86 (64-bit)',
        published_date = '2023/11/24',
        releaseDate = '',
        note = '',
        views = '156258',
        link = 'https://anonim.xyz/go/https://www.sublimetext.com/',
        detail_version = '4.0 Build 4169',
        banner = '["https://appstorrent.ru/uploads/posts/2022-12/1671017987_1.webp","https://appstorrent.ru/uploads/posts/2022-12/1671017987_2.webp","https://appstorrent.ru/uploads/posts/2022-12/1671017987_3.webp","https://appstorrent.ru/uploads/posts/2022-12/1671017988_4.webp"]'
    WHERE
        id = 180.0
    ;

  UPDATE tabs
  SET
    content = '
<p>Sublime Text поддерживает большое количество&nbsp;языков программирования и имеет возможность подсветки синтаксиса для C, C++, C#, CSS, D, Dylan, Erlang, HTML, Groovy, Haskell, Java, jаvascript, LaTeX, Lisp, Lua, Markdown, MATLAB, OCaml, Perl, PHP, Python, R, Ruby, SQL, TCL и XML.<br><br>В дополнение к тем языкам программирования, которые включены по умолчанию, пользователи имеют возможность загружать плагины для поддержки других языков.<br><br>Sublime Text может быть оснащён&nbsp;менеджером пакетов, который позволяет пользователю находить, устанавливать, обновлять и удалять пакеты без перезагрузки программы. Менеджер поддерживает установленные пакеты в актуальном состоянии, загружая новые версии из репозиториев. Кроме того, он предоставляет команды для активации и деактивации установленных пакетов.<br><br>Особенности:<br><br>Интерфейс:<br>Редактор содержит различные визуальные темы, с возможностью загрузки дополнительных.<br>Пользователи видят весь свой код в правой части экрана в виде мини-карты, при клике на которую можно осуществлять навигацию.<br>Есть несколько режимов экрана. Один из них включает от 1 до 4 панелей, с помощью которых можно показывать до четырёх файлов одновременно. Полноценный (free modes) режим показывает только один файл без каких-либо дополнительных меню вокруг него.<br><br>Выделение столбцов и множественная правка:<br>Выделение столбцов целиком или расстановка несколько указателей по тексту, что делает возможным мгновенную правку. Указатели ведут себя, будто каждый из них&nbsp;— один в тексте. Команды типа перемещение на знак, перемещение на строку, выборка текста, перемещение на слово или его части (CamelCase, разделённый дефисом или подчёркиванием), перемещение в начало/конец строки и&nbsp;т.&nbsp;д., влияют на все указатели независимо и сразу, позволяя править сложноструктурированный текст быстро, без использования&nbsp;макрокоманд или&nbsp;регулярных выражений.<br><br>Автодополнение:<br>Когда пользователь набирает код, Sublime Text, в зависимости от используемого языка, будет предлагать различные варианты для завершения записи. Редактор также автоматически завершает созданные пользователем переменные.<br><br>Подсветка синтаксиса и высокая контрастность:<br>Тёмный фон Sublime Text предназначен для увеличения контрастности текста. Основные элементы синтаксиса выделены разными цветами, которые лучше сочетаются с тёмным фоном, нежели со светлым.<br><br>Поддержка систем сборки:<br>Sublime Text позволяет пользователю собирать программы и запускать их без необходимости переключаться на командную строку. Пользователь также может настроить свою систему сборки и включить автоматическую сборку программы каждый раз при сохранении кода.<br><br>Заготовки (сниппеты):<br>Сохранение фрагментов часто используемого кода, ключевые слова для их запуска.<br><br>Переход по файлам:<br>Навигационный инструмент, который позволяет пользователям перемещаться между файлами, а также внутри них, с помощью нечёткого поиска.<br><br>Другие особенности:<br>Дополнительно реализована функция автосохранения, помогающая пользователям не потерять проделанную работу. Настраиваемые комбинации клавиш и инструмент навигации позволяют назначать свои комбинации&nbsp;клавиш для&nbsp;меню и&nbsp;панелей инструментов (только для первой версии, во второй и третьей&nbsp;— Command Palette). Возможность поиска по мере набора используется для поиска в документе. Функция проверки синтаксиса работает подобным же образом, проверяя корректность прямо во время ввода. Есть возможность автоматизации с помощью&nbsp;макросов и повтора последних действий. Команды редактирования, включая редактирование отступов, переформатирование параграфов и объединение строк.</p>
',
    content_local = '
<p>Sublime Text 支持大量编程语言，并具有 C、C++、C#、CSS、D、Dylan、Erlang、HTML、Groovy、Haskell、Java、javascript、LaTeX、Lisp、Lua、Markdown、MATLAB、 OCaml、Perl、PHP、Python、R、Ruby、SQL、TCL 和 XML。<br><br>除了默认包含的编程语言之外，用户还可以下载插件来支持其他语言。<br><br>Sublime Text 可以配备一个包管理器，允许用户在不重新启动程序的情况下查找、安装、更新和删除包。 管理器通过从存储库下载新版本来保持已安装的软件包最新。 此外，它还提供激活和停用已安装软件包的命令。<br><br>特点：<br><br>界面：<br>该编辑器包含各种视觉主题，并且能够下载其他主题。<br>用户可以在屏幕右侧以迷你地图的形式看到所有代码，可以单击进行导航。<br>有多种屏幕模式。 其中之一包括 1 到 4 个面板，您可以同时显示最多四个文件。 完整（免费模式）模式仅显示一个文件，周围没有任何其他菜单。<br><br>列选择和多重编辑：<br>选择整个列或在文本周围放置多个指针，这使得即时编辑成为可能。 指针的行为就像每个指针都是文本中的一个一样。 按字符移动、按行移动、选择文本、按单词或其部分移动（驼峰命名法，用连字符或下划线分隔）、移动到行首/行尾等命令会立即独立地影响所有指针，使您能够快速编辑复杂的结构化文本，无需使用宏或正则表达式。<br><br>自动完成：<br>当用户键入代码时，Sublime Text 根据所使用的语言，将提供不同的选项来完成录制。 编辑器还会自动完成用户创建的变量。<br><br>语法突出显示和高对比度：<br>Sublime Text 的深色背景旨在增加文本对比度。 语法的关键元素以不同的颜色突出显示，深色背景比浅色背景更适合。<br><br>构建系统支持：<br>Sublime Text 允许用户构建程序并运行它们，而无需切换到命令行。 用户还可以配置其构建系统，并在每次保存代码时启用程序的自动构建。<br><br>空白（片段）：<br>保存常用代码的片段以及运行它们的关键字。<br><br>浏览文件：<br>一种导航工具，允许用户使用模糊搜索在文件之间和文件内进行导航。<br><br>其他特性：<br>此外，还实现了自动保存功能，以帮助用户避免丢失工作。 自定义组合键和导航工具允许您为菜单和工具栏分配自己的组合键（仅适用于第一个版本，在第二个和第三个版本中 - 命令面板）。 键入时搜索功能用于在文档中进行搜索。 语法检查器以类似的方式工作，在您键入时检查正确性。 可以自动使用宏并重复最后的操作。 编辑命令，包括编辑缩进、重新格式化段落和连接行。</p>
'
  WHERE
    app_id = 180.0 AND title = 'Описание'
;

  UPDATE tabs
  SET
    content = '
<p>Примечания к выпуску доступны на странице <span style="color:#0d84fb;"><a href="https://anonim.xyz/go/https://www.sublimetext.com/dev" target="_blank" rel="noopener external noreferrer">sublimetext.com</a></span></p>
',
    content_local = '
<p>发行说明可在以下位置找到： <span style="color:#0d84fb;"><a href="https://anonim.xyz/go/https://www.sublimetext.com/dev" target="_blank" rel="noopener external noreferrer">sublimetext.com</a></span></p>
'
  WHERE
    app_id = 180.0 AND title = 'Что нового'
;

  UPDATE download_info
  SET
    content_local = '<p>挂载镜像并启动 Open Gatekeeper friendly。</p>
<p>在终端窗口中按 Enter 键绕过 Gatekeeper。</p>
<p>将应用程序拖到“应用程序”文件夹中。</p>
<p><span style="color:rgb(255,153,0);">Extra 文件夹包含一个带有许可证密钥的文件。</span></p>',
    content = '<p>Смонтируйте образ и запустите Open Gatekeeper friendly.</p>
<p>Нажмите Enter для обхода Gatekeeper в окне Терминал.</p>
<p>Перетащите приложение в папку Программы (Applications).</p>
<p><span style="color:rgb(255,153,0);">В папке Extra лежит файл с ключом лицензии.</span></p>'
  WHERE
    app_id = 180.0
;

      INSERT OR REPLACE INTO download_links (app_id, title, href, title_local, version)
      VALUES (180.0, 'Прямая ссылка на скачивание', 'https://vk.com/doc781359414_672946205', '直接链接下载安装程序', '4.0 Build 4169')
  ;

    UPDATE app
    SET
        name = 'iCompta 6',
        bg_image = 'https://appstorrent.ru/templates/appstorrent-4ac2e09b1a/assets/img/bg.webp',
        icon = 'https://appstorrent.ru/uploads/posts/2022-12/1672395940_icon.webp',
        version = '6.1.9',
        description = 'Бизнес',
        description_local = '',
        detail_url = 'https://appstorrent.ru/1014-icompta-6.html',
        file_size = '25 MB',
        developer = 'LyricApps',
        activation = 'K''ed by TNT team',
        compatibility = 'macOS 10.13及以上版本',
        architecture = 'ARMx86 (64-bit)',
        published_date = '2023/11/27',
        releaseDate = '',
        note = '',
        views = '23447',
        link = 'https://anonim.xyz/go/https://www.icompta-app.com/',
        detail_version = '6.1.9',
        banner = '["https://appstorrent.ru/uploads/posts/2022-03/1648017458_1.jpg","https://appstorrent.ru/uploads/posts/2022-03/1648017459_2.jpg","https://appstorrent.ru/uploads/posts/2022-03/1648017459_3.jpg","https://appstorrent.ru/uploads/posts/2022-03/1648017460_4.jpg"]'
    WHERE
        id = 196.0
    ;

  UPDATE tabs
  SET
    content = '
<p>iCompta - простое и мощное приложение для управления персональным финансами. Программа создана так, чтобы быть максимально простой в использовании, поддерживая множество функций, которые помогут вам отслеживать ваши деньги и начать экономить! Следите за своими доходами и расходами, контролируйте свои счета, оставайтесь в соответствии с вашим бюджетом.</p>
<p><br></p>
<p>Ключевые особенности:</p>
<p>Управление несколькими учетными записями с несколькими валютами.</p>
<p>Сортировка и фильтрация транзакций для составления статистики ваших доходов и расходов.</p>
<p>Следите за своими доходами и расходами благодаря бюджетам.</p>
<p>Управление совместными расходами.</p>
<p>Красивые отчеты и графики.</p>
<p>Легкий импорт / экспорт транзакций в форматах QIF, OFX, CSV, XML и JSON</p>
<p>Полная синхронизация между iCompta 6 на Mac и iCompta 6 на iPhone / iPad с использованием iCloud, Dropbox или локальной сети.</p>
<p>Модифицировать сразу несколько транзакций с помощью пакетного редактирования.</p>
<p>Профессиональные возможности: налоги, работа с базой клиентов, создание инвойсов.</p>
<p>Защита паролем.</p>
<p>И многое другое.</p>
',
    content_local = '
<p>iCompta 是一款简单而强大的个人财务管理应用程序。 该程序被设计为尽可能易于使用，支持许多功能来帮助您跟踪资金并开始储蓄！ 跟踪您的收入和支出，控制您的账单，保持预算一致。</p>
<p><br></p>
<p>主要特征：</p>
<p>使用多种货币管理多个账户。</p>
<p>对交易进行排序和过滤，以编制您的收入和支出统计数据。</p>
<p>通过预算跟踪您的收入和支出。</p>
<p>共享成本管理。</p>
<p>漂亮的报告和图表。</p>
<p>轻松导入/导出 QIF、OFX、CSV、XML 和 JSON 格式的交易</p>
<p>使用 iCloud、Dropbox 或本地网络在 Mac 上的 iCompta 6 和 iPhone/iPad 上的 iCompta 6 之间完全同步。</p>
<p>使用批量编辑功能一次修改多个交易。</p>
<p>专业机会：税收、与客户群合作、创建发票。</p>
<p>密码保护。</p>
<p>以及更多。</p>
'
  WHERE
    app_id = 196.0 AND title = 'Описание'
;

  UPDATE download_info
  SET
    content_local = '<p>挂载镜像并启动 Open Gatekeeper friendly。</p>
<p>在终端窗口中按 Enter 键绕过 Gatekeeper。</p>
<p>将应用程序拖到“应用程序”文件夹中。</p>
<p>该应用程序已准备好使用。</p>',
    content = '<p>Смонтируйте образ и запустите Open Gatekeeper friendly.</p>
<p>Нажмите Enter для обхода Gatekeeper в окне Терминал.</p>
<p>Перетащите приложение в папку Программы (Applications).</p>
<p>Приложение готово к использованию.</p>'
  WHERE
    app_id = 196.0
;

      INSERT OR REPLACE INTO download_links (app_id, title, href, title_local, version)
      VALUES (196.0, 'Прямая ссылка на скачивание', 'https://vk.com/doc781359414_673057420', '直接链接下载安装程序', '6.1.9')
  ;

    INSERT INTO older_versions (app_id, title, url, title_local)
    VALUES (196.0, 'iCompta 6.0.68 [TNT] для OS X 10.10 и новее', 'https://vk.com/s/v1/doc/sDWgRwDci2FSY-w1tXS5nGG0hl8QYuRFytw84qitcXixVGaCRzA', 'iCompta 6.0.68 [TNT] 适用于 OS X 10.10 及以上版本')
;

    UPDATE app
    SET
        name = 'uDock',
        bg_image = 'https://appstorrent.ru/templates/appstorrent-4ac2e09b1a/assets/img/bg.webp',
        icon = 'https://appstorrent.ru/uploads/posts/2022-12/1671472027_icon.webp',
        version = '4.0.0 (40016)',
        description = 'Панель Dock',
        description_local = '',
        detail_url = 'https://appstorrent.ru/944-udock.html',
        file_size = '19 MB',
        developer = 'Grzegorz Staszczyk',
        activation = 'K''ed by TNT team',
        compatibility = 'macOS 10.13及以上版本',
        architecture = 'x86 (64-bit)',
        published_date = '2023/11/23',
        releaseDate = '',
        note = '',
        views = '35254',
        link = 'https://anonim.xyz/go/https://naarakstudio.com/udock/index.html',
        detail_version = '4.0.0 (40016)',
        banner = '["https://appstorrent.ru/uploads/posts/2022-03/1646605898_1.jpg","https://appstorrent.ru/uploads/posts/2022-03/1646605901_2.jpg","https://appstorrent.ru/uploads/posts/2022-03/1646605903_3.jpg"]'
    WHERE
        id = 258.0
    ;

  UPDATE tabs
  SET
    content = '
<p>uDock - легкое системное расширение для кастомизации быстрого доступа к приложениям на вашем Mac.</p>
<p><br></p>
<p>Ключевые особенности:</p>
<p>Работая на системной панели инструментов, утилита практически незаметна и всегда готов, когда вам это нужно</p>
<p>Используйте сочетание клавиш или точку доступа мыши, чтобы активировать μDock</p>
<p>Запущенные процессы и все ваши диски легко доступны</p>
<p>Добавьте вкладки для хранения ваших приложений, документов, музыки и папок</p>
<p>Определите и комбинируйте горячие клавиши с приложениями, документами и папками, чтобы мгновенно открывать любимый файл с помощью сочетания клавиш</p>
<p>μDock - это усовершенствованная настраиваемая док-станция для Mac.</p>
',
    content_local = '
<p>uDock 是一个轻量级系统扩展，用于自定义对 Mac 上应用程序的快速访问。</p>
<p><br></p>
<p>主要特征：</p>
<p>该实用程序通过系统工具栏工作，几乎不可见，并且在您需要时随时可用</p>
<p>使用键盘快捷键或鼠标热点激活μDock</p>
<p>正在运行的进程和所有磁盘都可以轻松访问</p>
<p>添加选项卡来存储您的应用程序、文档、音乐和文件夹</p>
<p>定义热键并将其与应用程序、文档和文件夹组合，以使用键盘快捷键立即打开您喜爱的文件</p>
<p>μDock 是一款适用于 Mac 的高级、可定制扩展坞。</p>
'
  WHERE
    app_id = 258.0 AND title = 'Описание'
;

  UPDATE download_info
  SET
    content_local = '<p>挂载镜像并启动 Open Gatekeeper friendly。</p>
<p>在终端窗口中按 Enter 键绕过 Gatekeeper。</p>
<p>将应用程序拖到“应用程序”文件夹中。</p>
<p>该应用程序已准备好使用。</p>',
    content = '<p>Смонтируйте образ и запустите Open Gatekeeper friendly.</p>
<p>Нажмите Enter для обхода Gatekeeper в окне Терминал.</p>
<p>Перетащите приложение в папку Программы (Applications).</p>
<p>Приложение готово к использованию.</p>'
  WHERE
    app_id = 258.0
;

      INSERT OR REPLACE INTO download_links (app_id, title, href, title_local, version)
      VALUES (258.0, 'Прямая ссылка на скачивание', 'https://vk.com/doc781359414_672921309', '直接链接下载安装程序', '4.0.0 (40016)')
  ;

    INSERT INTO older_versions (app_id, title, url, title_local)
    VALUES (258.0, 'uDock 3.7.5 (37501) [TNT] для macOS 10.13 и новее', 'https://vk.com/s/v1/doc/bCyNYieqwhSqISYeQmQGwunH7M9J5x1D4Cof1Mrunh4FOIeb2n8', 'uDock 3.7.5 (37501) [TNT] 适用于 macOS 10.13 及以上版本')
;

    UPDATE app
    SET
        name = 'Find Any File (FAF)',
        bg_image = 'https://appstorrent.ru/uploads/posts/2021-11/1637857479_faf.jpg',
        icon = 'https://appstorrent.ru/uploads/posts/2022-12/1672397836_icon.webp',
        version = '2.4.2 beta1',
        description = 'Поиск файлов и папок',
        description_local = '',
        detail_url = 'https://appstorrent.ru/528-find-any-file.html',
        file_size = '16 MB',
        developer = 'Thomas Tempelmann',
        activation = 'K''ed by TNT team',
        compatibility = 'OS X 10.11及以上版本',
        architecture = 'ARMx86 (64-bit)',
        published_date = '2023/11/27',
        releaseDate = '',
        note = '',
        views = '32214',
        link = 'https://anonim.xyz/go/https://apps.tempel.org/FindAnyFile/',
        detail_version = '2.4.2 beta1',
        banner = '["https://appstorrent.ru/uploads/posts/2022-12/1619179887_1.jpg","https://appstorrent.ru/uploads/posts/2021-04/1619179875_2.jpg","https://appstorrent.ru/uploads/posts/2021-04/1619179934_3.jpg","https://appstorrent.ru/uploads/posts/2021-04/1619179911_4.jpg"]'
    WHERE
        id = 317.0
    ;

  UPDATE tabs
  SET
    content = '
<p>Недовольны Spotlight, потому что он не находит файлы, о существовании которых вы знаете? Используйте FAF, чтобы найти все файлы на ваших дисках, включая те, которые обычно скрыты. По имени файла, дате, размеру и даже текстовому содержимому.</p>
<p><br></p>
<p>Вы даже можете выполнять поиск на дисках, которые не индексируются Spotlight, включая тома серверов. Find Any File может найти файлы, которых нет в Spotlight, например те, которые находятся внутри пакетов, а также в системных папках, которые обычно исключаются из поиска Spotlight.</p>
<p><br></p>
<p>В отличие от Spotlight, он не использует базу данных, а ищет данные на диске напрямую. Это позволяет вам искать свойства файла, такие как имя, даты создания и изменения, размер файла, даже простой текст внутри файлов.</p>
<p><br></p>
<p>Еще одна полезная функция - это иерархический просмотр результатов. Он позволяет просматривать найденные элементы в соответствующих папках, что значительно упрощает просмотр сотен найденных элементов.</p>
<p><br></p>
<p><br></p>
<p>•• Примечание ••</p>
<p>FAF не может искать содержимое файла, кроме обычного (неформатированного) текста - и даже это довольно медленно, поэтому не ожидайте, что это будет хорошей заменой для Spotlight.</p>
<p><br></p>
<p>Для поиска текста в документах электронной почты, Word, PDF и подобных файлах Spotlight по-прежнему является лучшим инструментом (результаты которого можно улучшить с помощью Tembo, также доступного в App Store).</p>
',
    content_local = '
<p>对 Spotlight 感到沮丧，因为它找不到您已知存在的文件？ 使用 FAF 查找驱动器上的所有文件，包括通常隐藏的文件。 按文件名、日期、大小甚至文本内容。</p>
<p><br></p>
<p>您甚至可以搜索未由 Spotlight 索引的驱动器，包括服务器卷。 “查找任何文件”可以查找不在 Spotlight 中的文件，例如包内的文件，以及通常从 Spotlight 搜索中排除的系统文件夹中的文件。</p>
<p><br></p>
<p>与 Spotlight 不同的是，它不使用数据库，而是直接在磁盘中搜索数据。 它允许您搜索文件属性，例如名称、创建和修改日期、文件大小，甚至文件内的纯文本。</p>
<p><br></p>
<p>另一个有用的功能是结果的分层查看。 它允许您查看各自文件夹中的找到的项目，从而更轻松地浏览数百个找到的项目。</p>
<p><br></p>
<p><br></p>
<p>•• 笔记 ••</p>
<p>FAF 无法搜索除纯（未格式化）文本之外的文件内容 - 即使这样速度也相当慢，因此不要指望它能成为 Spotlight 的良好替代品。</p>
<p><br></p>
<p>对于在电子邮件文档、Word、PDF 和类似文件中搜索文本，Spotlight 仍然是最好的工具（其结果可以通过 Tembo 进行改进，Tembo 也可在 App Store 中找到）。</p>
'
  WHERE
    app_id = 317.0 AND title = 'Описание'
;

  UPDATE download_info
  SET
    content_local = '<p>挂载镜像并启动 Open Gatekeeper friendly。</p>
<p>在终端窗口中按 Enter 键绕过 Gatekeeper。</p>
<p>将应用程序拖到“应用程序”文件夹中。</p>
<p>该应用程序已准备好使用。</p>',
    content = '<p>Смонтируйте образ и запустите Open Gatekeeper friendly.</p>
<p>Нажмите Enter для обхода Gatekeeper в окне Терминал.</p>
<p>Перетащите приложение в папку Программы (Applications).</p>
<p>Приложение готово к использованию.</p>'
  WHERE
    app_id = 317.0
;

      INSERT OR REPLACE INTO download_links (app_id, title, href, title_local, version)
      VALUES (317.0, 'Прямая ссылка на скачивание', 'https://vk.com/doc781359414_673057441', '直接链接下载安装程序', '2.4.2 beta1')
  ;

    INSERT INTO older_versions (app_id, title, url, title_local)
    VALUES (317.0, 'Find Any File v2.4b12 [HCiSO] для OS X 10.11 и новее', 'https://vk.com/doc781359414_671454477', 'Find Any File v2.4b12 [HCiSO] 适用于 OS X 10.11 及以上版本')
;

    UPDATE app
    SET
        name = 'Multitouch',
        bg_image = 'https://appstorrent.ru/templates/appstorrent-4ac2e09b1a/assets/img/bg.webp',
        icon = 'https://appstorrent.ru/uploads/posts/2023-01/1673090413_icon.webp',
        version = '1.27.22',
        description = 'Мультитач',
        description_local = '',
        detail_url = 'https://appstorrent.ru/327-multitouch.html',
        file_size = '11 MB',
        developer = 'Ryan Hanson',
        activation = 'K''ed by TNT team',
        compatibility = 'macOS 10.15及以上版本',
        architecture = 'ARMx86 (64-bit)',
        published_date = '2023/11/25',
        releaseDate = '',
        note = '',
        views = '54362',
        link = 'https://anonim.xyz/go/https://multitouch.app/',
        detail_version = '1.27.22',
        banner = '["https://appstorrent.ru/uploads/posts/2022-12/1610628639_1.jpg","https://appstorrent.ru/uploads/posts/2021-01/1610628654_2.jpg","https://appstorrent.ru/uploads/posts/2021-01/1610628651_3.jpg","https://appstorrent.ru/uploads/posts/2021-01/1610628661_4.jpg"]'
    WHERE
        id = 320.0
    ;

  UPDATE tabs
  SET
    content = '
<p>Multitouch (ранее TouchOven) связывает настраиваемое действие с Magic Trackpad или Magic Mouse. Например, щелчок тремя пальцами может выполнить вставку. Улучшите свой рабочий процесс, используя сочетания клавиш, управляя вкладками браузера, выполняя щелчок средней кнопкой мыши и многое другое.</p>
<p><br></p>
<p>Запись нажатий клавиш или вставка текста в приложение Multitouch</p>
<p>Иногда у вас возникают утомительные задачи, требующие, чтобы вы просто вводили один и тот же текст в кучу разных мест, а копировать и вставлять просто недостаточно. Теперь в Multitouch есть два варианта, которые могут вам помочь: запись нажатия клавиш и вставка текста. Оба эти параметра можно привязать к жесту или сочетанию клавиш.</p>
<p><br></p>
<p>Если вы уже пользовались этим приложением раньше, настройка любого из них должна быть довольно простой. Оба они могут быть выбраны в категории «Сочетание клавиш и ввод клавиш». Для записи нажатия клавиш начните с выбора появившейся текстовой области, а затем введите нажатия клавиш на клавиатуре. Для «Вставить текст» просто поместите нужный текст в текстовую область.</p>
<p><br></p>
<p>Несколько вещей, которые нужно знать о записи нажатия клавиш:</p>
<p><br></p>
<p>При вводе нажатий клавиш вам просто нужно знать, что это не обычный текстовый ввод - он будет записывать каждое нажатие клавиши, включая возврат.</p>
<p><br></p>
<p>Кроме того, флаги модификаторов записываются, даже если вы не видите их в текстовой области. Это означает, что он может действовать как своего рода составной регистратор сочетаний клавиш, хотя это не является предполагаемой целью. Также следует иметь в виду, что записанные нажатия клавиш будут воспроизводиться без временной задержки, независимо от времени, затрачиваемого на ввод нажатий клавиш. Если вы выполните настроенный жест / ярлык для регистратора нажатий клавиш, вы заметите, что все нажатия клавиш воспроизводятся последовательно, а не все сразу.</p>
',
    content_local = '
<p>多点触控（以前称为 TouchOven）将自定义操作与 Magic Trackpad 或 Magic Mouse 相关联。 例如，三指单击可以执行粘贴。 通过键盘快捷键、浏览器选项卡管理、中键单击等改进您的工作流程。</p>
<p><br></p>
<p>在多点触控应用程序中记录击键或粘贴文本</p>
<p>有时，您需要执行繁琐的任务，需要您在多个不同的位置键入相同的文本，而复制和粘贴是不够的。 多点触控中现在有两个选项可以帮助您：记录击键和插入文本。 这两个选项都可以绑定到手势或键盘快捷键。</p>
<p><br></p>
<p>如果您以前使用过此应用程序，那么设置任一应用程序都应该非常简单。 两者都可以在快捷键和按键输入类别下选择。 要记录击键，请首先选择出现的文本区域，然后在键盘上输入击键。 要“插入文本”，只需将所需的文本放入文本区域即可。</p>
<p><br></p>
<p>关于击键记录需要了解的一些事项：</p>
<p><br></p>
<p>当输入击键时，您只需要知道这不是正常的文本输入 - 它会记录每个击键，包括退格键。</p>
<p><br></p>
<p>此外，即使您在文本区域中看不到修饰符标志，也会记录它们。 这意味着它可以充当一种复合键盘快捷键记录器，尽管这不是预期目的。 另请记住，无论输入击键所需的时间如何，记录的击键都将无时间延迟地回放。 如果您执行自定义的击键记录器手势/快捷键，您会注意到所有击键都是按顺序播放的，而不是同时播放的。</p>
'
  WHERE
    app_id = 320.0 AND title = 'Описание'
;

  UPDATE download_info
  SET
    content_local = '<p>挂载镜像并启动 Open Gatekeeper friendly。</p>
<p>在终端窗口中按 Enter 键绕过 Gatekeeper。</p>
<p>将应用程序拖到“应用程序”文件夹中。</p>
<p>该应用程序已准备好使用。</p>',
    content = '<p>Смонтируйте образ и запустите Open Gatekeeper friendly.</p>
<p>Нажмите Enter для обхода Gatekeeper в окне Терминал.</p>
<p>Перетащите приложение в папку Программы (Applications).</p>
<p>Приложение готово к использованию.</p>'
  WHERE
    app_id = 320.0
;

      INSERT OR REPLACE INTO download_links (app_id, title, href, title_local, version)
      VALUES (320.0, 'Прямая ссылка на скачивание', 'https://vk.com/doc781359414_672997612', '直接链接下载安装程序', '1.27.22')
  ;

    INSERT INTO older_versions (app_id, title, url, title_local)
    VALUES (320.0, 'Multitouch 1.27.14 [TNT] для macOS 10.14.6 и новее', 'https://vk.com/doc781359414_665207265', 'Multitouch 1.27.14 [TNT] 适用于 macOS 10.14.6 及以上版本')
;

    UPDATE app
    SET
        name = 'Timemator',
        bg_image = 'https://appstorrent.ru/templates/appstorrent-4ac2e09b1a/assets/img/bg.webp',
        icon = 'https://appstorrent.ru/uploads/posts/2022-12/1671028105_icon.webp',
        version = '3.0.4',
        description = 'Отслеживание времени',
        description_local = '',
        detail_url = 'https://appstorrent.ru/667-timemator.html',
        file_size = '28 MB',
        developer = 'Catforce Studio',
        activation = 'K''ed by TNT team',
        compatibility = 'macOS 10.15及以上版本',
        architecture = 'ARMx86 (64-bit)',
        published_date = '2023/11/24',
        releaseDate = '',
        note = '',
        views = '24831',
        link = 'https://anonim.xyz/go/https://timemator.com/',
        detail_version = '3.0.4',
        banner = '["https://appstorrent.ru/uploads/posts/2022-12/1627672616_1625057803-60dc6a0b47428.jpg","https://appstorrent.ru/uploads/posts/2021-07/1627672617_1625057804-60dc6a0cb4944.jpg","https://appstorrent.ru/uploads/posts/2021-07/1627672619_1625057796-60dc6a044177a.png","https://appstorrent.ru/uploads/posts/2021-07/1627672620_1625057796-60dc6a043f694.jpg"]'
    WHERE
        id = 332.0
    ;

  UPDATE tabs
  SET
    content = '
<p>Примечания к выпуску доступны на официальном сайте <span style="color:rgb(13,132,251);"><a href="https://anonim.xyz/go/https://timemator.com/updates/" target="_blank" rel="noopener external noreferrer">timemator.com</a> &gt;</span></p>
',
    content_local = '
<p>发行说明可在官方网站上找到 <span style="color:rgb(13,132,251);"><a href="https://anonim.xyz/go/https://timemator.com/updates/" target="_blank" rel="noopener external noreferrer">timemator.com</a> &gt;</span></p>
'
  WHERE
    app_id = 332.0 AND title = 'Что нового'
;

  UPDATE download_info
  SET
    content_local = '<p>挂载镜像并启动 Open Gatekeeper friendly。</p>
<p>在终端窗口中按 Enter 键绕过 Gatekeeper。</p>
<p>将应用程序拖到“应用程序”文件夹中。</p>
<p>该应用程序已准备好使用。</p>',
    content = '<p>Смонтируйте образ и запустите&nbsp;Open Gatekeeper friendly.</p>
<p>Нажмите Enter для обхода Gatekeeper в окне Терминал.</p>
<p>Перетащите приложение в папку Программы (Applications).</p>
<p>Приложение готово к использованию.</p>'
  WHERE
    app_id = 332.0
;

      INSERT OR REPLACE INTO download_links (app_id, title, href, title_local, version)
      VALUES (332.0, 'Прямая ссылка на скачивание', 'https://vk.com/doc781359414_672946172', '直接链接下载安装程序', '3.0.4')
  ;

    UPDATE app
    SET
        name = 'Sensei',
        bg_image = 'https://appstorrent.ru/uploads/posts/2020-07/1593846997_sensei.jpg',
        icon = 'https://appstorrent.ru/uploads/posts/2022-12/1670942803_icon.png',
        version = '1.5.8',
        description = 'Очистка Мака',
        description_local = '',
        detail_url = 'https://appstorrent.ru/368-sensei.html',
        file_size = '36 MB',
        developer = 'Cindori AB',
        activation = 'K''ed by TNT team',
        compatibility = 'macOS 10.15及以上版本',
        architecture = 'ARMx86 (64-bit)',
        published_date = '2023/11/24',
        releaseDate = '',
        note = '',
        views = '123908',
        link = 'https://anonim.xyz/go/https://sensei.app/',
        detail_version = '1.5.8',
        banner = '["https://appstorrent.ru/uploads/posts/2022-12/1593847000_1.png","https://appstorrent.ru/uploads/posts/2020-07/1593846971_2.png","https://appstorrent.ru/uploads/posts/2020-07/1593846951_3.png","https://appstorrent.ru/uploads/posts/2020-07/1593846946_4.png"]'
    WHERE
        id = 503.0
    ;

  UPDATE tabs
  SET
    content = '
<p>Sensei — это новое приложение для Mac, предназначенное для оптимизации компьютера, которое предлагает чистый интерфейс и набор инструментов для очистки дисков, мониторинга состояния аккумулятора, мониторинга графического чипа, процессора и оперативной памяти. Также есть опции для контроля температуры, включения Trim в SSD, удаления приложений, управления вентиляторами и многое другое...</p>
',
    content_local = '
<p>Sensei 是一款新的 Mac 优化应用程序，提供干净的界面和一组用于磁盘清理、电池监控、图形芯片监控、CPU 监控和 RAM 监控的工具。 还有控制温度、启用 SSD 修剪、删除应用程序、控制风扇等等的选项...</p>
'
  WHERE
    app_id = 503.0 AND title = 'Описание'
;

  UPDATE download_info
  SET
    content_local = '<p>挂载镜像并启动 Open Gatekeeper friendly。</p>
<p>在终端窗口中按 Enter 键绕过 Gatekeeper。</p>
<p>将应用程序拖到“应用程序”文件夹中。</p>
<p>该应用程序已准备好使用。</p>',
    content = '<p>Смонтируйте образ и запустите&nbsp;Open Gatekeeper friendly.</p>
<p>Нажмите Enter для обхода Gatekeeper в окне Терминал.</p>
<p>Перетащите приложение в папку Программы (Applications).</p>
<p>Приложение готово к использованию.</p>'
  WHERE
    app_id = 503.0
;

      INSERT OR REPLACE INTO download_links (app_id, title, href, title_local, version)
      VALUES (503.0, 'Прямая ссылка на скачивание', 'https://vk.com/doc781359414_672967521', '直接链接下载安装程序', '1.5.8')
  ;

    UPDATE app
    SET
        name = 'Swish for Mac',
        bg_image = 'https://appstorrent.ru/templates/appstorrent-4ac2e09b1a/assets/img/bg.webp',
        icon = 'https://appstorrent.ru/uploads/posts/2023-09/bez-nazvanija.webp',
        version = '1.10.3',
        description = 'Управление окнами жестами',
        description_local = '',
        detail_url = 'https://appstorrent.ru/2563-swish-for-mac.html',
        file_size = '10 MB',
        developer = 'highlyopinionated',
        activation = 'Не требуется',
        compatibility = 'macOS 10.13及以上版本',
        architecture = 'ARMx86 (64-bit)',
        published_date = '2023/11/27',
        releaseDate = '',
        note = '',
        views = '7883',
        link = 'https://anonim.xyz/go/https://highlyopinionated.co/swish/',
        detail_version = '1.10.3',
        banner = '["https://www.youtube.com/embed/kr-UAfenIQc?si=fJymXgCkRcRhfz4W?enablejsapi=1","https://appstorrent.ru/uploads/posts/2023-09/1694605532_3.webp","https://appstorrent.ru/uploads/posts/2023-09/1694605529_2.webp","https://appstorrent.ru/uploads/posts/2023-09/1694605534_1600-na-1000-2.webp"]'
    WHERE
        id = 1778.0
    ;

  UPDATE download_info
  SET
    content_local = '<p>启动下载的图像并将应用程序拖到“应用程序”文件夹快捷方式中。<br>复制完成后，可以通过 Launchpad 启动应用程序。</p>',
    content = '<p>Запустите скачанный образ и перетащите приложение в ярлык папки Программы (Applications).<br>После завершения копирования, приложение можно запустить через Launchpad.</p>'
  WHERE
    app_id = 1778.0
;

      INSERT OR REPLACE INTO download_links (app_id, title, href, title_local, version)
      VALUES (1778.0, 'Прямая ссылка на скачивание', 'https://vk.com/doc781359414_673057401', '直接链接下载安装程序', '1.10.3')
  ;

    UPDATE app
    SET
        name = 'PhoneRescue for iOS',
        bg_image = 'https://appstorrent.ru/templates/appstorrent-4ac2e09b1a/assets/img/bg.webp',
        icon = 'https://appstorrent.ru/uploads/posts/2023-10/phonerescue-icon.webp',
        version = '4.2.6.20231019',
        description = 'Восстановление данных с iOS',
        description_local = '',
        detail_url = 'https://appstorrent.ru/2638-phonerescue-for-ios.html',
        file_size = '77 MB',
        developer = 'iMobie Inc.',
        activation = 'K''ed by TNT team',
        compatibility = 'OS X 10.9及以上版本',
        architecture = 'x86 (64-bit)',
        published_date = '2023/11/23',
        releaseDate = '',
        note = '',
        views = '2276',
        link = 'https://anonim.xyz/go/https://www.imobie.com/phonerescue/ios-data-recovery.htm',
        detail_version = '4.2.6.20231019',
        banner = '["https://appstorrent.ru/uploads/posts/2023-10/1697027360_2_result.webp","https://appstorrent.ru/uploads/posts/2023-10/1697027360_1_result.webp","https://appstorrent.ru/uploads/posts/2023-10/1697027359_3_result.webp","https://appstorrent.ru/uploads/posts/2023-10/1697027359_4_result.webp"]'
    WHERE
        id = 2515.0
    ;

  UPDATE tabs
  SET
    content = '
<p>PhoneRescue - полезное приложение для восстановления удаленных данных на iOS-устройствах. С его помощью можно восстановить контакты, сообщения, фотографии, медиафайлы и т.д. удаленные по ошибке, потерянные в результате повреждения устройства или в следствии заражения вредоносными программами. Поддерживает все модели iPhone, iPad и iPod touch. Имеет удобный и понятный интерфейс.</p>
<p><br></p>
<p>В общей сложности есть 22 различных типов файлов из различных приложений, которые можно восстановить PhoneRescue, таких, как контакты, вызов журнала, SMS, заметки, напоминания, Safari истории, фотографии, музыка, видео, плейлисты и многие другие. Если вы боитесь потерять файлы с вашего iPhone или iPad, PhoneRescue — это программа, разработанная для вас. С этой службой можно восстановить некоторые данные из устройства Apple и транспортировать их на компьютер.</p>
<p><br></p>
<p>С PhoneRescue вы можете восстановить широкий спектр различных файлов, который определенно является основной характеристикой PhoneRescue. Будь то фотографии, текстовые сообщения, историю сафари или журналы вызовов, среди многих других видов данных, вы можете найти их легко здесь (даже если они были удалены довольно долгое время).</p>
<p><br></p>
<p>Простой интерфейс также помогает весь процесс, особенно для объяснения хорошо, которые являются функции, и ясно, что все имеющиеся возможности для восстановления данных, будь то на устройствах iOS или iTunes. Несмотря на то, что полностью в Englisg, это не сложно использовать PhoneRescue благодаря организации значок.</p>
<p><br></p>
<p>Особенности PhoneRescue:<br>- Восстановление потерянных данные на iOS-устройствах при помощи резервных копий.<br>- 3 способа восстановления в зависимости от требований.<br>- Настройка поиска потерянных данных по формату и местоположению.<br>- Распознает и восстанавливает 22 типа файлов, в том числе контакты, сообщения, голосовую почту, календарь, - напоминания, фотографии, аудио и видео файлы, историю и закладки в браузере Safari, а также данные из различных приложений.<br>- Проверка и ручной выбор восстанавливаемых данных.</p>
',
    content_local = '
<p>PhoneRescue 是一款用于恢复 iOS 设备上已删除数据的有用应用程序。 您可以使用它来恢复联系人、消息、照片、媒体文件等。 被错误删除、因设备损坏或恶意软件感染而丢失。 支持所有 iPhone、iPad 和 iPod touch 型号。 它有一个方便直观的界面。</p>
<p><br></p>
<p>PhoneRescue 可以从各种应用程序中恢复总共 22 种不同类型的文件，例如联系人、通话记录、短信、笔记、提醒、Safari 故事、照片、音乐、视频、播放列表等等。 如果您担心丢失 iPhone 或 iPad 中的文件，PhoneRescue 是一款专为您设计的程序。 通过此服务，您可以从 Apple 设备恢复一些数据并将其传输到您的计算机。</p>
<p><br></p>
<p>使用PhoneRescue，您可以恢复各种不同的文件，这绝对是PhoneRescue的主要功能。 无论是照片、短信、旅行历史记录还是通话记录，以及许多其他类型的数据，您都可以在这里轻松找到它们（即使它们已被删除相当长一段时间）。</p>
<p><br></p>
<p>简单的界面也有助于整个过程，特别是可以很好地解释功能是什么，并且清楚所有可用于数据恢复的选项，无论是在 iOS 还是 iTunes 设备上。 虽然完全是英文，但由于图标组织，使用 PhoneRescue 并不困难。</p>
<p><br></p>
<p>电话救援的特点：<br>- 使用备份恢复 iOS 设备上丢失的数据。<br>- 3 种恢复方法，具体取决于要求。<br>- 设置按格式和位置搜索丢失的数据。<br>- 识别和恢复22种类型的文件，包括联系人、消息、语音邮件、日历、提醒、照片、音频和视频文件、Safari浏览器中的历史记录和书签，以及来自各种应用程序的数据。<br>- 检查并手动选择要恢复的数据。</p>
'
  WHERE
    app_id = 2515.0 AND title = 'Описание'
;

  UPDATE download_info
  SET
    content_local = '<p>挂载镜像并启动 Open Gatekeeper friendly。</p>
<p>在终端窗口中按 Enter 键绕过 Gatekeeper。</p>
<p>将应用程序拖到“应用程序”文件夹中。</p>
<p>该应用程序已准备好使用。</p>',
    content = '<p>Смонтируйте образ и запустите Open Gatekeeper friendly.</p>
<p>Нажмите Enter для обхода Gatekeeper в окне Терминал.</p>
<p>Перетащите приложение в папку Программы (Applications).</p>
<p>Приложение готово к использованию.</p>'
  WHERE
    app_id = 2515.0
;

      INSERT OR REPLACE INTO download_links (app_id, title, href, title_local, version)
      VALUES (2515.0, 'Прямая ссылка на скачивание', 'https://vk.com/doc781359414_672921212', '直接链接下载安装程序', '4.2.6.20231019')
  ;

    UPDATE app
    SET
        name = 'motionVFX mLogo Simple 2',
        bg_image = 'https://appstorrent.ru/templates/appstorrent-4ac2e09b1a/assets/img/bg.webp',
        icon = NULL,
        version = '',
        description = '
Final Cut Pro, Motion
',
        description_local = '',
        detail_url = 'https://appstorrent.ru/2704-motionvfx-mlogo-simple-2.html',
        file_size = '8 MB',
        developer = 'motionVFX',
        activation = 'Не требуется',
        compatibility = '',
        architecture = '',
        published_date = '2023/11/20',
        releaseDate = '',
        note = '',
        views = '1347',
        link = 'https://anonim.xyz/go/https://www.motionvfx.com/store,mlogo-simple-2,p2091.html',
        detail_version = '',
        banner = '["https://www.youtube.com/embed/RPapVPsXqYY?si=MkZvtVNAUE2OT_xT?enablejsapi=1","https://appstorrent.ru/uploads/posts/2023-11/1700496343_1aaa.webp"]'
    WHERE
        id = 2528.0
    ;

              INSERT INTO languages (app_id, name, link, type)
              VALUES (2528.0, 'Английский', 'https://appstorrent.ru/info-lang/%D0%B0%D0%BD%D0%B3%D0%BB%D0%B8%D0%B9%D1%81%D0%BA%D0%B8%D0%B9/', 1.0)
          ;

      INSERT INTO tabs (app_id, title, content, content_local)
      VALUES (2528.0, 'Описание', '
<div class="innerWrapper"></div>
<p>30 элегантных анимаций логотипов исключительно для FCPX.</p>
<p>Придайте своему логотипу потрясающую анимацию, которая оживит его. Быстро, непринужденно&nbsp;и весело!</p>
<p>Подготовлено для самых высоких разрешений в отрасли . Совместимость с различными&nbsp;соотношениями сторон. Подходит для любых кадров!</p>
<div class="vimeoWrapper">Дополните свои изменения с помощью потрясающих&nbsp;готовых средств выявления логотипов.</div>
', '
<div class="innerWrapper"></div>
<p>30个FCPX专属的优雅标志动画。</p>
<p>为您的徽标提供令人惊叹的动画，使其栩栩如生。 快速、休闲、有趣！</p>
<p>为业界最高分辨率做好准备。 兼容各种纵横比。 适合任何框架！</p>
<div class="vimeoWrapper">Дополните свои изменения с помощью потрясающих&nbsp;готовых средств выявления логотипов.</div>
')
  ;

      INSERT INTO tabs (app_id, title, content, content_local)
      VALUES (2528.0, 'Спецификации', '
<p>Minimal requirements Motion 5.2.3, FCPX 10.2.3 (or later)<br>System Mac OS X 10.10.5 (or later)<br>Includes 30 FCPX titles</p>
', '
<p>最低要求 Motion 5.2.3、FCPX 10.2.3（或更高版本）<br>系统 Mac OS X 10.10.5（或更高版本）<br>包括 30 个 FCPX 游戏</p>
')
  ;

  INSERT OR REPLACE INTO download_info (app_id, content, content_local)
  VALUES (2528.0, '<p>Распаковываем папки и переносим их в</p>
<p>/Users/ИМЯ_ПОЛЬЗОВАТЕЛЯ/Movies/Motion Templates/Titles</p>', '<p>解压文件夹并将其转移到</p>
<p>/用户/用户名/电影/动作模板/标题</p>')
;

      INSERT OR REPLACE INTO download_links (app_id, title, href, title_local, version)
      VALUES (2528.0, 'Прямая ссылка на скачивание', 'https://vk.com/doc781359414_672807386', '直接链接下载安装程序', '')
  ;

    UPDATE app
    SET
        name = 'motionVFX mTag',
        bg_image = 'https://appstorrent.ru/templates/appstorrent-4ac2e09b1a/assets/img/bg.webp',
        icon = NULL,
        version = '',
        description = '
Final Cut Pro, Motion
',
        description_local = '',
        detail_url = 'https://appstorrent.ru/2698-motionvfx.html',
        file_size = '10 MB',
        developer = 'motionVFX',
        activation = 'Не требуется',
        compatibility = '',
        architecture = '',
        published_date = '2023/11/13',
        releaseDate = '',
        note = '',
        views = '1926',
        link = 'https://anonim.xyz/go/https://www.motionvfx.com/store,mtag,p2326.html',
        detail_version = '',
        banner = '["https://www.youtube.com/embed/C8yoaCAktxg?si=RUMywZYAHGazMqD8?enablejsapi=1","https://appstorrent.ru/uploads/posts/2023-11/1111a.webp"]'
    WHERE
        id = 2529.0
    ;

              INSERT INTO languages (app_id, name, link, type)
              VALUES (2529.0, 'Английский', 'https://appstorrent.ru/info-lang/%D0%B0%D0%BD%D0%B3%D0%BB%D0%B8%D0%B9%D1%81%D0%BA%D0%B8%D0%B9/', 1.0)
          ;

      INSERT INTO tabs (app_id, title, content, content_local)
      VALUES (2529.0, 'Описание', '
<p>100 модулей на тему распродажи исключительно для FCPX</p>
<p>Привелекательный&nbsp;инструменты для цен и продаж.<br>Мощный набор инструментов с выдающимся дизайном, созданный&nbsp;специально для рекламы вашей продукции.</p>
', '
<p>100 个 FCPX 专属销售主题模块</p>
<p>有吸引力的价格和销售工具。<br>一套功能强大、设计出色的工具，专为您的产品广告而创建。</p>
')
  ;

      INSERT INTO tabs (app_id, title, content, content_local)
      VALUES (2529.0, 'Спецификации', '
<p>Minimal requirements FCPX 10.4, Motion 5.4 (or later)<br>Includes 100 FCPX titles</p>
', '
<p>最低要求 FCPX 10.4、Motion 5.4（或更高版本）<br>包括 100 个 FCPX 标题</p>
')
  ;

  INSERT OR REPLACE INTO download_info (app_id, content, content_local)
  VALUES (2529.0, '<p><span>Распаковываем папки и переносим их в </span></p>
<p><span>/Users/ИМЯ_ПОЛЬЗОВАТЕЛЯ/Movies/Motion Templates/Titles</span></p>', '<p><span>解压文件夹并将其转移到 </span></p>
<p><span>/用户/用户名/电影/动作模板/标题</span></p>')
;

      INSERT OR REPLACE INTO download_links (app_id, title, href, title_local, version)
      VALUES (2529.0, 'Прямая ссылка на скачивание', 'https://vk.com/doc781359414_672509283', '直接链接下载安装程序', '')
  ;

    UPDATE app
    SET
        name = 'HyperBrawl Tournament',
        bg_image = 'https://appstorrent.ru/uploads/posts/2023-10/1698032301_fsdfsdfsdvvvv.webp',
        icon = 'https://appstorrent.ru/uploads/posts/2023-10/ayvayvayv.webp',
        version = '1.4',
        description = '
ИгрыApple ArcadeЭкшен
',
        description_local = '',
        detail_url = 'https://appstorrent.ru/2670-hyperbrawl-tournament.html',
        file_size = '908 MB',
        developer = 'Milky Tea Limited',
        activation = 'Не требуется',
        compatibility = '',
        architecture = 'ARMx86 (64-bit)',
        published_date = '2023/11/22',
        releaseDate = '',
        note = '',
        views = '1280',
        link = 'https://anonim.xyz/go/https://www.hyperbrawl.com/',
        detail_version = '1.4',
        banner = '["https://appstorrent.ru/uploads/posts/2023-10/ss_5e74c7ce7cd8713eb1e5797f809f464156f586c1_1920x1080.webp","https://appstorrent.ru/uploads/posts/2023-10/ss_06d0718e81056cdc64d497b5690bc18c4438244a_1920x1080.webp","https://appstorrent.ru/uploads/posts/2023-10/ss_53eb3c70bbece430ffb7f62e9cee67aa3aad6b65_1920x1080.webp","https://appstorrent.ru/uploads/posts/2023-10/ss_d46acbd707dca2013d69a2f359ba32994fc8ddd3_1920x1080.webp"]'
    WHERE
        id = 2530.0
    ;

              INSERT INTO languages (app_id, name, link, type)
              VALUES (2530.0, 'Русский', 'https://appstorrent.ru/info-lang/%D1%80%D1%83%D1%81%D1%81%D0%BA%D0%B8%D0%B9/', 1.0)
          ;

              INSERT INTO languages (app_id, name, link, type)
              VALUES (2530.0, 'Английский', 'https://appstorrent.ru/info-lang/%D0%B0%D0%BD%D0%B3%D0%BB%D0%B8%D0%B9%D1%81%D0%BA%D0%B8%D0%B9/', 1.0)
          ;

              INSERT INTO languages (app_id, name, link, type)
              VALUES (2530.0, 'Немецкий', 'https://appstorrent.ru/info-lang/%D0%BD%D0%B5%D0%BC%D0%B5%D1%86%D0%BA%D0%B8%D0%B9/', 1.0)
          ;

              INSERT INTO languages (app_id, name, link, type)
              VALUES (2530.0, 'Арабский', 'https://appstorrent.ru/info-lang/%D0%B0%D1%80%D0%B0%D0%B1%D1%81%D0%BA%D0%B8%D0%B9/', 1.0)
          ;

              INSERT INTO languages (app_id, name, link, type)
              VALUES (2530.0, 'Испанский', 'https://appstorrent.ru/info-lang/%D0%B8%D1%81%D0%BF%D0%B0%D0%BD%D1%81%D0%BA%D0%B8%D0%B9/', 1.0)
          ;

              INSERT INTO languages (app_id, name, link, type)
              VALUES (2530.0, 'Итальянский', 'https://appstorrent.ru/info-lang/%D0%B8%D1%82%D0%B0%D0%BB%D1%8C%D1%8F%D0%BD%D1%81%D0%BA%D0%B8%D0%B9/', 1.0)
          ;

              INSERT INTO languages (app_id, name, link, type)
              VALUES (2530.0, 'Китайский (трад.)', 'https://appstorrent.ru/info-lang/%D0%BA%D0%B8%D1%82%D0%B0%D0%B9%D1%81%D0%BA%D0%B8%D0%B9%20%28%D1%82%D1%80%D0%B0%D0%B4.%29/', 1.0)
          ;

              INSERT INTO languages (app_id, name, link, type)
              VALUES (2530.0, 'Китайский (упр.)', 'https://appstorrent.ru/info-lang/%D0%BA%D0%B8%D1%82%D0%B0%D0%B9%D1%81%D0%BA%D0%B8%D0%B9%20%28%D1%83%D0%BF%D1%80.%29/', 1.0)
          ;

              INSERT INTO languages (app_id, name, link, type)
              VALUES (2530.0, 'Корейский', 'https://appstorrent.ru/info-lang/%D0%BA%D0%BE%D1%80%D0%B5%D0%B9%D1%81%D0%BA%D0%B8%D0%B9/', 1.0)
          ;

              INSERT INTO languages (app_id, name, link, type)
              VALUES (2530.0, 'Нидерландский', 'https://appstorrent.ru/info-lang/%D0%BD%D0%B8%D0%B4%D0%B5%D1%80%D0%BB%D0%B0%D0%BD%D0%B4%D1%81%D0%BA%D0%B8%D0%B9/', 1.0)
          ;

              INSERT INTO languages (app_id, name, link, type)
              VALUES (2530.0, 'Португальский', 'https://appstorrent.ru/info-lang/%D0%BF%D0%BE%D1%80%D1%82%D1%83%D0%B3%D0%B0%D0%BB%D1%8C%D1%81%D0%BA%D0%B8%D0%B9/', 1.0)
          ;

              INSERT INTO languages (app_id, name, link, type)
              VALUES (2530.0, 'Турецкий', 'https://appstorrent.ru/info-lang/%D1%82%D1%83%D1%80%D0%B5%D1%86%D0%BA%D0%B8%D0%B9/', 1.0)
          ;

              INSERT INTO languages (app_id, name, link, type)
              VALUES (2530.0, 'Французский', 'https://appstorrent.ru/info-lang/%D1%84%D1%80%D0%B0%D0%BD%D1%86%D1%83%D0%B7%D1%81%D0%BA%D0%B8%D0%B9/', 1.0)
          ;

              INSERT INTO languages (app_id, name, link, type)
              VALUES (2530.0, 'Японский', 'https://appstorrent.ru/info-lang/%D1%8F%D0%BF%D0%BE%D0%BD%D1%81%D0%BA%D0%B8%D0%B9/', 1.0)
          ;

              INSERT INTO languages (app_id, name, link, type)
              VALUES (2530.0, 'Русский', 'https://appstorrent.ru/info-lang-voice/%D1%80%D1%83%D1%81%D1%81%D0%BA%D0%B8%D0%B9/', 2.0)
          ;

              INSERT INTO languages (app_id, name, link, type)
              VALUES (2530.0, 'Английский', 'https://appstorrent.ru/info-lang-voice/%D0%B0%D0%BD%D0%B3%D0%BB%D0%B8%D0%B9%D1%81%D0%BA%D0%B8%D0%B9/', 2.0)
          ;

              INSERT INTO languages (app_id, name, link, type)
              VALUES (2530.0, 'Китайский (трад.)', 'https://appstorrent.ru/info-lang-voice/%D0%BA%D0%B8%D1%82%D0%B0%D0%B9%D1%81%D0%BA%D0%B8%D0%B9%20%28%D1%82%D1%80%D0%B0%D0%B4.%29/', 2.0)
          ;

              INSERT INTO languages (app_id, name, link, type)
              VALUES (2530.0, 'Китайский (упр.)', 'https://appstorrent.ru/info-lang-voice/%D0%BA%D0%B8%D1%82%D0%B0%D0%B9%D1%81%D0%BA%D0%B8%D0%B9%20%28%D1%83%D0%BF%D1%80.%29/', 2.0)
          ;

  INSERT INTO categories (app_id, content, href, content_local)
  VALUES (2530.0, 'Игры', 'https://appstorrent.ru/games/', NULL)
;

  INSERT INTO categories (app_id, content, href, content_local)
  VALUES (2530.0, 'Apple Arcade', 'https://appstorrent.ru/games/arcade/', NULL)
;

  INSERT INTO categories (app_id, content, href, content_local)
  VALUES (2530.0, 'Экшен', 'https://appstorrent.ru/games/action/', NULL)
;

      INSERT INTO tabs (app_id, title, content, content_local)
      VALUES (2530.0, 'Описание', '
<p>Величайшие герои вселенной собрались, чтобы принять участие в битве века, — легендарном турнире HyperBrawl! Вооруженные уникальным оружием, они жаждут славы! Сразитесь на аренах с тремя другими игроками по локальной сети или онлайн в этом аркадной спортивной игре с элементами файтинга.</p>
<p><br>Только элитные чемпионы вселенной могут овладеть этим невероятным навыком. Гиперкривая позволяет вам взять мяч под свой контроль во время полета, чтобы «магическим» образом обойти соперников и препятствия и забить легендарные голы, которые возможны только в HyperBrawl.</p>
<p><br>Каждая клетка вашего организма пропитана легендарной гиперсилой. Используйте ее, чтобы проводить сокрушительные атаки, которые в буквальном смысле выкинут ваших врагов с арены с невероятной силой.</p>
<p><br>Знаменитые в своих мирах герои собираются из самых отдаленных уголков вселенной, чтобы принять участие в турнире HyperBrawl. Выбирайте из 12 героев в трех классах, снарядите их смертельными комбинациями из пушек и раскрасьте их броню в победные краски.</p>
<p><br>Отправьтесь сквозь пространство и время на арены HyperBrawl, которые расположились на родных планетах героев. Насладитесь видами возвышенного стадиона Хром Сити в стиле киберпанка, древним стадионом в Стилхендже или демоническим Двором Аздрича. Каждая арена наполнена опасными препятствиями и ловушками, которые делают каждую игру еще более захватывающей и непредсказуемой.</p>
<p><br>Непрерывные спортивные баталии для 1-4 игроков - участвуйте в матчах в локальной сети или онлайн и сражайтесь с друзьями, родственниками или врагами со всего мира в ураганных раундах продолжительностью 90 секунд.<br>Овладейте легендарной техникой Hyper Curve, чтобы изменить направление мяча в воздух и забить сумасшедшие голы.<br>Используйте гипердержаву в нужное время, чтобы наносить мощный удар противникам с арены.<br>Выберите свой стиль игры с 12 величайшими героями вселенной, каждый из которых имеет отличительные навыки и характеристики и относится к одному из трех классов: быстрый, средний и танковый.<br>Освойте HyperBrawl на 12 различных аренах в разных уголках вселенной, каждая из которых имеет динамические препятствия, от порталов и столбцов до движущегося пола, что делает каждое совпадение еще более непредсказуемым.<br>Дайте своему герою одно из 8 уникальных пушек! Размахивайте яростным молотом, притягивайте к себе врагов крючком или устраивайте настоящий армагеддон с бомбардировщиком!</p>
', '
<p>宇宙最伟大的英雄齐聚一堂，参加世纪之战 - 传奇的 HyperBrawl 锦标赛！ 他们装备着独特的武器，渴望荣耀！ 在这款带有格斗元素的街机体育游戏中，在本地或在线竞技场中与最多三名其他玩家对战。</p>
<p><br>只有宇宙的精英冠军才能掌握这项令人难以置信的技能。 HyperBrawl 允许您在球飞行时控制球，神奇地越过对手和障碍物，并取得只有在 HyperBrawl 中才有可能实现的传奇进球。</p>
<p><br>你体内的每一个细胞都充满了传奇般的超能力。 用它来发动毁灭性的攻击，以令人难以置信的力量将你的敌人击出竞技场。</p>
<p><br>他们世界中的著名英雄从宇宙最偏远的角落聚集起来，参加 HyperBrawl 锦标赛。 从三个类别的 12 名英雄中进行选择，为他们配备致命的枪械组合，并为他们的盔甲涂上胜利的颜色。</p>
<p><br>穿越时空前往位于英雄家乡星球上的 HyperBrawl 竞技场。 欣赏高耸的赛博朋克主题 Chrome City 体育场、古老的 Steelhenge 体育场或恶魔般的 Azdrich 法庭的景色。 每个竞技场都充满了危险的障碍和陷阱，使每场比赛变得更加刺激和不可预测。</p>
<p><br>1-4 名玩家不间断的运动对战 - 参加本地或在线比赛，在持续 90 秒的旋风回合中与来自世界各地的朋友、家人或敌人对战。<br>掌握传奇的超曲线技术，改变球在空中的方向并疯狂进球。<br>在正确的时间使用你的超能力，从竞技场给对手带来强大的打击。<br>与 12 位宇宙最伟大的英雄一起选择你的游戏风格，每个英雄都拥有独特的技能和特点，并被分配到三个类别之一：快速、中型和坦克。<br>在宇宙中 12 个不同的竞技场中掌握 HyperBrawl，每个竞技场都有动态障碍，从传送门、柱子到移动地板，让每场比赛都更加难以预测。<br>为您的英雄提供 8 种独特枪支中的一把！ 挥舞狂暴的锤子，用钩子将敌人拉向你，或者用轰炸机引发真正的世界末日！</p>
')
  ;

      INSERT INTO tabs (app_id, title, content, content_local)
      VALUES (2530.0, 'Мин. требования', '
<p>Требуется macOS 10.15 или новее.</p>
', '
<p>需要 macOS 10.15 或更高版本。</p>
')
  ;

  INSERT OR REPLACE INTO download_info (app_id, content, content_local)
  VALUES (2530.0, '<p>Запустите скачанный образ и перетащите приложение в ярлык папки Программы (Applications).<br>После завершения копирования, приложение можно запустить через Launchpad.<br><br></p>
<p>Если игра не запускается введите в терминале:</p>
<p><span style="color:rgb(230,126,35);">xattr -cr /Applications/HyperBrawl.app &amp;&amp; codesign --force --deep --sign - /Applications/HyperBrawl.app</span></p>', '<p>启动下载的图像并将应用程序拖到“应用程序”文件夹快捷方式中。<br>复制完成后，可以通过 Launchpad 启动应用程序。<br><br></p>
<p>如果游戏没有开始，请在终端输入：</p>
<p><span style="color:rgb(230,126,35);">xattr -cr /Applications/HyperBrawl.app &amp;&amp; codesign --force --deep --sign - /Applications/HyperBrawl.app</span></p>')
;

      INSERT OR REPLACE INTO download_links (app_id, title, href, title_local, version)
      VALUES (2530.0, 'Прямая ссылка на скачивание', 'https://vk.com/doc781359414_671584429', '直接链接下载安装程序', '1.4')
  ;

    UPDATE app
    SET
        name = 'MacGPT',
        bg_image = 'https://appstorrent.ru/templates/appstorrent-4ac2e09b1a/assets/img/bg.webp',
        icon = 'https://appstorrent.ru/uploads/posts/2023-11/1700689396_icon.webp',
        version = '3.17+',
        description = 'ChatGPT на вашем Mac',
        description_local = '',
        detail_url = 'https://appstorrent.ru/505-macgpt.html',
        file_size = '7,9 MB',
        developer = 'Jordi Bruin',
        activation = 'DRM-FREE (без защиты)',
        compatibility = 'macOS 12及以上版本',
        architecture = 'ARMx86 (64-bit)',
        published_date = '2023/11/23',
        releaseDate = '',
        note = '',
        views = '194757',
        link = 'https://anonim.xyz/go/https://www.macgpt.com/',
        detail_version = '3.17+',
        banner = '["https://appstorrent.ru/uploads/posts/2023-11/macgpt_image_104_5aa3_standard.webp","https://appstorrent.ru/uploads/posts/2023-11/macgpt_image_103_361d_standard.webp","https://appstorrent.ru/uploads/posts/2023-11/macgpt_image_102_0d6b_standard.webp","https://appstorrent.ru/uploads/posts/2023-11/macgpt_image_101_74b6_standard.webp","https://appstorrent.ru/uploads/posts/2023-11/macgpt_image_100_8a3e_standard.webp"]'
    WHERE
        id = 2531.0
    ;

              INSERT INTO languages (app_id, name, link, type)
              VALUES (2531.0, 'Английский', 'https://appstorrent.ru/info-lang/%D0%B0%D0%BD%D0%B3%D0%BB%D0%B8%D0%B9%D1%81%D0%BA%D0%B8%D0%B9/', 1.0)
          ;

  INSERT INTO categories (app_id, content, href, content_local)
  VALUES (2531.0, 'Программы', 'https://appstorrent.ru/programs/', NULL)
;

  INSERT INTO categories (app_id, content, href, content_local)
  VALUES (2531.0, 'Производительность', 'https://appstorrent.ru/programs/performance/', NULL)
;

      INSERT INTO tabs (app_id, title, content, content_local)
      VALUES (2531.0, 'Описание', '
<p>MacGPT — это простое собственное приложение для macOS, которое позволяет быстро получить доступ к ChatGPT из строки меню. Одним щелчком мыши вы можете открыть ChatGPT и начать общение с помощью мощной языковой модели Assistant.</p>
<p><br></p>
<p>Получите доступ к ChatGPT из любого места на своем Mac с помощью глобальной функции. Просто активируйте текстовое поле «Глобальный», которое появляется в центре экрана, и начните общаться с помощью ChatGPT.</p>
<p><br></p>
<p>Добавьте ChatGPT прямо в свои текстовые поля с помощью MacGPT Inline. Просто введите триггерную фразу и приглашение, а ChatGPT сделает все остальное!</p>
<p><br></p>
<p>Быстрый доступ к ChatGPT из строки меню, через веб-сайт или через API.</p>
<p><br></p>
<p>Как использовать</p>
<p>MacGPT загружает интерфейс чата ChatGPT в веб-браузере. Войдите в систему, используя свои учетные данные OpenAI, а затем просто щелкните значок в строке меню, чтобы начать разговор. Вы также можете назначить сочетание клавиш, щелкнув значок шестеренки, чтобы активировать MacGPT, не перемещая мышь!</p>
<p><br></p>
<p>Вы также можете использовать свой собственный ключ API OpenAI для прямого взаимодействия с ChatGPT. Обратите внимание, что для использования ключа OpenAI API необходимо привязать свою кредитную карту. Если вы хотите использовать GPT-4, вам придется подписаться в список ожидания GPT-4.</p>
', '
<p>MacGPT 是一款简单的 macOS 本机应用程序，可让您从菜单栏快速访问 ChatGPT。 只需一键点击，您就可以打开 ChatGPT 并开始使用 Assistant 强大的语言模型进行交流。</p>
<p><br></p>
<p>使用全局功能从 Mac 上的任何位置访问 ChatGPT。 只需激活屏幕中央出现的全局文本框，然后使用 ChatGPT 开始聊天。</p>
<p><br></p>
<p>使用 MacGPT Inline 将 ChatGPT 直接添加到您的文本字段。 只需输入您的触发短语和邀请，ChatGPT 就会完成剩下的工作！</p>
<p><br></p>
<p>从菜单栏、网站或 API 快速访问 ChatGPT。</p>
<p><br></p>
<p>如何使用</p>
<p>MacGPT 在网络浏览器中加载 ChatGPT 聊天界面。 使用您的 OpenAI 凭据登录，然后只需单击菜单栏中的图标即可开始对话。 您还可以通过单击齿轮图标来分配键盘快捷键，以激活 MacGPT，而无需移动鼠标！</p>
<p><br></p>
<p>您还可以使用自己的 OpenAI API 密钥直接与 ChatGPT 交互。 请注意，您必须链接您的信用卡才能使用 OpenAI API 密钥。 如果您想使用 GPT-4，则必须注册加入 GPT-4 候补名单。</p>
')
  ;

  INSERT OR REPLACE INTO download_info (app_id, content, content_local)
  VALUES (2531.0, '<p>Распакуйте скачанный архив и переместите приложение в папку Программы.</p>
<p>Официальные обновления не приводят к потере активации.</p>', '<p>解压下载的存档并将应用程序移至“应用程序”文件夹。</p>
<p>官方更新不会导致激活丢失。</p>')
;

      INSERT OR REPLACE INTO download_links (app_id, title, href, title_local, version)
      VALUES (2531.0, 'Прямая ссылка на скачивание', 'https://vk.com/doc154826112_672459323', '直接链接到下载', '3.17+')
  ;

    UPDATE app
    SET
        name = 'Cut the Rope 3',
        bg_image = 'https://appstorrent.ru/uploads/posts/2023-10/fsdfsfsd.webp',
        icon = 'https://appstorrent.ru/uploads/posts/2023-10/1697966843_fdsfsd.webp',
        version = '1.0.2',
        description = '
ИгрыApple ArcadeГоловоломки
',
        description_local = '',
        detail_url = 'https://appstorrent.ru/2669-cut-the-rope-3.html',
        file_size = '306 MB',
        developer = 'ZeptoLab UK Limited',
        activation = 'Не требуется',
        compatibility = '',
        architecture = 'ARMx86 (64-bit)',
        published_date = '2023/11/22',
        releaseDate = '',
        note = '',
        views = '1556',
        link = 'https://anonim.xyz/go/https://www.zeptolab.com/',
        detail_version = '1.0.2',
        banner = '["https://appstorrent.ru/uploads/posts/2023-10/1697966944_1286x0w.webp","https://appstorrent.ru/uploads/posts/2023-10/1697966942_1286x0w-2.webp","https://appstorrent.ru/uploads/posts/2023-10/1697966941_1286x0w-1.webp","https://appstorrent.ru/uploads/posts/2023-10/1697966943_1286x0w-3.webp"]'
    WHERE
        id = 2532.0
    ;

              INSERT INTO languages (app_id, name, link, type)
              VALUES (2532.0, 'Русский', 'https://appstorrent.ru/info-lang/%D1%80%D1%83%D1%81%D1%81%D0%BA%D0%B8%D0%B9/', 1.0)
          ;

              INSERT INTO languages (app_id, name, link, type)
              VALUES (2532.0, 'Английский', 'https://appstorrent.ru/info-lang/%D0%B0%D0%BD%D0%B3%D0%BB%D0%B8%D0%B9%D1%81%D0%BA%D0%B8%D0%B9/', 1.0)
          ;

              INSERT INTO languages (app_id, name, link, type)
              VALUES (2532.0, 'Немецкий', 'https://appstorrent.ru/info-lang/%D0%BD%D0%B5%D0%BC%D0%B5%D1%86%D0%BA%D0%B8%D0%B9/', 1.0)
          ;

              INSERT INTO languages (app_id, name, link, type)
              VALUES (2532.0, 'Арабский', 'https://appstorrent.ru/info-lang/%D0%B0%D1%80%D0%B0%D0%B1%D1%81%D0%BA%D0%B8%D0%B9/', 1.0)
          ;

              INSERT INTO languages (app_id, name, link, type)
              VALUES (2532.0, 'Испанский', 'https://appstorrent.ru/info-lang/%D0%B8%D1%81%D0%BF%D0%B0%D0%BD%D1%81%D0%BA%D0%B8%D0%B9/', 1.0)
          ;

              INSERT INTO languages (app_id, name, link, type)
              VALUES (2532.0, 'Итальянский', 'https://appstorrent.ru/info-lang/%D0%B8%D1%82%D0%B0%D0%BB%D1%8C%D1%8F%D0%BD%D1%81%D0%BA%D0%B8%D0%B9/', 1.0)
          ;

              INSERT INTO languages (app_id, name, link, type)
              VALUES (2532.0, 'Китайский (трад.)', 'https://appstorrent.ru/info-lang/%D0%BA%D0%B8%D1%82%D0%B0%D0%B9%D1%81%D0%BA%D0%B8%D0%B9%20%28%D1%82%D1%80%D0%B0%D0%B4.%29/', 1.0)
          ;

              INSERT INTO languages (app_id, name, link, type)
              VALUES (2532.0, 'Китайский (упр.)', 'https://appstorrent.ru/info-lang/%D0%BA%D0%B8%D1%82%D0%B0%D0%B9%D1%81%D0%BA%D0%B8%D0%B9%20%28%D1%83%D0%BF%D1%80.%29/', 1.0)
          ;

              INSERT INTO languages (app_id, name, link, type)
              VALUES (2532.0, 'Корейский', 'https://appstorrent.ru/info-lang/%D0%BA%D0%BE%D1%80%D0%B5%D0%B9%D1%81%D0%BA%D0%B8%D0%B9/', 1.0)
          ;

              INSERT INTO languages (app_id, name, link, type)
              VALUES (2532.0, 'Португальский', 'https://appstorrent.ru/info-lang/%D0%BF%D0%BE%D1%80%D1%82%D1%83%D0%B3%D0%B0%D0%BB%D1%8C%D1%81%D0%BA%D0%B8%D0%B9/', 1.0)
          ;

              INSERT INTO languages (app_id, name, link, type)
              VALUES (2532.0, 'Французский', 'https://appstorrent.ru/info-lang/%D1%84%D1%80%D0%B0%D0%BD%D1%86%D1%83%D0%B7%D1%81%D0%BA%D0%B8%D0%B9/', 1.0)
          ;

              INSERT INTO languages (app_id, name, link, type)
              VALUES (2532.0, 'Японский', 'https://appstorrent.ru/info-lang/%D1%8F%D0%BF%D0%BE%D0%BD%D1%81%D0%BA%D0%B8%D0%B9/', 1.0)
          ;

              INSERT INTO languages (app_id, name, link, type)
              VALUES (2532.0, 'Музыкальное сопровождение', 'https://appstorrent.ru/info-lang-voice/%D0%BC%D1%83%D0%B7%D1%8B%D0%BA%D0%B0%D0%BB%D1%8C%D0%BD%D0%BE%D0%B5%20%D1%81%D0%BE%D0%BF%D1%80%D0%BE%D0%B2%D0%BE%D0%B6%D0%B4%D0%B5%D0%BD%D0%B8%D0%B5/', 2.0)
          ;

  INSERT INTO categories (app_id, content, href, content_local)
  VALUES (2532.0, 'Игры', 'https://appstorrent.ru/games/', NULL)
;

  INSERT INTO categories (app_id, content, href, content_local)
  VALUES (2532.0, 'Apple Arcade', 'https://appstorrent.ru/games/arcade/', NULL)
;

  INSERT INTO categories (app_id, content, href, content_local)
  VALUES (2532.0, 'Головоломки', 'https://appstorrent.ru/games/puzzle/', NULL)
;

      INSERT INTO tabs (app_id, title, content, content_local)
      VALUES (2532.0, 'Описание', '
<p>Вы готовы отправиться в неизведанные земли вместе с Ам Нямом и умилительным Кусь Нямом? Это захватывающее приключение начинается со старой карты и манящих великих открытий. А дальше вас троих ждет путешествие по невероятным местам с хитрыми головоломками! Решите их все, чтобы найти новые виды Нямми, и станьте великим первопроходцем.</p>
<p><br>ДЛЯ ТЕХ, КТО ЛЮБИТ ИГРЫ НА ОСНОВЕ ФИЗИКИ Здесь вы найдете все любимые механики из Cut the Rope и много новых, которые вам точно понравятся!</p>
<p><br>ДЛЯ ТЕХ, КТО ЛЮБИТ ПРИКЛЮЧЕНИЯ Захватывающие места и уникальные уровни заставят вас пошевелить мозгами, если хотите собрать как можно больше звезд!</p>
<p><br>ДЛЯ ТЕХ, КТО ЛЮБИТ МОНСТРИКОВ Самый милейший монстрик в мире Ам Ням, еще один претендент на этот титул Кусь Ням и множество очаровательных Нямми!</p>
<p><br>Эта новая глава в серии Cut the Rope унесет вас в яркий и захватывающий мир. События закручиваются вокруг непоседы Кусь Няма, которого нужно вернуть Ам Няму. Но вот как это сделать? Вам помогут предметы с уровней. Если вы придумаете, как их использовать. Попробуйте догадаться! Начните головокружительное приключение уже сегодня!</p>
', '
<p>你准备好与 Om Nom 和感人的 Kus Nom 一起前往未知的土地了吗？ 这场激动人心的冒险从一张古老的地图和召唤的伟大发现开始。 然后，你们三人将穿越令人难以置信的地方，解开棘手的谜题！ 解决所有问题，找到新类型的 Nyummy，并成为一名伟大的探险家。</p>
<p><br>对于那些喜欢基于物理的游戏的人在这里，您会找到《割绳子》中您最喜欢的所有机制以及许多您一定会喜欢的新机制！</p>
<p><br>对于那些热爱冒险的人来说，如果您想收集尽可能多的星星，激动人心的地点和独特的关卡将挑战您的大脑！</p>
<p><br>对于那些喜欢怪物的人来说，世界上最可爱的怪物是 Om Nom，这个称号的另一个竞争者是 Kus Nom 和许多可爱的美味佳肴！</p>
<p><br>《割绳子》系列的新章节将带您进入一个充满活力和令人兴奋的世界。 事件围绕烦躁的库斯·尼亚姆展开，他需要被送回奥姆·尼亚姆身边。 但如何做到这一点呢？ 关卡中的物品会对您有所帮助。 如果你能弄清楚如何使用它们。 猜猜看！ 今天就开始一场惊心动魄的冒险吧！</p>
')
  ;

      INSERT INTO tabs (app_id, title, content, content_local)
      VALUES (2532.0, 'Мин. требования', '
<p>Требуется macOS 11.0 или новее.</p>
', '
<p>需要 macOS 11.0 或更高版本。</p>
')
  ;

  INSERT OR REPLACE INTO download_info (app_id, content, content_local)
  VALUES (2532.0, '<p>Запустите скачанный образ и перетащите приложение в ярлык папки Программы (Applications).<br>После завершения копирования, приложение можно запустить через Launchpad.</p>', '<p>启动下载的图像并将应用程序拖到“应用程序”文件夹快捷方式中。<br>复制完成后，可以通过 Launchpad 启动应用程序。</p>')
;

      INSERT OR REPLACE INTO download_links (app_id, title, href, title_local, version)
      VALUES (2532.0, 'Прямая ссылка на скачивание', 'https://vk.com/doc781359414_671552864', '直接链接下载安装程序', '1.0.2')
  ;

    UPDATE app
    SET
        name = 'Doppler',
        bg_image = 'https://appstorrent.ru/templates/appstorrent-4ac2e09b1a/assets/img/bg.webp',
        icon = 'https://appstorrent.ru/uploads/posts/2023-11/1112.webp',
        version = '2.1.17',
        description = 'Аудио плеер',
        description_local = '',
        detail_url = 'https://appstorrent.ru/2652-doppler.html',
        file_size = '12 MB',
        developer = 'Brushed Type Ltd',
        activation = 'K''ed by TNT team',
        compatibility = 'macOS 11及以上版本',
        architecture = 'ARMx86 (64-bit)',
        published_date = '2023/11/25',
        releaseDate = '',
        note = '',
        views = '2607',
        link = 'https://anonim.xyz/go/https://brushedtype.co/doppler/',
        detail_version = '2.1.17',
        banner = '["https://appstorrent.ru/uploads/posts/2023-10/1697219132_4_result.webp","https://appstorrent.ru/uploads/posts/2023-10/1697219133_3_result.webp","https://appstorrent.ru/uploads/posts/2023-10/1697219133_2_result.webp","https://appstorrent.ru/uploads/posts/2023-10/1697219134_1_result.webp"]'
    WHERE
        id = 2533.0
    ;

              INSERT INTO languages (app_id, name, link, type)
              VALUES (2533.0, 'Английский', 'https://appstorrent.ru/info-lang/%D0%B0%D0%BD%D0%B3%D0%BB%D0%B8%D0%B9%D1%81%D0%BA%D0%B8%D0%B9/', 1.0)
          ;

  INSERT INTO categories (app_id, content, href, content_local)
  VALUES (2533.0, 'Программы', 'https://appstorrent.ru/programs/', NULL)
;

  INSERT INTO categories (app_id, content, href, content_local)
  VALUES (2533.0, 'Музыка', 'https://appstorrent.ru/programs/music/', NULL)
;

      INSERT INTO tabs (app_id, title, content, content_local)
      VALUES (2533.0, 'Описание', '
<p>Doppler - это красиво оформленный FLAC-плеер и MP3-плеер с поддержкой многих форматов файлов. Импортируйте музыку и плейлисты для прослушивания в автономном режиме, а также редактируйте обложки песен и альбомов и информацию без синхронизации.</p>
<p><br></p>
<p>Дизайн Doppler адаптируется к вашей музыке и обеспечивает быстрый доступ к вашей очереди воспроизведения в данный момент. Нажмите прямо на недавно добавленный альбом или воспользуйтесь поиском для просмотра вашей музыки.</p>
<p><br></p>
<p>Музыка и плейлисты всегда хранятся локально на вашем устройстве, так что у вас есть полная библиотека, когда вам это нужно, даже в автономном режиме. Doppler даже автоматически импортирует новые файлы, чтобы ваша библиотека всегда была актуальной.</p>
<p><br></p>
<p>Doppler поддерживает широкий спектр различных форматов музыкальных файлов, включая FLAC, MP3, WAV, AAC, M4A и многие другие. Музыкальные файлы хранятся локально на вашем устройстве для автономного воспроизведения. Допплер отлично работает на рейсах и в метро, где у вас нет Wi-Fi.</p>
<p><br></p>
<p>Doppler поддерживает Bluetooth и AirPlay 2, поэтому вы можете слушать музыку в автомобиле или через AirPods, HomePod или любой другой динамик с поддержкой Bluetooth. Doppler теперь также включает в себя приложение CarPlay.</p>
<p><br></p>
<p>Чтобы помочь организовать вашу библиотеку, Doppler поддерживает редактирование метаданных для песен и альбомов — непосредственно на вашем устройстве и без использования компьютера. Doppler также предлагает возможность найти и загрузить недостающие иллюстрации.</p>
<p><br></p>
<p>Особенности:</p>
<p>- Красивый, интуитивно понятный дизайн<br>- Надежное автономное и локальное воспроизведение<br>- Поддержка MP3, FLAC, AAC, WAV и многих других аудиоформатов<br>- Создавайте и редактируйте списки воспроизведения<br>- Редактировать метаданные песни<br>- Недавно добавленные альбомы<br>- Полный поиск по библиотеке<br>- Импортируйте ваши существующие альбомы и плейлисты<br>- Редактируйте свою очередь воспроизведения по мере прослушивания<br>- Слушайте через AirPods, HomePod или любой динамик с поддержкой Bluetooth<br>- Автоматический импорт новой музыки<br>- Быстро делитесь информацией об альбоме с друзьями<br>- Поддержка для Last.fm<br>- Поиск и загрузка обложек альбомов<br>- Импорт музыки из Safari, Dropbox, Google Диска и многого другого<br>- Импорт музыки с вашего компьютера по Wi-Fi<br>- Отчеты о прослушивании / Рассматриваемый год</p>
', '
<p>Doppler 是一款设计精美的 FLAC 播放器和 MP3 播放器，支持多种文件格式。 导入音乐和播放列表以供离线收听，并编辑歌曲和专辑插图和信息而无需同步。</p>
<p><br></p>
<p>Doppler 的设计可适应您的音乐，并提供对当前播放队列的快速访问。 直接单击最近添加的专辑或使用搜索来浏览您的音乐。</p>
<p><br></p>
<p>音乐和播放列表始终存储在您的设备本地，因此您可以在需要时拥有完整的库，即使在离线状态下也是如此。 Doppler 甚至会自动导入新文件，以确保您的库始终是最新的。</p>
<p><br></p>
<p>Doppler 支持多种不同的音乐文件格式，包括 FLAC、MP3、WAV、AAC、M4A 等。 音乐文件存储在您的设备本地以供离线播放。 多普勒在没有 Wi-Fi 的航班和地铁上效果很好。</p>
<p><br></p>
<p>Doppler 支持蓝牙和 AirPlay 2，因此您可以在车内或通过 AirPods、HomePod 或任何其他支持蓝牙的扬声器聆听音乐。 Doppler 现在还包括 CarPlay 应用程序。</p>
<p><br></p>
<p>为了帮助组织您的资料库，Doppler 支持直接在您的设备上编辑歌曲和专辑的元数据，无需使用计算机。 多普勒还提供查找和下载丢失插图的功能。</p>
<p><br></p>
<p>特点：</p>
<p>- 美观、直观的设计<br>- 可靠的离线和本地播放<br>- 支持MP3、FLAC、AAC、WAV等多种音频格式<br>- 创建和编辑播放列表<br>- 编辑歌曲元数据<br>- 最近添加的专辑<br>- 完整的图书馆搜索<br>- 导入您现有的专辑和播放列表<br>- 在聆听时编辑播放队列<br>- 通过 AirPods、HomePod 或任何支持蓝牙的扬声器收听<br>- 自动导入新音乐<br>- 快速与好友分享专辑信息<br>- 支持 Last.fm<br>- 搜索并下载专辑封面<br>- 从 Safari、Dropbox、Google Drive 等导入音乐<br>- 通过 Wi-Fi 从计算机导入音乐<br>- 试镜报告/年度回顾</p>
')
  ;

      INSERT INTO tabs (app_id, title, content, content_local)
      VALUES (2533.0, 'Что нового', '
<section>
<div>
<p>Примечания к выпуску недоступны на момент публикации.</p>
<p><br></p>
</div>
</section>
', '
<section>
<div>
<p>发布说明在发布时尚未提供。</p>
<p><br></p>
</div>
</section>
')
  ;

  INSERT OR REPLACE INTO download_info (app_id, content, content_local)
  VALUES (2533.0, '<p>Смонтируйте образ и запустите Open Gatekeeper friendly.<br>Нажмите Enter для обхода Gatekeeper в окне Терминал.<br>Перетащите приложение в папку Программы (Applications).<br>Приложение готово к использованию.</p>', '<p>挂载镜像并启动 Open Gatekeeper friendly。<br>在终端窗口中按 Enter 键绕过 Gatekeeper。<br>将应用程序拖到“应用程序”文件夹中。<br>该应用程序已准备好使用。</p>')
;

      INSERT OR REPLACE INTO download_links (app_id, title, href, title_local, version)
      VALUES (2533.0, 'Прямая ссылка на скачивание', 'https://vk.com/doc781359414_672982441', '直接链接下载安装程序', '2.1.17')
  ;

    INSERT INTO older_versions (app_id, title, url, title_local)
    VALUES (2533.0, 'Doppler 2.1.15 [EDiSO] для macOS 11 и новее', 'https://vk.com/s/v1/doc/Herx9mwEFsUC2Pe6PYpfmXcSDSBxu_rOBPzkOFnpPIWVvScPkKo', 'Doppler 2.1.15 [EDiSO] 适用于 macOS 11 及以上版本')
;

    UPDATE app
    SET
        name = 'Menuwhere',
        bg_image = 'https://appstorrent.ru/templates/appstorrent-4ac2e09b1a/assets/img/bg.webp',
        icon = 'https://appstorrent.ru/uploads/posts/2023-11/11achja.webp',
        version = '2.2.1',
        description = 'Доступ к меню',
        description_local = '',
        detail_url = 'https://appstorrent.ru/2635-menuwhere.html',
        file_size = '6 MB',
        developer = 'Many Tricks',
        activation = 'K''ed by TEAM HCiSO',
        compatibility = 'OS X 10.10及以上版本',
        architecture = 'ARMx86 (64-bit)',
        published_date = '2023/11/24',
        releaseDate = '',
        note = '',
        views = '3938',
        link = 'https://anonim.xyz/go/https://manytricks.com/menuwhere/',
        detail_version = '2.2.1',
        banner = '["https://www.youtube.com/embed/2OTpkjAG9go?si=r_Vj-9pjKSYtsz6m?enablejsapi=1","https://appstorrent.ru/uploads/posts/2023-10/1697023399_1.webp"]'
    WHERE
        id = 2534.0
    ;

              INSERT INTO languages (app_id, name, link, type)
              VALUES (2534.0, 'Английский', 'https://appstorrent.ru/info-lang/%D0%B0%D0%BD%D0%B3%D0%BB%D0%B8%D0%B9%D1%81%D0%BA%D0%B8%D0%B9/', 1.0)
          ;

  INSERT INTO categories (app_id, content, href, content_local)
  VALUES (2534.0, 'Программы', 'https://appstorrent.ru/programs/', NULL)
;

  INSERT INTO categories (app_id, content, href, content_local)
  VALUES (2534.0, 'Утилиты', 'https://appstorrent.ru/programs/utilities/', NULL)
;

      INSERT INTO tabs (app_id, title, content, content_local)
      VALUES (2534.0, 'Описание', '
<p>Единственная цель Menuwhere - вывести на экран меню самого переднего приложения в текущем местоположении мыши.</p>
<p><br></p>
<p>Ключевые особенности:</p>
<p>Детализация с помощью мыши или клавиатуры<br>- После загрузки приложения, на экране, вы можете углубиться в меню настолько, насколько вам нужно, используя клавиатуру (клавиши со стрелками и / или ввод первой буквы) или мышь. В любом случае целевой пункт меню будет найден быстро</p>
<p><br></p>
<p>Посмотри, что ты хочешь увидеть<br>- Menuwhere позволяет настраивать работу с меню. Хотите увидеть меню Apple в конце списка? Вы можете сделать это. Хотите вообще не видеть меню Apple? Вы тоже можете это сделать. Не нужно меню «Справка» или «Правка»? Хотите всегда видеть альтернативные пункты меню, которые обычно можно увидеть только с зажатой опцией и / или другими специальными клавишами? Да, ты можешь это сделать. Не хотите видеть сочетания клавиш во всплывающем меню? Да, вы тоже можете выключить их. Все эти параметры можно настроить на вкладке «Меню» в настройках Menuwhere:</p>
<p><br></p>
<p>Возможно, лучше всего, то, что вы можете скрыть все неактивные пункты меню</p>
<p>- Имея только видимые пункты меню в меню, становится намного проще настроить таргетинг на тот пункт меню, который вам действительно нужен, без визуальной навигации по неактивным пунктам меню</p>
<p><br></p>
<p>И многое другое<br>- Меню под мышкой через определяемую пользователем горячую клавишу. Вот что он делает, и делает это хорошо</p>
', '
<p>Menuwhere 的唯一目的是在当前鼠标位置显示最前面的应用程序菜单。</p>
<p><br></p>
<p>主要特征：</p>
<p>使用鼠标或键盘向下钻取<br>- 应用程序加载后，在屏幕上，您可以使用键盘（箭头键和/或第一个字母）或鼠标进入菜单。 无论如何，都会很快找到目标菜单项</p>
<p><br></p>
<p>看看你想看的<br>- Menuwhere 允许您自定义菜单体验。 想要查看列表末尾的 Apple 菜单吗？ 你能行的。 根本不想看到 Apple 菜单吗？ 你也可以做到。 不需要“帮助”或“编辑”菜单？ 想要始终看到通常只能通过按住选项和/或其他特殊键才能看到的替代菜单项吗？ 是的，你可以做到。 不想在弹出菜单中看到键盘快捷键？ 是的，您也可以将它们关闭。 所有这些选项都可以从 Menuwhere 首选项中的“菜单”选项卡进行配置：</p>
<p><br></p>
<p>也许最重要的是，您可以隐藏所有不活动的菜单项</p>
<p>- 通过在菜单中仅包含可见的菜单项，可以更轻松地定位您实际需要的菜单项，而无需在非活动菜单项中进行视觉导航</p>
<p><br></p>
<p>以及更多<br>- 通过用户定义的热键实现鼠标下菜单。 这就是他所做的，而且做得很好</p>
')
  ;

      INSERT INTO tabs (app_id, title, content, content_local)
      VALUES (2534.0, 'Что нового', '
<div id="body1" class="content-block ui-tabs ui-corner-all ui-widget ui-widget-content">
<div id="tabs-3" class="tabs-container ui-tabs-panel ui-corner-bottom ui-widget-content" role="tabpanel">
<div class="body-2 blockreadmore body-content">
<p>Примечания к выпуску доступны на официальном сайте<span>&nbsp;</span><span><a href="https://anonim.xyz/go/https://manytricks.com/menuwhere/releasenotes/" target="_blank" rel="noopener external noreferrer">manytricks.com</a></span></p>
</div>
</div>
</div>
', '
<div id="body1" class="content-block ui-tabs ui-corner-all ui-widget ui-widget-content">
<div id="tabs-3" class="tabs-container ui-tabs-panel ui-corner-bottom ui-widget-content" role="tabpanel">
<div class="body-2 blockreadmore body-content">
<p>发行说明可在官方网站上找到<span>&nbsp;</span><span><a href="https://anonim.xyz/go/https://许多技巧网站/menuwhere/releasenotes/" target="_blank" rel="noopener external noreferrer">manytricks.com</a></span></p>
</div>
</div>
</div>
')
  ;

  INSERT OR REPLACE INTO download_info (app_id, content, content_local)
  VALUES (2534.0, '<p>Запустите скачанный образ и перетащите приложение в ярлык папки Программы (Applications).</p>
<p>После завершения копирования, приложение можно запустить через Launchpad.</p>
<p>Официальные обновления могут привести к потере активации.<span>&nbsp;</span><a href="https://appstorrent.ru/67-update.html">Подробнее</a></p>', '<p>启动下载的图像并将应用程序拖到“应用程序”文件夹快捷方式中。</p>
<p>复制完成后，可以通过 Launchpad 启动应用程序。</p>
<p>官方更新可能会导致激活失败。<span>&nbsp;</span><a href="https://appstorrent.ru/67-update.html">更多细节</a></p>')
;

      INSERT OR REPLACE INTO download_links (app_id, title, href, title_local, version)
      VALUES (2534.0, 'Прямая ссылка на скачивание', 'https://vk.com/doc249553273_668559210', '直接链接下载安装程序', '2.2.1')
  ;

    INSERT INTO older_versions (app_id, title, url, title_local)
    VALUES (2534.0, 'Menuwhere 1.0 [TNT] для OS X 10.10 и новее', 'https://vk.com/doc249553273_597233756', 'Menuwhere 1.0 [TNT] 适用于 OS X 10.10 及以上版本')
;

    UPDATE app
    SET
        name = 'AutoMounter',
        bg_image = 'https://appstorrent.ru/templates/appstorrent-4ac2e09b1a/assets/img/bg.webp',
        icon = 'https://appstorrent.ru/uploads/posts/2023-11/1111f.webp',
        version = '1.7.1',
        description = 'Монтирование дисков',
        description_local = '',
        detail_url = 'https://appstorrent.ru/2644-automounter.html',
        file_size = '13 MB',
        developer = 'Pixeleyes',
        activation = 'K''ed by TEAM HCiSO',
        compatibility = 'macOS 10.12及以上版本',
        architecture = 'ARMx86 (64-bit)',
        published_date = '2023/11/23',
        releaseDate = '',
        note = '',
        views = '3055',
        link = 'https://anonim.xyz/go/https://www.pixeleyes.co.nz/automounter/',
        detail_version = '1.7.1',
        banner = '["https://appstorrent.ru/uploads/posts/2023-10/1697072284_4.webp","https://appstorrent.ru/uploads/posts/2023-10/1697072284_3.webp","https://appstorrent.ru/uploads/posts/2023-10/1697072285_2.webp","https://appstorrent.ru/uploads/posts/2023-10/1697072285_1.webp"]'
    WHERE
        id = 2535.0
    ;

              INSERT INTO languages (app_id, name, link, type)
              VALUES (2535.0, 'Русский', 'https://appstorrent.ru/info-lang/%D1%80%D1%83%D1%81%D1%81%D0%BA%D0%B8%D0%B9/', 1.0)
          ;

              INSERT INTO languages (app_id, name, link, type)
              VALUES (2535.0, 'Английский', 'https://appstorrent.ru/info-lang/%D0%B0%D0%BD%D0%B3%D0%BB%D0%B8%D0%B9%D1%81%D0%BA%D0%B8%D0%B9/', 1.0)
          ;

              INSERT INTO languages (app_id, name, link, type)
              VALUES (2535.0, 'Немецкий', 'https://appstorrent.ru/info-lang/%D0%BD%D0%B5%D0%BC%D0%B5%D1%86%D0%BA%D0%B8%D0%B9/', 1.0)
          ;

              INSERT INTO languages (app_id, name, link, type)
              VALUES (2535.0, 'Датский', 'https://appstorrent.ru/info-lang/%D0%B4%D0%B0%D1%82%D1%81%D0%BA%D0%B8%D0%B9/', 1.0)
          ;

              INSERT INTO languages (app_id, name, link, type)
              VALUES (2535.0, 'Испанский', 'https://appstorrent.ru/info-lang/%D0%B8%D1%81%D0%BF%D0%B0%D0%BD%D1%81%D0%BA%D0%B8%D0%B9/', 1.0)
          ;

              INSERT INTO languages (app_id, name, link, type)
              VALUES (2535.0, 'Итальянский', 'https://appstorrent.ru/info-lang/%D0%B8%D1%82%D0%B0%D0%BB%D1%8C%D1%8F%D0%BD%D1%81%D0%BA%D0%B8%D0%B9/', 1.0)
          ;

              INSERT INTO languages (app_id, name, link, type)
              VALUES (2535.0, 'Китайский (упр.)', 'https://appstorrent.ru/info-lang/%D0%BA%D0%B8%D1%82%D0%B0%D0%B9%D1%81%D0%BA%D0%B8%D0%B9%20%28%D1%83%D0%BF%D1%80.%29/', 1.0)
          ;

              INSERT INTO languages (app_id, name, link, type)
              VALUES (2535.0, 'Корейский', 'https://appstorrent.ru/info-lang/%D0%BA%D0%BE%D1%80%D0%B5%D0%B9%D1%81%D0%BA%D0%B8%D0%B9/', 1.0)
          ;

              INSERT INTO languages (app_id, name, link, type)
              VALUES (2535.0, 'Нидерландский', 'https://appstorrent.ru/info-lang/%D0%BD%D0%B8%D0%B4%D0%B5%D1%80%D0%BB%D0%B0%D0%BD%D0%B4%D1%81%D0%BA%D0%B8%D0%B9/', 1.0)
          ;

              INSERT INTO languages (app_id, name, link, type)
              VALUES (2535.0, 'Португальский', 'https://appstorrent.ru/info-lang/%D0%BF%D0%BE%D1%80%D1%82%D1%83%D0%B3%D0%B0%D0%BB%D1%8C%D1%81%D0%BA%D0%B8%D0%B9/', 1.0)
          ;

              INSERT INTO languages (app_id, name, link, type)
              VALUES (2535.0, 'Французский', 'https://appstorrent.ru/info-lang/%D1%84%D1%80%D0%B0%D0%BD%D1%86%D1%83%D0%B7%D1%81%D0%BA%D0%B8%D0%B9/', 1.0)
          ;

              INSERT INTO languages (app_id, name, link, type)
              VALUES (2535.0, 'Шведский', 'https://appstorrent.ru/info-lang/%D1%88%D0%B2%D0%B5%D0%B4%D1%81%D0%BA%D0%B8%D0%B9/', 1.0)
          ;

              INSERT INTO languages (app_id, name, link, type)
              VALUES (2535.0, 'Японский', 'https://appstorrent.ru/info-lang/%D1%8F%D0%BF%D0%BE%D0%BD%D1%81%D0%BA%D0%B8%D0%B9/', 1.0)
          ;

  INSERT INTO categories (app_id, content, href, content_local)
  VALUES (2535.0, 'Программы', 'https://appstorrent.ru/programs/', NULL)
;

  INSERT INTO categories (app_id, content, href, content_local)
  VALUES (2535.0, 'Утилиты', 'https://appstorrent.ru/programs/utilities/', NULL)
;

      INSERT INTO tabs (app_id, title, content, content_local)
      VALUES (2535.0, 'Описание', '
<p>Устали подключать и отключать общие ресурсы сети? AutoMounter сделает так, что общие ресурсы будут всегда доступны в нужное время.</p>
<p><br></p>
<p>Функции:<br>- Автоматическое подключение SMB / AFP / NFS / WebDAV / (FTP в режиме «только чтение»)<br>- Быстрое повторное подключение общих ресурсов, если они отключились<br>- Поддерживает множество устройств NAS и предусматривает обнаружение сервера<br>- Расширенные настройки правил соответствия WiFi, VPN, и многому другому...<br>- Пробуждение по локальной сети недоступных серверов<br>- Темная тема</p>
<p><br></p>
<p>Проф. версия:<br>- Открытие приложений и файлов при подключении общего ресурса<br>- Добавление /Volumes и другие пользовательские ресурсы (требуется приложение Помощника)<br>- Экспорт настроек в управляемый профиль</p>
', '
<p>厌倦了连接和断开网络共享？ AutoMounter 将确保共享资源始终在正确的时间可用。</p>
<p><br></p>
<p>功能：<br>- 自动连接SMB/AFP/NFS/WebDAV/(FTP只读)<br>- 如果股票下跌，可以快速重新连接<br>- 支持多个 NAS 设备并包括服务器发现<br>- WiFi、VPN 等合规性规则的高级设置...<br>- 局域网唤醒无法访问的服务器<br>- 黑暗主题</p>
<p><br></p>
<p>教授。 版本：<br>- 连接共享资源时打开应用程序和文件<br>- 添加 /Volumes 和其他自定义资源（需要 Assistant 应用程序）<br>- 将设置导出到托管配置文件</p>
')
  ;

      INSERT INTO tabs (app_id, title, content, content_local)
      VALUES (2535.0, 'Что нового', '
<p>- Added new ''Active Network Name'' mount rule, matching against network names that have an active connection</p>
<p>- Added "is not" criteria for ''Current Primary Interface'' server mount rules</p>
<p>- Added new ''Ethernet Bridged'' ''Current Primary Interface'' for use in server mount rules (to detect Thunderbolt interfaces)</p>
<p>- Previously selected mount location folders now show up in mount location bookmarks</p>
<p>- Fixes an issue where the Pro Settings Pack would not be recognised if AutoMounter starts without an internet connection</p>
<p>- Fixed crash</p>
', '
<p>- 添加了新的“活动网络名称”安装规则，与具有活动连接的网络名称进行匹配</p>
<p>- 为“当前主接口”服务器安装规则添加了“不是”条件</p>
<p>- 添加了新的“以太网桥接”“当前主接口”，用于服务器安装规则（以检测 Thunderbolt 接口）</p>
<p>- 以前选择的安装位置文件夹现在显示在安装位置书签中</p>
<p>- 修复了如果 AutoMounter 在没有互联网连接的情况下启动则无法识别 Pro 设置包的问题</p>
<p>- 修复了崩溃问题</p>
')
  ;

  INSERT OR REPLACE INTO download_info (app_id, content, content_local)
  VALUES (2535.0, '<p>Запустите скачанный образ и перетащите приложение в ярлык папки Программы (Applications).<br>После завершения копирования, приложение можно запустить через Launchpad.<br>Официальные обновления могут привести к потере активации. <a href="/67-update.html" target="_blank">Подробнее</a></p>', '<p>启动下载的图像并将应用程序拖到“应用程序”文件夹快捷方式中。<br>复制完成后，可以通过 Launchpad 启动应用程序。<br>官方更新可能会导致激活失败。 <a href="/67-update.html" target="_blank">更多细节</a></p>')
;

      INSERT OR REPLACE INTO download_links (app_id, title, href, title_local, version)
      VALUES (2535.0, 'Прямая ссылка на скачивание', 'https://vk.com/s/v1/doc/Cp9rYaV1zcyzxYD1-Ffd4MAQrJ6eePDydoCONqw4zA1DvBWu8lY', '直接链接下载安装程序', '1.7.1')
  ;

    UPDATE app
    SET
        name = 'Rhino 8',
        bg_image = 'https://appstorrent.ru/uploads/posts/2020-08/1598626055_rhinoceros.jpg',
        icon = 'https://appstorrent.ru/uploads/posts/2023-01/1673423397_icon.webp',
        version = '8.1.23325.13002',
        description = '3D моделирование',
        description_local = '',
        detail_url = 'https://appstorrent.ru/398-rhinoceros.html',
        file_size = '653 MB',
        developer = 'obert McNeel & Associates',
        activation = 'K''ed by TNT team',
        compatibility = 'macOS 12.4及以上版本',
        architecture = 'ARMx86 (64-bit)',
        published_date = '2023/11/23',
        releaseDate = '',
        note = '',
        views = '91876',
        link = 'https://anonim.xyz/go/https://www.rhino3d.com/mac',
        detail_version = '8.1.23325.13002',
        banner = '["https://appstorrent.ru/uploads/posts/2022-12/1670997572_1.webp","https://appstorrent.ru/uploads/posts/2022-12/1670997571_2.webp","https://appstorrent.ru/uploads/posts/2022-12/1670997573_3.webp","https://appstorrent.ru/uploads/posts/2022-12/1670997571_4.webp"]'
    WHERE
        id = 2536.0
    ;

              INSERT INTO languages (app_id, name, link, type)
              VALUES (2536.0, 'Русский', 'https://appstorrent.ru/info-lang/%D1%80%D1%83%D1%81%D1%81%D0%BA%D0%B8%D0%B9/', 1.0)
          ;

              INSERT INTO languages (app_id, name, link, type)
              VALUES (2536.0, 'Английский', 'https://appstorrent.ru/info-lang/%D0%B0%D0%BD%D0%B3%D0%BB%D0%B8%D0%B9%D1%81%D0%BA%D0%B8%D0%B9/', 1.0)
          ;

              INSERT INTO languages (app_id, name, link, type)
              VALUES (2536.0, 'Немецкий', 'https://appstorrent.ru/info-lang/%D0%BD%D0%B5%D0%BC%D0%B5%D1%86%D0%BA%D0%B8%D0%B9/', 1.0)
          ;

              INSERT INTO languages (app_id, name, link, type)
              VALUES (2536.0, 'Испанский', 'https://appstorrent.ru/info-lang/%D0%B8%D1%81%D0%BF%D0%B0%D0%BD%D1%81%D0%BA%D0%B8%D0%B9/', 1.0)
          ;

              INSERT INTO languages (app_id, name, link, type)
              VALUES (2536.0, 'Итальянский', 'https://appstorrent.ru/info-lang/%D0%B8%D1%82%D0%B0%D0%BB%D1%8C%D1%8F%D0%BD%D1%81%D0%BA%D0%B8%D0%B9/', 1.0)
          ;

              INSERT INTO languages (app_id, name, link, type)
              VALUES (2536.0, 'Китайский (трад.)', 'https://appstorrent.ru/info-lang/%D0%BA%D0%B8%D1%82%D0%B0%D0%B9%D1%81%D0%BA%D0%B8%D0%B9%20%28%D1%82%D1%80%D0%B0%D0%B4.%29/', 1.0)
          ;

              INSERT INTO languages (app_id, name, link, type)
              VALUES (2536.0, 'Китайский (упр.)', 'https://appstorrent.ru/info-lang/%D0%BA%D0%B8%D1%82%D0%B0%D0%B9%D1%81%D0%BA%D0%B8%D0%B9%20%28%D1%83%D0%BF%D1%80.%29/', 1.0)
          ;

              INSERT INTO languages (app_id, name, link, type)
              VALUES (2536.0, 'Корейский', 'https://appstorrent.ru/info-lang/%D0%BA%D0%BE%D1%80%D0%B5%D0%B9%D1%81%D0%BA%D0%B8%D0%B9/', 1.0)
          ;

              INSERT INTO languages (app_id, name, link, type)
              VALUES (2536.0, 'Польский', 'https://appstorrent.ru/info-lang/%D0%BF%D0%BE%D0%BB%D1%8C%D1%81%D0%BA%D0%B8%D0%B9/', 1.0)
          ;

              INSERT INTO languages (app_id, name, link, type)
              VALUES (2536.0, 'Португальский', 'https://appstorrent.ru/info-lang/%D0%BF%D0%BE%D1%80%D1%82%D1%83%D0%B3%D0%B0%D0%BB%D1%8C%D1%81%D0%BA%D0%B8%D0%B9/', 1.0)
          ;

              INSERT INTO languages (app_id, name, link, type)
              VALUES (2536.0, 'Французский', 'https://appstorrent.ru/info-lang/%D1%84%D1%80%D0%B0%D0%BD%D1%86%D1%83%D0%B7%D1%81%D0%BA%D0%B8%D0%B9/', 1.0)
          ;

              INSERT INTO languages (app_id, name, link, type)
              VALUES (2536.0, 'Чешский', 'https://appstorrent.ru/info-lang/%D1%87%D0%B5%D1%88%D1%81%D0%BA%D0%B8%D0%B9/', 1.0)
          ;

              INSERT INTO languages (app_id, name, link, type)
              VALUES (2536.0, 'Японский', 'https://appstorrent.ru/info-lang/%D1%8F%D0%BF%D0%BE%D0%BD%D1%81%D0%BA%D0%B8%D0%B9/', 1.0)
          ;

  INSERT INTO categories (app_id, content, href, content_local)
  VALUES (2536.0, 'Программы', 'https://appstorrent.ru/programs/', NULL)
;

  INSERT INTO categories (app_id, content, href, content_local)
  VALUES (2536.0, 'Проектирование', 'https://appstorrent.ru/programs/cad/', NULL)
;

      INSERT INTO tabs (app_id, title, content, content_local)
      VALUES (2536.0, 'Описание', '
<p>Rhino позволяет создавать, редактировать, анализировать, визуализировать и преобразовывать NURBS* кривые, поверхности, твердые тела, облака точек и полигональные сети. При этом нет никаких ограничений в сложности, степени или размере объектов, кроме тех, которые обусловлены используемым Вами компьютерным оборудованием.</p>
<p><br></p>
<p>С самого начала разработки Rhino была поставлена задача устранения как можно большего числа узких мест, связанных с рабочим процессом использования программы, а также внесение тысяч больших и мелких изменений. Все это должно было значительно ускорить работу Rhino и обеспечить возможность обработки очень больших моделей и совместной работы над проектами.</p>
<p><br></p>
<p>Благодаря тысячам пользователей, мы смогли провести тщательное тестирование программы и выполнить оптимизацию Rhino, что позволило в итоге получить самую быструю и стабильную версию.</p>
', '
<p>Rhino 允许您创建、编辑、分析、可视化和变换 NURBS* 曲线、曲面、实体、点云和多边形网格。 除了您使用的计算机设备所施加的限制之外，对象的复杂性、范围或大小没有任何限制。</p>
<p><br></p>
<p>从 Rhino 开发之初起，目标就是尽可能消除与软件工作流程相关的瓶颈，同时引入数千个大大小小的变更。 所有这些都应该显着加快 Rhino 的速度，并提供处理大型模型和项目协作的能力。</p>
<p><br></p>
<p>感谢成千上万的用户，我们能够彻底测试该程序并优化Rhino，最终产生了最快、最稳定的版本。</p>
')
  ;

      INSERT INTO tabs (app_id, title, content, content_local)
      VALUES (2536.0, 'Что нового', '
<p>Примечания к выпуску недоступны на момент публикации.</p>
', '
<p>发布说明在发布时尚未提供。</p>
')
  ;

  INSERT OR REPLACE INTO download_info (app_id, content, content_local)
  VALUES (2536.0, '<p>Смонтируйте образ и запустите Open Gatekeeper friendly.</p>
<p>Нажмите Enter для обхода Gatekeeper в окне Терминал.</p>
<p>Перетащите приложение в папку Программы (Applications).</p>
<p>Приложение готово к использованию.</p>', '<p>挂载镜像并启动 Open Gatekeeper friendly。</p>
<p>在终端窗口中按 Enter 键绕过 Gatekeeper。</p>
<p>将应用程序拖到“应用程序”文件夹中。</p>
<p>该应用程序已准备好使用。</p>')
;

      INSERT OR REPLACE INTO download_links (app_id, title, href, title_local, version)
      VALUES (2536.0, 'Прямая ссылка на скачивание', 'https://vk.com/doc781359414_672928934', '直接链接下载安装程序', '8.1.23325.13002')
  ;

    INSERT INTO older_versions (app_id, title, url, title_local)
    VALUES (2536.0, 'Rhino 7 7.34.23267.11002 [TNT] для macOS 10.14 и новее', 'https://vk.com/s/v1/doc/O5KkV0ocDY7GCiYNNjSKCfBMZD3WoMxa4iamrvWww350fJLRrQU', 'Rhino 7 7.34.23267.11002 [TNT] 适用于 macOS 10.14 及以上版本')
;

    INSERT INTO older_versions (app_id, title, url, title_local)
    VALUES (2536.0, 'Rhino 7 7.25.22326.19002 [HCiSO] для macOS 10.14 и новее', 'https://vk.com/s/v1/doc/VrRY3f9zRZCL_COZngAAMLdr1hMmM8nxsN9kcufDwIsUhE0p5Eg', 'Rhino 7 7.25.22326.19002 [HCiSO] 适用于 macOS 10.14 及以上版本')
;

    INSERT INTO older_versions (app_id, title, url, title_local)
    VALUES (2536.0, 'Rhino 7 7.24.22308.15002 [HCiSO] для macOS 10.14 и новее', 'https://vk.com/s/v1/doc/pNBh_y9smKXfSpXOPkkcOpBb0lJncoUx28dJCdP_40r1bkgvHTA', 'Rhino 7 7.24.22308.15002 [HCiSO] 适用于 macOS 10.14 及以上版本')
;

    INSERT INTO older_versions (app_id, title, url, title_local)
    VALUES (2536.0, 'Rhino 6 6.31 (20315) для macOS 10.13 и новее', 'https://vk.com/doc154826112_577146385', 'Rhino 6 6.31 (20315) 适用于 macOS 10.13 及以上版本')
;

    INSERT INTO older_versions (app_id, title, url, title_local)
    VALUES (2536.0, 'Rhino 5 5.5.4 для OS X 10.8 и новее', 'https://vk.com/doc249553273_599102792', 'Rhino 5 5.5.4 适用于 OS X 10.8 及以上版本')
;

    UPDATE app
    SET
        name = 'Barotrauma',
        bg_image = 'https://appstorrent.ru/uploads/posts/2023-11/1699433487_fdfdf.webp',
        icon = 'https://appstorrent.ru/uploads/posts/2023-11/vavava11.webp',
        version = '1.0.8',
        description = '
ИгрыСимуляторыСтратегии
',
        description_local = '',
        detail_url = 'https://appstorrent.ru/2685-barotrauma.html',
        file_size = '928 MB',
        developer = 'FakeFishUndertow Games',
        activation = 'Не требуется',
        compatibility = '',
        architecture = 'ARMx86 (64-bit)',
        published_date = '2023/11/24',
        releaseDate = '',
        note = '',
        views = '3823',
        link = 'https://anonim.xyz/go/https://barotraumagame.com/',
        detail_version = '1.0.8',
        banner = '["https://appstorrent.ru/uploads/posts/2023-11/ss_cdf5cbde141fb93a0b23c6adca5378f73e1beeca_1920x1080.webp","https://appstorrent.ru/uploads/posts/2023-11/ss_c56f6f41ab1ec9f98bd449fa7167ec3456dcd306_1920x1080.webp","https://appstorrent.ru/uploads/posts/2023-11/ss_c8981179f796ee409114b19ba553cdfbe5aee149_1920x1080.webp","https://appstorrent.ru/uploads/posts/2023-11/ss_e90d75e5b722707d823af77ef4e57ecd63636c03_1920x1080.webp"]'
    WHERE
        id = 2537.0
    ;

              INSERT INTO languages (app_id, name, link, type)
              VALUES (2537.0, 'Русский', 'https://appstorrent.ru/info-lang/%D1%80%D1%83%D1%81%D1%81%D0%BA%D0%B8%D0%B9/', 1.0)
          ;

              INSERT INTO languages (app_id, name, link, type)
              VALUES (2537.0, 'Английский', 'https://appstorrent.ru/info-lang/%D0%B0%D0%BD%D0%B3%D0%BB%D0%B8%D0%B9%D1%81%D0%BA%D0%B8%D0%B9/', 1.0)
          ;

              INSERT INTO languages (app_id, name, link, type)
              VALUES (2537.0, 'Немецкий', 'https://appstorrent.ru/info-lang/%D0%BD%D0%B5%D0%BC%D0%B5%D1%86%D0%BA%D0%B8%D0%B9/', 1.0)
          ;

              INSERT INTO languages (app_id, name, link, type)
              VALUES (2537.0, 'Испанский', 'https://appstorrent.ru/info-lang/%D0%B8%D1%81%D0%BF%D0%B0%D0%BD%D1%81%D0%BA%D0%B8%D0%B9/', 1.0)
          ;

              INSERT INTO languages (app_id, name, link, type)
              VALUES (2537.0, 'Китайский (трад.)', 'https://appstorrent.ru/info-lang/%D0%BA%D0%B8%D1%82%D0%B0%D0%B9%D1%81%D0%BA%D0%B8%D0%B9%20%28%D1%82%D1%80%D0%B0%D0%B4.%29/', 1.0)
          ;

              INSERT INTO languages (app_id, name, link, type)
              VALUES (2537.0, 'Китайский (упр.)', 'https://appstorrent.ru/info-lang/%D0%BA%D0%B8%D1%82%D0%B0%D0%B9%D1%81%D0%BA%D0%B8%D0%B9%20%28%D1%83%D0%BF%D1%80.%29/', 1.0)
          ;

              INSERT INTO languages (app_id, name, link, type)
              VALUES (2537.0, 'Корейский', 'https://appstorrent.ru/info-lang/%D0%BA%D0%BE%D1%80%D0%B5%D0%B9%D1%81%D0%BA%D0%B8%D0%B9/', 1.0)
          ;

              INSERT INTO languages (app_id, name, link, type)
              VALUES (2537.0, 'Польский', 'https://appstorrent.ru/info-lang/%D0%BF%D0%BE%D0%BB%D1%8C%D1%81%D0%BA%D0%B8%D0%B9/', 1.0)
          ;

              INSERT INTO languages (app_id, name, link, type)
              VALUES (2537.0, 'Португальский', 'https://appstorrent.ru/info-lang/%D0%BF%D0%BE%D1%80%D1%82%D1%83%D0%B3%D0%B0%D0%BB%D1%8C%D1%81%D0%BA%D0%B8%D0%B9/', 1.0)
          ;

              INSERT INTO languages (app_id, name, link, type)
              VALUES (2537.0, 'Турецкий', 'https://appstorrent.ru/info-lang/%D1%82%D1%83%D1%80%D0%B5%D1%86%D0%BA%D0%B8%D0%B9/', 1.0)
          ;

              INSERT INTO languages (app_id, name, link, type)
              VALUES (2537.0, 'Французский', 'https://appstorrent.ru/info-lang/%D1%84%D1%80%D0%B0%D0%BD%D1%86%D1%83%D0%B7%D1%81%D0%BA%D0%B8%D0%B9/', 1.0)
          ;

              INSERT INTO languages (app_id, name, link, type)
              VALUES (2537.0, 'Японский', 'https://appstorrent.ru/info-lang/%D1%8F%D0%BF%D0%BE%D0%BD%D1%81%D0%BA%D0%B8%D0%B9/', 1.0)
          ;

              INSERT INTO languages (app_id, name, link, type)
              VALUES (2537.0, 'Музыкальное сопровождение', 'https://appstorrent.ru/info-lang-voice/%D0%BC%D1%83%D0%B7%D1%8B%D0%BA%D0%B0%D0%BB%D1%8C%D0%BD%D0%BE%D0%B5%20%D1%81%D0%BE%D0%BF%D1%80%D0%BE%D0%B2%D0%BE%D0%B6%D0%B4%D0%B5%D0%BD%D0%B8%D0%B5/', 2.0)
          ;

  INSERT INTO categories (app_id, content, href, content_local)
  VALUES (2537.0, 'Игры', 'https://appstorrent.ru/games/', NULL)
;

  INSERT INTO categories (app_id, content, href, content_local)
  VALUES (2537.0, 'Симуляторы', 'https://appstorrent.ru/games/simulator/', NULL)
;

  INSERT INTO categories (app_id, content, href, content_local)
  VALUES (2537.0, 'Стратегии', 'https://appstorrent.ru/games/strategy/', NULL)
;

      INSERT INTO tabs (app_id, title, content, content_local)
      VALUES (2537.0, 'Описание', '
<p>Barotrauma — 2D-симулятор подлодки в жанре survival horror. На его создание повлияли такие игры, как FTL: Faster Than Light, RimWorld, Dwarf Fortress и Space Station 13. Эта научно-фантастическая игра — сочетание физики «тряпичной куклы», инопланетных монстров, обитающих под водой, командной работы и всепоглощающего страха.</p>
<p><br></p>
<p>ЗАГЛЯНИТЕ В БЕЗДНУ<br>В не очень далеком будущем люди отправились на спутник Юпитера. Его радиоактивная поверхность покрыта льдами, так что жизнь существует лишь в океане. Путешествуйте по суровому подводному миру, дружите или враждуйте с четырьмя местными фракциями. Узнайте, что скрывается в глубинах Европы.</p>
<p><br></p>
<p>ПОМОГИТЕ ТОВАРИЩАМ ВЫЖИТЬ ИЛИ СДЕЛАЙТЕ ТАК, ЧТОБЫ НЕ ВЫЖИЛ НИКТО<br>В Barotrauma множество способов весело провести время, но столько же — умереть. Работайте вместе со своей командой, чтобы достичь целей, или приготовьтесь к измене, если на борту есть предатель. Играйте вместе с друзьями, незнакомцами или злейшими врагами.</p>
<p><br></p>
<p>ИССЛЕДУЙТЕ, УПРАВЛЯЙТЕ, ОБЩАЙТЕСЬ<br>Путешествуйте под водой, выполняйте миссии последних представителей человечества, исследуйте руины инопланетной цивилизации, сражайтесь с монстрами или бегите от них. Управляйте сложными бортовыми системами вроде сонара, ядерного реактора, оружия, двигателей и насосов. Общение играет первостепенную роль!</p>
<p><br></p>
<p>ЭКСПЕРИМЕНТИРУЙТЕ, ИЗГОТАВЛИВАЙТЕ, СОЗДАВАЙТЕ<br>Наладьте сложную бортовую проводку, комплексную систему изготовления и медотсек. С помощью встроенных редакторов создавайте собственные подлодки и монстров, способных конкурировать с обычными. Вы даже можете проникнуть в наш программный код и все изменить.</p>
', '
<p>Barotrauma 是一款生存恐怖类型的 2D 潜艇模拟器。 受到《FTL: Faster Than Light》、《RimWorld》、《矮人要塞》和《Space Station 13》等游戏的影响，这款科幻游戏结合了布娃娃物理、水下外星怪物、团队合作和压倒性的恐惧。</p>
<p><br></p>
<p>展望深渊<br>在不远的将来，人们已经前往木星的卫星。 它的放射性表面被冰覆盖，因此生命只存在于海洋中。 穿越严酷的水下世界，与四个当地派系交朋友或战斗。 找出隐藏在欧洲深处的东西。</p>
<p><br></p>
<p>帮助你的战友生存或确保无人生存<br>气压伤有很多乐趣的方式，但也有很多死亡的方式。 与你的船员一起努力实现你的目标，或者如果船上有叛徒，就做好被背叛的准备。 与朋友、陌生人或最大的敌人一起玩。</p>
<p><br></p>
<p>探索、管理、沟通<br>水下旅行，为人类最后的代表完成任务，探索外星文明的废墟，与怪物战斗或逃离它们。 控制复杂的机载系统，如声纳、核反应堆、武器、发动机和泵。 沟通是最重要的！</p>
<p><br></p>
<p>实验、制作、创造<br>设置复杂的机载布线、复杂的制造系统和医疗室。 使用内置编辑器，创建您自己的潜艇和怪物，可以与普通潜艇和怪物竞争。 您甚至可以侵入我们的代码并更改所有内容。</p>
')
  ;

      INSERT INTO tabs (app_id, title, content, content_local)
      VALUES (2537.0, 'Мин. требования', '
<p>ОС: OSX 10.15 or newer<br>Процессор: Dual Core 2.4 GHz<br>Оперативная память: 4 GB ОЗУ<br>Видеокарта: 2 GB memory (dedicated VRAM or shared RAM), OpenGL 3.0+ support<br>Место на диске: 2 GB<br>Дополнительно: 64-bit operating system is required</p>
', '
<p>操作系统：OSX 10.15 或更高版本<br>处理器：双核 2.4 GHz<br>内存：4 GB 内存<br>显卡：2 GB 内存（专用 VRAM 或共享 RAM），OpenGL 3.0+ 支持<br>磁盘空间：2GB<br>另外：需要64位操作系统</p>
')
  ;

  INSERT OR REPLACE INTO download_info (app_id, content, content_local)
  VALUES (2537.0, '<p>Запустите скачанный образ и перетащите приложение в ярлык папки Программы (Applications).<br>После завершения копирования, приложение можно запустить через Launchpad.</p>', '<p>启动下载的图像并将应用程序拖到“应用程序”文件夹快捷方式中。<br>复制完成后，可以通过 Launchpad 启动应用程序。</p>')
;

      INSERT OR REPLACE INTO download_links (app_id, title, href, title_local, version)
      VALUES (2537.0, 'Прямая ссылка на скачивание', 'https://vk.com/doc781359414_672275760', '直接链接下载安装程序', '1.0.8')
  ;

    UPDATE app
    SET
        name = 'Barony',
        bg_image = 'https://appstorrent.ru/templates/appstorrent-4ac2e09b1a/assets/img/bg.webp',
        icon = 'https://appstorrent.ru/uploads/posts/2023-10/1698202273_fdsfsd.webp',
        version = '4.1.0 (201023)',
        description = '
ИгрыЭкшенПриключения
',
        description_local = '',
        detail_url = 'https://appstorrent.ru/2674-barony.html',
        file_size = '552 MB',
        developer = 'Turning Wheel LLC',
        activation = 'DRM-FREE (без защиты)',
        compatibility = '',
        architecture = 'ARMx86 (64-bit)',
        published_date = '2023/11/24',
        releaseDate = '',
        note = '',
        views = '1802',
        link = 'https://anonim.xyz/go/https://www.baronygame.com/',
        detail_version = '4.1.0 (201023)',
        banner = '["https://appstorrent.ru/uploads/posts/2023-10/ss_61538cebe5998ed66f69aed95d7109d78478ec52_1920x1080.webp","https://appstorrent.ru/uploads/posts/2023-10/ss_86ac2cb6858a5c559bd2d52125a58e77c88fc9a6_1920x1080.webp","https://appstorrent.ru/uploads/posts/2023-10/ss_172545b1d8b168ade88305545d4f2b90308ee770_1920x1080.webp","https://appstorrent.ru/uploads/posts/2023-10/ss_b1e3bd7645ae120ca71931725d42e79e287a53d9_1920x1080.webp"]'
    WHERE
        id = 2538.0
    ;

              INSERT INTO languages (app_id, name, link, type)
              VALUES (2538.0, 'Английский', 'https://appstorrent.ru/info-lang/%D0%B0%D0%BD%D0%B3%D0%BB%D0%B8%D0%B9%D1%81%D0%BA%D0%B8%D0%B9/', 1.0)
          ;

              INSERT INTO languages (app_id, name, link, type)
              VALUES (2538.0, 'Музыкальное сопровождение', 'https://appstorrent.ru/info-lang-voice/%D0%BC%D1%83%D0%B7%D1%8B%D0%BA%D0%B0%D0%BB%D1%8C%D0%BD%D0%BE%D0%B5%20%D1%81%D0%BE%D0%BF%D1%80%D0%BE%D0%B2%D0%BE%D0%B6%D0%B4%D0%B5%D0%BD%D0%B8%D0%B5/', 2.0)
          ;

  INSERT INTO categories (app_id, content, href, content_local)
  VALUES (2538.0, 'Игры', 'https://appstorrent.ru/games/', NULL)
;

  INSERT INTO categories (app_id, content, href, content_local)
  VALUES (2538.0, 'Экшен', 'https://appstorrent.ru/games/action/', NULL)
;

  INSERT INTO categories (app_id, content, href, content_local)
  VALUES (2538.0, 'Приключения', 'https://appstorrent.ru/games/adventures/', NULL)
;

      INSERT INTO tabs (app_id, title, content, content_local)
      VALUES (2538.0, 'Описание', '
<p>Barony повествует об обретшем вечное существование в посмертии чародее по имени барон Геркс, еще при жизни терроризировавшем население крошечного городка под названием Гамлет, а теперь обосновавшегося в огромных подземных чертогах, прозванных Бастионом Дьявола. Вы – герой одиночка или член отряда авантюристов, которым предстоит спуститься в обиталище бессмертного колдуна и бросить ему вызов прямо в его адском логове. Только от вас зависит, сгинете ли вы в извилистых коридорах, как и многие другие до вас, или одержите победу над Бароном и подвластными ему исчадиями Преисподней.</p>
<p><br></p>
<p>Barony представляет собой трехмерную игру в жанре roguelike с видом от первого лица и возможностью играть вместе с друзьями, создатели которой черпали вдохновение в таких классических шедеврах, как Nethack, Ultima Underworld, System Shock и Daggerfall. Высокая сложность этой игры стала ее визитной карточкой и наверняка обрадует каждого исследователя подземелий.</p>
<p><br></p>
<p>Особенности игры:<br>-Игровой процесс, вдохновленный классическими ролевыми играми наподобие Ultima Underworld, System Shock и Daggerfall</p>
<p><br></p>
<p>-Механики roguelike, такие как вечная смерть, случайно созданные подземелья, загадочные послания и так далее</p>
<p><br></p>
<p>-Подробное описание происходящих безумных событий, привычное по играм наподобие Nethack</p>
<p><br></p>
<p>-Сложный и в то же время интуитивно понятный интерфейс, который позволяет манипулировать предметами в вещмешке персонажа и его характеристиками в соответствующем окне с помощью перетягивания объектов курсором</p>
<p><br></p>
<p>-Сотни уникальных коллекционных предметов и много ценной добычи, в том числе несколько редких мистических артефактов</p>
<p><br></p>
<p>-Множество потайных областей, скрытых уровней, пасхалок от разработчиков и других секретов</p>
<p><br></p>
<p>-Идущий в комплекте редактор уровней, открытая библиотека игровых материалов и простые форматы файлов, облегчающие создание игровых модификаций</p>
', '
<p>《男爵》讲述了一位名叫赫克斯男爵的巫师的故事，他在来世获得了永恒的存在，他在生前恐吓了一个名叫哈姆雷特的小镇的居民，现在定居在巨大的地下宫殿中，绰号为“魔鬼的堡垒”。 你是一名英雄或冒险家队伍的一员，他们必须深入不朽巫师的住所，并在他地狱般的巢穴中挑战他。 你是否会像其他许多人一样在蜿蜒的走廊中灭亡，或者击败男爵和他控制下的地狱恶魔，这完全取决于你。</p>
<p><br></p>
<p>《Barony》是一款第一人称合作 3D Roguelike 游戏，其灵感源自《Nethack》、《Ultima Underworld》、《System Shock》和《Daggerfall》等经典游戏。 这款游戏的高难度已经成为它的名片，一定会令每一位地下城探险者满意。</p>
<p><br></p>
<p>游戏特色：<br>- 游戏玩法灵感源自《Ultima Underworld》、《System Shock》和《Daggerfall》等经典角色扮演游戏</p>
<p><br></p>
<p>-Roguelike 机制，例如永久死亡、随机地下城、神秘消息等。</p>
<p><br></p>
<p>- 对正在发生的疯狂事件的详细描述，类似于 Nethack 等游戏中的内容</p>
<p><br></p>
<p>- 复杂而直观的界面，允许您通过用光标拖动对象来操作角色行李袋中的物品及其在相应窗口中的特征</p>
<p><br></p>
<p>- 数百件独特的收藏品和大量珍贵的战利品，包括一些罕见的神秘文物</p>
<p><br></p>
<p>-大量秘密区域、隐藏关卡、开发商复活节彩蛋和其他秘密</p>
<p><br></p>
<p>- 包括关卡编辑器、开放的游戏材料库和简单的文件格式，可以轻松创建游戏修改</p>
')
  ;

      INSERT INTO tabs (app_id, title, content, content_local)
      VALUES (2538.0, 'Мин. требования', '
<p>ОС: macOS 10.15 Catalina<br>Процессор: Intel i5 2.5 ghz<br>Оперативная память: 4 GB ОЗУ<br>Видеокарта: Intel HD Graphics 630 (OpenGL 3.2+)<br>Место на диске: 4 GB</p>
', '
<p>操作系统：macOS 10.15 Catalina<br>处理器：英特尔 i5 2.5 GHz<br>内存：4 GB 内存<br>显卡：英特尔高清显卡 630 (OpenGL 3.2+)<br>磁盘空间：4 GB</p>
')
  ;

      INSERT INTO tabs (app_id, title, content, content_local)
      VALUES (2538.0, 'DLC', '
<p>Legends &amp; Pariahs</p>
<p>Myths &amp; Outcasts</p>
', '
<p>传奇与贱民</p>
<p>神话与流放者</p>
')
  ;

  INSERT OR REPLACE INTO download_info (app_id, content, content_local)
  VALUES (2538.0, '<p>Распакуйте архив и выполните стандартную процедуру установки.<br>Установка завершается выбором места для размещения игры.</p>', '<p>解压缩存档并按照标准安装过程进行操作。<br>安装结束后选择放置游戏的位置。</p>')
;

      INSERT OR REPLACE INTO download_links (app_id, title, href, title_local, version)
      VALUES (2538.0, 'Прямая ссылка на скачивание', 'https://vk.com/doc781359414_671670674', '直接链接下载安装程序', '4.1.0 (201023)')
  ;

    UPDATE app
    SET
        name = 'Haiku, the Robot',
        bg_image = 'https://appstorrent.ru/uploads/posts/2023-10/sdfdsfds.webp',
        icon = 'https://appstorrent.ru/uploads/posts/2023-10/fdfsdfsd.webp',
        version = '1.1.5.2',
        description = '
ИгрыЭкшенПриключения
',
        description_local = '',
        detail_url = 'https://appstorrent.ru/2672-haiku-the-robot.html',
        file_size = '461 MB',
        developer = 'Mister Morris Games',
        activation = 'Не требуется',
        compatibility = '',
        architecture = 'x86 (64-bit)',
        published_date = '2023/11/24',
        releaseDate = '',
        note = '',
        views = '1376',
        link = 'https://anonim.xyz/go/https://mistermorris.games/',
        detail_version = '1.1.5.2',
        banner = '["https://appstorrent.ru/uploads/posts/2023-10/ss_34f57025f49e8cf534a507b5fc3e013d98272da1_1920x1080.webp","https://appstorrent.ru/uploads/posts/2023-10/ss_35fad8caf0c1f346541d9684480f13a6625fa4ae_1920x1080.webp","https://appstorrent.ru/uploads/posts/2023-10/ss_90291fb02763ce2f1c3757c737403d4b5eed1c01_1920x1080.webp","https://appstorrent.ru/uploads/posts/2023-10/ss_b94430e24e7ec56fcf5dc1218132d37639ac0f9f_1920x1080.webp"]'
    WHERE
        id = 2539.0
    ;

              INSERT INTO languages (app_id, name, link, type)
              VALUES (2539.0, 'Английский', 'https://appstorrent.ru/info-lang/%D0%B0%D0%BD%D0%B3%D0%BB%D0%B8%D0%B9%D1%81%D0%BA%D0%B8%D0%B9/', 1.0)
          ;

              INSERT INTO languages (app_id, name, link, type)
              VALUES (2539.0, 'Немецкий', 'https://appstorrent.ru/info-lang/%D0%BD%D0%B5%D0%BC%D0%B5%D1%86%D0%BA%D0%B8%D0%B9/', 1.0)
          ;

              INSERT INTO languages (app_id, name, link, type)
              VALUES (2539.0, 'Испанский', 'https://appstorrent.ru/info-lang/%D0%B8%D1%81%D0%BF%D0%B0%D0%BD%D1%81%D0%BA%D0%B8%D0%B9/', 1.0)
          ;

              INSERT INTO languages (app_id, name, link, type)
              VALUES (2539.0, 'Китайский (упр.)', 'https://appstorrent.ru/info-lang/%D0%BA%D0%B8%D1%82%D0%B0%D0%B9%D1%81%D0%BA%D0%B8%D0%B9%20%28%D1%83%D0%BF%D1%80.%29/', 1.0)
          ;

              INSERT INTO languages (app_id, name, link, type)
              VALUES (2539.0, 'Португальский', 'https://appstorrent.ru/info-lang/%D0%BF%D0%BE%D1%80%D1%82%D1%83%D0%B3%D0%B0%D0%BB%D1%8C%D1%81%D0%BA%D0%B8%D0%B9/', 1.0)
          ;

              INSERT INTO languages (app_id, name, link, type)
              VALUES (2539.0, 'Японский', 'https://appstorrent.ru/info-lang/%D1%8F%D0%BF%D0%BE%D0%BD%D1%81%D0%BA%D0%B8%D0%B9/', 1.0)
          ;

              INSERT INTO languages (app_id, name, link, type)
              VALUES (2539.0, 'Музыкальное сопровождение', 'https://appstorrent.ru/info-lang-voice/%D0%BC%D1%83%D0%B7%D1%8B%D0%BA%D0%B0%D0%BB%D1%8C%D0%BD%D0%BE%D0%B5%20%D1%81%D0%BE%D0%BF%D1%80%D0%BE%D0%B2%D0%BE%D0%B6%D0%B4%D0%B5%D0%BD%D0%B8%D0%B5/', 2.0)
          ;

  INSERT INTO categories (app_id, content, href, content_local)
  VALUES (2539.0, 'Игры', 'https://appstorrent.ru/games/', NULL)
;

  INSERT INTO categories (app_id, content, href, content_local)
  VALUES (2539.0, 'Экшен', 'https://appstorrent.ru/games/action/', NULL)
;

  INSERT INTO categories (app_id, content, href, content_local)
  VALUES (2539.0, 'Приключения', 'https://appstorrent.ru/games/adventures/', NULL)
;

      INSERT INTO tabs (app_id, title, content, content_local)
      VALUES (2539.0, 'Описание', '
<p>Погрузитесь в глубины механического мира в этой милой приключенческом платформере!.. Исследуйте и сражайтесь на земле, полной глубоко коррумпированных роботов и машин: исследуйте умирающую землю Аркадии; сражайтесь со свирепыми машинами; подружитесь с причудливыми роботами, всё время ища ответы на тайны вокруг вас!</p>
<p><br></p>
<p>-Проложите свой собственный путь через огромный взаимосвязанный мир, полный коррумпированной техники. Нанесите на карту неизведанные пути и исследуйте скрытые глубины Аркадии.</p>
<p><br></p>
<p>-Уворачивайтесь, бросайтесь и рубите, сражаясь со свирепыми железяками. Испытайте свои навыки и рефлексы в напряженных рукопашных боях и эпических битвах с боссами!</p>
<p><br></p>
<p>-Развивайтесь с мощными предметами и способностями, чтобы достигать ранее недоступных областей. Познакомьтесь с множеством причудливых роботов, как друзей, так и врагов, и раскройте все мрачные тайны окружающего мира!</p>
', '
<p>在这款甜蜜的冒险平台游戏中潜入机械世界的深处！... 在充满深度腐败的机器人和机器的土地上探索和战斗：探索阿卡迪亚垂死的土地； 与凶猛的机器作战； 与古怪的机器人交朋友，同时寻找周围谜团的答案！</p>
<p><br></p>
<p>- 在充满腐败技术的广阔互联世界中开辟自己的道路。 绘制未知路径并探索阿卡迪亚隐藏的深处。</p>
<p><br></p>
<p>- 与凶猛的铁块战斗时，躲避、冲刺和砍杀。 在激烈的肉搏战和史诗般的 Boss 战中测试你的技能和反应能力！</p>
<p><br></p>
<p>- 使用强大的物品和能力进化，到达以前无法到达的区域。 遇见各种古怪的机器人，无论是朋友还是敌人，并揭开你周围世界的所有黑暗秘密！</p>
')
  ;

      INSERT INTO tabs (app_id, title, content, content_local)
      VALUES (2539.0, 'Мин. требования', '
<p>ОС: Mac OS X 10.9+<br>Процессор: 2,6 GHz Intel Core i3<br>Оперативная память: 4 GB ОЗУ<br>Видеокарта: Graphics card with DX9<br>Место на диске: 1 GB</p>
', '
<p>操作系统：Mac OS X 10.9+<br>处理器：2.6 GHz 英特尔酷睿 i3<br>内存：4 GB 内存<br>显卡：DX9显卡<br>磁盘空间：1 GB</p>
')
  ;

  INSERT OR REPLACE INTO download_info (app_id, content, content_local)
  VALUES (2539.0, '<p>Запустите скачанный образ и перетащите приложение в ярлык папки Программы (Applications).<br>После завершения копирования, приложение можно запустить через Launchpad.</p>', '<p>启动下载的图像并将应用程序拖到“应用程序”文件夹快捷方式中。<br>复制完成后，可以通过 Launchpad 启动应用程序。</p>')
;

      INSERT OR REPLACE INTO download_links (app_id, title, href, title_local, version)
      VALUES (2539.0, 'Прямая ссылка на скачивание', 'https://vk.com/doc781359414_671670435', '直接链接下载安装程序', '1.1.5.2')
  ;

    UPDATE app
    SET
        name = 'motionVFX mTransition Quake',
        bg_image = 'https://appstorrent.ru/templates/appstorrent-4ac2e09b1a/assets/img/bg.webp',
        icon = NULL,
        version = '',
        description = '
Final Cut Pro, Motion
',
        description_local = '',
        detail_url = 'https://appstorrent.ru/2712-motionvfx-mtransition-quake.html',
        file_size = '58 MB',
        developer = 'motionVFX',
        activation = 'Не требуется',
        compatibility = '',
        architecture = '',
        published_date = '2023/11/24',
        releaseDate = '',
        note = '',
        views = '1079',
        link = 'https://anonim.xyz/go/https://www.motionvfx.com/store,mtransition-quake,p2165.html',
        detail_version = '',
        banner = '["https://www.youtube.com/embed/j05m0tuHgeg?si=_tfAE1bDYAOW0K7j?enablejsapi=1","https://appstorrent.ru/uploads/posts/2023-11/1amschch1av.webp"]'
    WHERE
        id = 2540.0
    ;

              INSERT INTO languages (app_id, name, link, type)
              VALUES (2540.0, 'Английский', 'https://appstorrent.ru/info-lang/%D0%B0%D0%BD%D0%B3%D0%BB%D0%B8%D0%B9%D1%81%D0%BA%D0%B8%D0%B9/', 1.0)
          ;

      INSERT INTO tabs (app_id, title, content, content_local)
      VALUES (2540.0, 'Описание', '
<p>50 переходой эксключизвно для FINAL CUT PRO X</p>
<p><br></p>
<p>Эти 50 невероятно энергичных видеопереходов придадут вашему монтажу неповторимое настроение. Они полны быстрых движений камеры и эффектов искажения, которые придадут энергии любому проекту.</p>
<p><br></p>
<p>Невероятный динамизм mTransition Quake допускает широкий спектр&nbsp;действий по модификации, что делает их гибкими и адаптируемыми к любому редактированию.</p>
<p><br></p>
<p>Используйте список опубликованных параметров, чтобы легко настроить внешний вид<br>каждого из переходов.</p>
', '
<p>FINAL CUT PRO X 独有的 50 种转场效果</p>
<p><br></p>
<p>这 50 个令人难以置信的充满活力的视频过渡将为您的编辑带来独特的氛围。 它们充满了快速的摄像机移动和扭曲效果，可以为任何项目增添活力。</p>
<p><br></p>
<p>mTransition Quake 令人难以置信的活力允许进行广泛的修改操作，使其灵活且适合任何编辑。</p>
<p><br></p>
<p>使用已发布选项列表轻松自定义外观<br>每一个转变。</p>
')
  ;

      INSERT INTO tabs (app_id, title, content, content_local)
      VALUES (2540.0, 'Спецификации', '
<p>Minimal requirements FCPX 10.3.2 (or later)<br>Aspect ratio Horizontal<br>Includes 50 FCPX transitions</p>
', '
<p>最低要求 FCPX 10.3.2（或更高版本）<br>纵横比 水平<br>包括 50 个 FCPX 转换</p>
')
  ;

  INSERT OR REPLACE INTO download_info (app_id, content, content_local)
  VALUES (2540.0, '<p>Распаковываем папки и переносим их в</p>
<p>/Users/ИМЯ_ПОЛЬЗОВАТЕЛЯ/Movies/Motion Templates/Transitions</p>', '<p>解压文件夹并将其转移到</p>
<p>/用户/用户名/电影/动作模板/过渡</p>')
;

      INSERT OR REPLACE INTO download_links (app_id, title, href, title_local, version)
      VALUES (2540.0, 'Прямая ссылка на скачивание', 'https://vk.com/doc781359414_672962305', '直接链接下载安装程序', '')
  ;

      UPDATE app
      SET description = 'Графический редактор',
          description_local = '图形编辑器',
          icon = 'https://appstorrent.ru/uploads/posts/2023-02/1677362628_graphicconverter.webp',
          image = NULL,
          detail_url = 'https://appstorrent.ru/714-graphicconverter.html',
          file_size = '248 MB',
          version = '12.0.8 (6327)',
          category = 1.0,
          published_date = '2023-11-27',
          architecture = 'ARM, x86 (64-bit)',
          source = 'appstorrent.ru'
      WHERE name = 'GraphicConverter'
  ;

      UPDATE app
      SET description = '3D-моделирование',
          description_local = '3D建模',
          icon = 'https://appstorrent.ru/uploads/posts/2023-03/1678110825_icon.webp',
          image = NULL,
          detail_url = 'https://appstorrent.ru/713-cadintosh.html',
          file_size = '71 MB',
          version = '8.8.6 (714) Beta',
          category = 1.0,
          published_date = '2023-11-27',
          architecture = 'ARM, x86 (64-bit)',
          source = 'appstorrent.ru'
      WHERE name = 'Cadintosh X'
  ;

      UPDATE app
      SET description = 'Поиск файлов и папок',
          description_local = '搜索文件和文件夹',
          icon = 'https://appstorrent.ru/uploads/posts/2022-12/1672397836_icon.webp',
          image = NULL,
          detail_url = 'https://appstorrent.ru/528-find-any-file.html',
          file_size = '16 MB',
          version = '2.4.2 beta1',
          category = 1.0,
          published_date = '2023-11-27',
          architecture = 'ARM, x86 (64-bit)',
          source = 'appstorrent.ru'
      WHERE name = 'Find Any File (FAF)'
  ;

      UPDATE app
      SET description = 'Бизнес',
          description_local = '商业',
          icon = 'https://appstorrent.ru/uploads/posts/2022-12/1672395940_icon.webp',
          image = NULL,
          detail_url = 'https://appstorrent.ru/1014-icompta-6.html',
          file_size = '25 MB',
          version = '6.1.9',
          category = 1.0,
          published_date = '2023-11-27',
          architecture = 'ARM, x86 (64-bit)',
          source = 'appstorrent.ru'
      WHERE name = 'iCompta 6'
  ;

      UPDATE app
      SET description = 'Управление окнами жестами',
          description_local = '使用手势管理窗口',
          icon = 'https://appstorrent.ru/uploads/posts/2023-09/bez-nazvanija.webp',
          image = NULL,
          detail_url = 'https://appstorrent.ru/2563-swish-for-mac.html',
          file_size = '10 MB',
          version = '1.10.3',
          category = 1.0,
          published_date = '2023-11-27',
          architecture = 'ARM, x86 (64-bit)',
          source = 'appstorrent.ru'
      WHERE name = 'Swish for Mac'
  ;

      UPDATE app
      SET description = 'Бизнес',
          description_local = '商业',
          icon = 'https://appstorrent.ru/uploads/posts/2022-12/1670944214_icon.webp',
          image = NULL,
          detail_url = 'https://appstorrent.ru/438-grandtotal.html',
          file_size = '49 MB',
          version = '8.2.0',
          category = 1.0,
          published_date = '2023-11-26',
          architecture = 'ARM, x86 (64-bit)',
          source = 'appstorrent.ru'
      WHERE name = 'GrandTotal'
  ;

      UPDATE app
      SET description = 'Мультитач',
          description_local = '多点触摸',
          icon = 'https://appstorrent.ru/uploads/posts/2023-01/1673090413_icon.webp',
          image = NULL,
          detail_url = 'https://appstorrent.ru/327-multitouch.html',
          file_size = '11 MB',
          version = '1.27.22',
          category = 1.0,
          published_date = '2023-11-25',
          architecture = 'ARM, x86 (64-bit)',
          source = 'appstorrent.ru'
      WHERE name = 'Multitouch'
  ;

      UPDATE app
      SET description = 'Менеджер окон',
          description_local = '窗口管理器',
          icon = 'https://appstorrent.ru/uploads/posts/2023-04/1680839572_fsdfds.webp',
          image = NULL,
          detail_url = 'https://appstorrent.ru/1062-rectangle-pro.html',
          file_size = '10 MB',
          version = '3.0.14',
          category = 1.0,
          published_date = '2023-11-25',
          architecture = 'ARM, x86 (64-bit)',
          source = 'appstorrent.ru'
      WHERE name = 'Rectangle Pro'
  ;

      INSERT INTO app (name, version, description, description_local, icon, image, detail_url, file_size, category, published_date, architecture, source)
      VALUES ('Doppler', '2.1.17', 'Аудио плеер', '音频播放器', 'https://appstorrent.ru/uploads/posts/2023-11/1112.webp', NULL, 'https://appstorrent.ru/2652-doppler.html', '12 MB', 1.0, '2023-11-25', 'ARM, x86 (64-bit)', 'appstorrent.ru')
  ;

      INSERT INTO app (name, version, description, description_local, icon, image, detail_url, file_size, category, published_date, architecture, source)
      VALUES ('Menuwhere', '2.2.1', 'Доступ к меню', '访问菜单', 'https://appstorrent.ru/uploads/posts/2023-11/11achja.webp', NULL, 'https://appstorrent.ru/2635-menuwhere.html', '6 MB', 1.0, '2023-11-24', 'ARM, x86 (64-bit)', 'appstorrent.ru')
  ;

      UPDATE app
      SET description = 'Слепая Печать',
          description_local = '盲打',
          icon = 'https://appstorrent.ru/uploads/posts/2022-12/1670244892_icon.png',
          image = NULL,
          detail_url = 'https://appstorrent.ru/866-master-of-typing-3.html',
          file_size = '120 MB',
          version = '3.13.25 [MAS]',
          category = 1.0,
          published_date = '2023-11-24',
          architecture = 'x86 (64-bit)',
          source = 'appstorrent.ru'
      WHERE name = 'Master of Typing 3'
  ;

      UPDATE app
      SET description = 'Очистка Мака',
          description_local = '清洁你的 Mac',
          icon = 'https://appstorrent.ru/uploads/posts/2022-12/1670942803_icon.png',
          image = NULL,
          detail_url = 'https://appstorrent.ru/368-sensei.html',
          file_size = '36 MB',
          version = '1.5.8',
          category = 1.0,
          published_date = '2023-11-24',
          architecture = 'ARM, x86 (64-bit)',
          source = 'appstorrent.ru'
      WHERE name = 'Sensei'
  ;

      UPDATE app
      SET description = 'Программирование',
          description_local = '编程',
          icon = 'https://appstorrent.ru/uploads/posts/2022-12/1671017890_icon.webp',
          image = NULL,
          detail_url = 'https://appstorrent.ru/132-sublimetext.html',
          file_size = '43 MB',
          version = '4.0 Build 4169',
          category = 1.0,
          published_date = '2023-11-24',
          architecture = 'ARM, x86 (64-bit)',
          source = 'appstorrent.ru'
      WHERE name = 'Sublime Text'
  ;

      UPDATE app
      SET description = 'Отслеживание времени',
          description_local = '时间跟踪',
          icon = 'https://appstorrent.ru/uploads/posts/2022-12/1671028105_icon.webp',
          image = NULL,
          detail_url = 'https://appstorrent.ru/667-timemator.html',
          file_size = '28 MB',
          version = '3.0.4',
          category = 1.0,
          published_date = '2023-11-24',
          architecture = 'ARM, x86 (64-bit)',
          source = 'appstorrent.ru'
      WHERE name = 'Timemator'
  ;

      UPDATE app
      SET description = 'PDF & OCR',
          description_local = 'PDF 和 OCR',
          icon = 'https://appstorrent.ru/uploads/posts/2023-10/1697376344_icon.webp',
          image = NULL,
          detail_url = 'https://appstorrent.ru/190-wondershare-pdfelement-pro.html',
          file_size = '730 MB',
          version = '10.1.5 (6034)',
          category = 1.0,
          published_date = '2023-11-24',
          architecture = 'x86 (64-bit)',
          source = 'appstorrent.ru'
      WHERE name = 'Wondershare PDFelement Pro'
  ;

      INSERT INTO app (name, version, description, description_local, icon, image, detail_url, file_size, category, published_date, architecture, source)
      VALUES ('AutoMounter', '1.7.1', 'Монтирование дисков', '安装盘', 'https://appstorrent.ru/uploads/posts/2023-11/1111f.webp', NULL, 'https://appstorrent.ru/2644-automounter.html', '13 MB', 1.0, '2023-11-23', 'ARM, x86 (64-bit)', 'appstorrent.ru')
  ;

      INSERT INTO app (name, version, description, description_local, icon, image, detail_url, file_size, category, published_date, architecture, source)
      VALUES ('Rhino 8', '8.1.23325.13002', '3D моделирование', '3D建模', 'https://appstorrent.ru/uploads/posts/2023-01/1673423397_icon.webp', NULL, 'https://appstorrent.ru/398-rhinoceros.html', '653 MB', 1.0, '2023-11-23', 'ARM, x86 (64-bit)', 'appstorrent.ru')
  ;

      UPDATE app
      SET description = 'Функциональность мыши',
          description_local = '鼠标功能',
          icon = 'https://appstorrent.ru/uploads/posts/2023-02/1675672175_12.webp',
          image = NULL,
          detail_url = 'https://appstorrent.ru/2152-bettermouse.html',
          file_size = '6 MB',
          version = '1.5 (4230)',
          category = 1.0,
          published_date = '2023-11-23',
          architecture = 'ARM, x86 (64-bit)',
          source = 'appstorrent.ru'
      WHERE name = 'BetterMouse'
  ;

      UPDATE app
      SET description = 'Панель Dock',
          description_local = '码头',
          icon = 'https://appstorrent.ru/uploads/posts/2022-12/1671472027_icon.webp',
          image = NULL,
          detail_url = 'https://appstorrent.ru/944-udock.html',
          file_size = '19 MB',
          version = '4.0.0 (40016)',
          category = 1.0,
          published_date = '2023-11-23',
          architecture = 'x86 (64-bit)',
          source = 'appstorrent.ru'
      WHERE name = 'uDock'
  ;

      INSERT INTO app (name, version, description, description_local, icon, image, detail_url, file_size, category, published_date, architecture, source)
      VALUES ('PhoneRescue for iOS', '4.2.6.20231019', 'Восстановление данных с iOS', '从 iOS 恢复数据', 'https://appstorrent.ru/uploads/posts/2023-10/phonerescue-icon.webp', NULL, 'https://appstorrent.ru/2638-phonerescue-for-ios.html', '77 MB', 1.0, '2023-11-23', 'x86 (64-bit)', 'appstorrent.ru')
  ;

      UPDATE app
      SET description = 'Адаптивная яркость',
          description_local = '自适应亮度',
          icon = 'https://appstorrent.ru/uploads/posts/2021-11/1637075041_icon.png',
          image = NULL,
          detail_url = 'https://appstorrent.ru/781-lunar-pro.html',
          file_size = '21 MB',
          version = '6.2.2',
          category = 1.0,
          published_date = '2023-11-23',
          architecture = 'ARM, x86 (64-bit)',
          source = 'appstorrent.ru'
      WHERE name = 'Lunar Pro'
  ;

      UPDATE app
      SET description = 'IDE для Python',
          description_local = 'Python 集成开发环境',
          icon = 'https://appstorrent.ru/uploads/posts/2021-02/1614258860_icon-pycharm_result.png',
          image = NULL,
          detail_url = 'https://appstorrent.ru/451-pycharm.html',
          file_size = '638 MB',
          version = '2023.2.5',
          category = 1.0,
          published_date = '2023-11-23',
          architecture = 'ARM, x86 (64-bit)',
          source = 'appstorrent.ru'
      WHERE name = 'PyCharm'
  ;

      UPDATE app
      SET description = 'Графический редактор',
          description_local = '图形编辑器',
          icon = 'https://appstorrent.ru/uploads/posts/2023-02/1676986191_icon.webp',
          image = NULL,
          detail_url = 'https://appstorrent.ru/650-camerabag-pro.html',
          file_size = '70 MB',
          version = '2024.0.1',
          category = 1.0,
          published_date = '2023-11-23',
          architecture = 'x86 (64-bit)',
          source = 'appstorrent.ru'
      WHERE name = 'CameraBag Pro'
  ;

      UPDATE app
      SET description = 'Диспетчер задач',
          description_local = '任务管理器',
          icon = 'https://appstorrent.ru/uploads/posts/2022-03/1648570736_icon.png',
          image = NULL,
          detail_url = 'https://appstorrent.ru/1035-firetask.html',
          file_size = '10 MB',
          version = '4.8.1',
          category = 1.0,
          published_date = '2023-11-23',
          architecture = 'ARM, x86 (64-bit)',
          source = 'appstorrent.ru'
      WHERE name = 'Firetask'
  ;

      UPDATE app
      SET description = 'Графика и Дизайн',
          description_local = '图形与设计',
          icon = 'https://appstorrent.ru/uploads/posts/2023-02/1677482212_icon.webp',
          image = NULL,
          detail_url = 'https://appstorrent.ru/227-omnigraffle.html',
          file_size = '61 MB',
          version = '7.22.4',
          category = 1.0,
          published_date = '2023-11-23',
          architecture = 'ARM, x86 (64-bit)',
          source = 'appstorrent.ru'
      WHERE name = 'OmniGraffle Pro'
  ;

      UPDATE app
      SET description = 'Сравнение файлов',
          description_local = '文件比较',
          icon = 'https://appstorrent.ru/uploads/posts/2023-01/1672746142_icon.webp',
          image = NULL,
          detail_url = 'https://appstorrent.ru/535-ultracompare.html',
          file_size = '36 MB',
          version = '23.1.0.23',
          category = 1.0,
          published_date = '2023-11-23',
          architecture = 'x86 (64-bit)',
          source = 'appstorrent.ru'
      WHERE name = 'UltraCompare'
  ;

      UPDATE app
      SET description = 'Восстановление данных',
          description_local = '数据恢复',
          icon = 'https://appstorrent.ru/uploads/posts/2022-12/1670936358_icon.webp',
          image = NULL,
          detail_url = 'https://appstorrent.ru/698-wondershare-recoverit.html',
          file_size = '123 MB',
          version = '12.0.19.5',
          category = 1.0,
          published_date = '2023-11-23',
          architecture = 'x86 (64-bit)',
          source = 'appstorrent.ru'
      WHERE name = 'Wondershare Recoverit'
  ;

      INSERT INTO app (name, version, description, description_local, icon, image, detail_url, file_size, category, published_date, architecture, source)
      VALUES ('MacGPT', '3.17+', 'ChatGPT на вашем Mac', 'Mac 上的 ChatGPT', 'https://appstorrent.ru/uploads/posts/2023-11/1700689396_icon.webp', NULL, 'https://appstorrent.ru/505-macgpt.html', '7,9 MB', 1.0, '2023-11-23', 'ARM, x86 (64-bit)', 'appstorrent.ru')
  ;

      UPDATE app
      SET description = 'Загрузчик видео',
          description_local = '视频下载器',
          icon = 'https://appstorrent.ru/uploads/posts/2022-12/1671472110_icon.webp',
          image = NULL,
          detail_url = 'https://appstorrent.ru/1270-pulltube.html',
          file_size = '119 MB',
          version = '1.8.5.20',
          category = 1.0,
          published_date = '2023-11-22',
          architecture = 'ARM, x86 (64-bit)',
          source = 'appstorrent.ru'
      WHERE name = 'PullTube'
  ;

      UPDATE app
      SET description = 'Аудиовизуальное шоу',
          description_local = '视听表演',
          icon = 'https://appstorrent.ru/uploads/posts/2023-01/1673585360_icon.webp',
          image = NULL,
          detail_url = 'https://appstorrent.ru/979-millumin.html',
          file_size = '116 MB',
          version = '4.18.a',
          category = 1.0,
          published_date = '2023-11-22',
          architecture = 'x86 (64-bit)',
          source = 'appstorrent.ru'
      WHERE name = 'Millumin 4'
  ;

      UPDATE app
      SET description = 'Управление iOS',
          description_local = 'iOS控制',
          icon = 'https://appstorrent.ru/uploads/posts/2023-02/1676359795_icon.webp',
          image = NULL,
          detail_url = 'https://appstorrent.ru/146-imazing.html',
          file_size = '192 MB',
          version = '2.17.5',
          category = 1.0,
          published_date = '2023-11-22',
          architecture = 'x86 (64-bit)',
          source = 'appstorrent.ru'
      WHERE name = 'iMazing'
  ;

      UPDATE app
      SET description = 'Менеджер буфера обмена',
          description_local = '剪贴板管理器',
          icon = 'https://appstorrent.ru/uploads/posts/2023-11/ffffffff.webp',
          image = NULL,
          detail_url = 'https://appstorrent.ru/532-pastenow.html',
          file_size = '4 MB',
          version = '2.15.3',
          category = 1.0,
          published_date = '2023-11-22',
          architecture = 'ARM, x86 (64-bit)',
          source = 'appstorrent.ru'
      WHERE name = 'PasteNow'
  ;

      UPDATE app
      SET description = 'Органайзер',
          description_local = '组织者',
          icon = 'https://appstorrent.ru/uploads/posts/2022-12/1670944503_icon.webp',
          image = NULL,
          detail_url = 'https://appstorrent.ru/1536-keep-it.html',
          file_size = '32 MB',
          version = '2.3.4',
          category = 1.0,
          published_date = '2023-11-22',
          architecture = 'ARM, x86 (64-bit)',
          source = 'appstorrent.ru'
      WHERE name = 'Keep It'
  ;

      UPDATE app
      SET description = 'Коррекция изображений',
          description_local = '图像校正',
          icon = 'https://appstorrent.ru/uploads/posts/2023-07/1688917516_icon.webp',
          image = NULL,
          detail_url = 'https://appstorrent.ru/1254-perfectly-clear-workbench.html',
          file_size = '197 MB',
          version = '4.6.0.2617',
          category = 1.0,
          published_date = '2023-11-22',
          architecture = 'x86 (64-bit)',
          source = 'appstorrent.ru'
      WHERE name = 'Perfectly Clear WorkBench'
  ;

      INSERT INTO app (name, version, description, description_local, icon, image, detail_url, file_size, category, published_date, architecture, source)
      VALUES ('ON1 Photo RAW 2024', '18.0.4.14762', 'Фоторедактор', '照片编辑器', 'https://appstorrent.ru/uploads/posts/2023-11/vyayayv.webp', NULL, 'https://appstorrent.ru/422-on1-photo-raw.html', '4,5 GB', 1.0, '2023-11-22', 'ARM, x86 (64-bit)', 'appstorrent.ru')
  ;

      UPDATE app
      SET description = 'Производительность',
          description_local = '表现',
          icon = 'https://appstorrent.ru/uploads/posts/2023-01/1673090244_icon.webp',
          image = NULL,
          detail_url = 'https://appstorrent.ru/805-wonderpen.html',
          file_size = '174 MB',
          version = '2.4.0 [MAS]',
          category = 1.0,
          published_date = '2023-11-22',
          architecture = 'ARM, x86 (64-bit)',
          source = 'appstorrent.ru'
      WHERE name = 'WonderPen'
  ;

      UPDATE app
      SET description = 'Инструмент презентаций',
          description_local = '演示工具',
          icon = 'https://appstorrent.ru/uploads/posts/2023-05/icon.webp',
          image = NULL,
          detail_url = 'https://appstorrent.ru/570-propresenter.html',
          file_size = '204 MB',
          version = '7.15',
          category = 1.0,
          published_date = '2023-11-22',
          architecture = 'ARM, x86 (64-bit)',
          source = 'appstorrent.ru'
      WHERE name = 'ProPresenter'
  ;

      UPDATE app
      SET description = 'Просмотрщик изображений',
          description_local = '图片浏览器',
          icon = 'https://appstorrent.ru/uploads/posts/2022-12/1672311398_icon.webp',
          image = NULL,
          detail_url = 'https://appstorrent.ru/179-edgeview.html',
          file_size = '34 MB',
          version = '4.3.9 [MAS]',
          category = 1.0,
          published_date = '2023-11-22',
          architecture = 'ARM, x86 (64-bit)',
          source = 'appstorrent.ru'
      WHERE name = 'EdgeView 4'
  ;

      UPDATE app
      SET description = 'Браузер документации API',
          description_local = 'API文档浏览器',
          icon = 'https://appstorrent.ru/uploads/posts/2020-08/1598759291_dash.png',
          image = NULL,
          detail_url = 'https://appstorrent.ru/196-dash.html',
          file_size = '21 MB',
          version = '7.1.7',
          category = 1.0,
          published_date = '2023-11-22',
          architecture = 'ARM, x86 (64-bit)',
          source = 'appstorrent.ru'
      WHERE name = 'Dash'
  ;

      UPDATE app
      SET description = 'Обмен файлами',
          description_local = '文件共享',
          icon = 'https://appstorrent.ru/uploads/posts/2023-04/1681296930_13.png',
          image = NULL,
          detail_url = 'https://appstorrent.ru/724-dropshare-5.html',
          file_size = '47 MB',
          version = '5.42',
          category = 1.0,
          published_date = '2023-11-22',
          architecture = 'ARM, x86 (64-bit)',
          source = 'appstorrent.ru'
      WHERE name = 'Dropshare 5'
  ;

      UPDATE app
      SET description = 'Почтовый маркетинг',
          description_local = '电子邮件营销',
          icon = 'https://appstorrent.ru/uploads/posts/2023-06/icon.webp',
          image = NULL,
          detail_url = 'https://appstorrent.ru/1608-email-address-extractor.html',
          file_size = '6 MB',
          version = '4.5',
          category = 1.0,
          published_date = '2023-11-22',
          architecture = 'ARM, x86 (64-bit)',
          source = 'appstorrent.ru'
      WHERE name = 'eMail Address Extractor'
  ;

      UPDATE app
      SET description = 'Создание музыки',
          description_local = '音乐创作',
          icon = 'https://appstorrent.ru/uploads/posts/2023-06/21312312.webp',
          image = NULL,
          detail_url = 'https://appstorrent.ru/485-native-instruments-kontakt-7.html',
          file_size = '880 MB',
          version = '7.7.1 Rev2',
          category = 1.0,
          published_date = '2023-11-22',
          architecture = 'ARM, x86 (64-bit)',
          source = 'appstorrent.ru'
      WHERE name = 'Native Instruments Kontakt 7'
  ;

      UPDATE app
      SET description = 'Конструктор сайтов',
          description_local = '网站建设者',
          icon = 'https://appstorrent.ru/uploads/posts/2023-10/1698167489_icon.webp',
          image = NULL,
          detail_url = 'https://appstorrent.ru/392-blocs.html',
          file_size = '62 MB',
          version = '5.1.5',
          category = 1.0,
          published_date = '2023-11-21',
          architecture = 'x86 (64-bit)',
          source = 'appstorrent.ru'
      WHERE name = 'Blocs'
  ;

      UPDATE app
      SET description = 'Медиаплеер',
          description_local = '媒体播放器',
          icon = 'https://appstorrent.ru/uploads/posts/2023-02/1675511095_icon.webp',
          image = NULL,
          detail_url = 'https://appstorrent.ru/1393-vidmore-player.html',
          file_size = '44 MB',
          version = '1.0.58',
          category = 1.0,
          published_date = '2023-11-21',
          architecture = 'x86 (64-bit)',
          source = 'appstorrent.ru'
      WHERE name = 'Vidmore Player'
  ;

      UPDATE app
      SET description = 'Запись экрана',
          description_local = '屏幕录制',
          icon = 'https://appstorrent.ru/uploads/posts/2023-06/1687444949_icon.webp',
          image = NULL,
          detail_url = 'https://appstorrent.ru/1558-tuneskit-screen-recorder-for-mac.html',
          file_size = '57 MB',
          version = '2.5.0',
          category = 1.0,
          published_date = '2023-11-21',
          architecture = 'x86 (64-bit)',
          source = 'appstorrent.ru'
      WHERE name = 'TunesKit Screen Recorder'
  ;

      UPDATE app
      SET description = 'Анализ сайтов',
          description_local = '网站分析',
          icon = 'https://appstorrent.ru/uploads/posts/2022-12/1670942642_icon.webp',
          image = NULL,
          detail_url = 'https://appstorrent.ru/480-scrutiny.html',
          file_size = '7 MB',
          version = '12.8.1',
          category = 1.0,
          published_date = '2023-11-21',
          architecture = 'ARM, x86 (64-bit)',
          source = 'appstorrent.ru'
      WHERE name = 'Scrutiny 12'
  ;

      UPDATE app
      SET description = 'Карта сайта, SEO',
          description_local = '网站地图、搜索引擎优化',
          icon = 'https://appstorrent.ru/uploads/posts/2022-12/1671018090_icon.webp',
          image = NULL,
          detail_url = 'https://appstorrent.ru/939-integrity-pro.html',
          file_size = '7 MB',
          version = '12.8.1',
          category = 1.0,
          published_date = '2023-11-21',
          architecture = 'ARM, x86 (64-bit)',
          source = 'appstorrent.ru'
      WHERE name = 'Integrity Pro'
  ;

      UPDATE app
      SET description = 'Проверка ссылок',
          description_local = '检查链接',
          icon = 'https://appstorrent.ru/uploads/posts/2022-12/1671018297_icon.webp',
          image = NULL,
          detail_url = 'https://appstorrent.ru/938-integrity-plus.html',
          file_size = '7 MB',
          version = '12.8.0',
          category = 1.0,
          published_date = '2023-11-21',
          architecture = 'ARM, x86 (64-bit)',
          source = 'appstorrent.ru'
      WHERE name = 'Integrity Plus'
  ;

      UPDATE app
      SET description = 'IDE для JS',
          description_local = 'JS 集成开发环境',
          icon = 'https://appstorrent.ru/uploads/posts/2021-04/1618221750_webstorm_logo.png',
          image = NULL,
          detail_url = 'https://appstorrent.ru/454-webstorm.html',
          file_size = '496 MB',
          version = '2023.2.5',
          category = 1.0,
          published_date = '2023-11-21',
          architecture = 'ARM, x86 (64-bit)',
          source = 'appstorrent.ru'
      WHERE name = 'WebStorm'
  ;

      UPDATE app
      SET description = 'IDE для Go',
          description_local = 'Go 的 IDE',
          icon = 'https://appstorrent.ru/uploads/posts/2021-02/1614239690_icon-goland.png',
          image = NULL,
          detail_url = 'https://appstorrent.ru/456-goland.html',
          file_size = '570 MB',
          version = '2023.2.5',
          category = 1.0,
          published_date = '2023-11-21',
          architecture = 'ARM, x86 (64-bit)',
          source = 'appstorrent.ru'
      WHERE name = 'GoLand'
  ;

      UPDATE app
      SET description = 'IDE для JVM',
          description_local = '适用于 JVM 的集成开发环境',
          icon = 'https://appstorrent.ru/uploads/posts/2021-02/1614170867_120px-intellij_idea_logo_svg.png',
          image = NULL,
          detail_url = 'https://appstorrent.ru/452-intellij-idea.html',
          file_size = '635 MB',
          version = '2023.2.5',
          category = 1.0,
          published_date = '2023-11-21',
          architecture = 'ARM, x86 (64-bit)',
          source = 'appstorrent.ru'
      WHERE name = 'Intellij IDEA'
  ;

      UPDATE app
      SET description = 'Улучшение изображений',
          description_local = '图像增强',
          icon = 'https://appstorrent.ru/uploads/posts/2023-02/1677513249_topaz-photo-ai.webp',
          image = NULL,
          detail_url = 'https://appstorrent.ru/2196-topaz-photo-ai.html',
          file_size = '4 GB',
          version = '2.1.2',
          category = 1.0,
          published_date = '2023-11-21',
          architecture = 'ARM, x86 (64-bit)',
          source = 'appstorrent.ru'
      WHERE name = 'Topaz Photo AI'
  ;

      UPDATE app
      SET description = 'Увеличение видео',
          description_local = '视频放大',
          icon = 'https://appstorrent.ru/uploads/posts/2023-02/1677449200_icon.webp',
          image = NULL,
          detail_url = 'https://appstorrent.ru/2181-topaz-video-ai.html',
          file_size = '128 MB',
          version = '4.0.5',
          category = 1.0,
          published_date = '2023-11-21',
          architecture = 'ARM, x86 (64-bit)',
          source = 'appstorrent.ru'
      WHERE name = 'Topaz Video AI'
  ;

      UPDATE app
      SET description = 'Бенчмарк',
          description_local = '基准',
          icon = 'https://appstorrent.ru/uploads/posts/2023-02/1676440935_icon.webp',
          image = NULL,
          detail_url = 'https://appstorrent.ru/203-geekbench.html',
          file_size = '280 MB',
          version = '6.2.2',
          category = 1.0,
          published_date = '2023-11-21',
          architecture = 'x86 (64-bit)',
          source = 'appstorrent.ru'
      WHERE name = 'Geekbench 6'
  ;

      UPDATE app
      SET description = 'Редактор PDF',
          description_local = 'PDF编辑器',
          icon = 'https://appstorrent.ru/uploads/posts/2022-12/1671028482_icon.webp',
          image = NULL,
          detail_url = 'https://appstorrent.ru/795-pdf-reader-pro.html',
          file_size = '74 MB',
          version = '3.0.1',
          category = 1.0,
          published_date = '2023-11-21',
          architecture = 'ARM, x86 (64-bit)',
          source = 'appstorrent.ru'
      WHERE name = 'PDF Reader Pro'
  ;

      UPDATE app
      SET description = 'Продвинутый блокнот',
          description_local = '高级记事本',
          icon = 'https://appstorrent.ru/uploads/posts/2023-02/1676912699_icon.webp',
          image = NULL,
          detail_url = 'https://appstorrent.ru/947-notebooks.html',
          file_size = '19 MB',
          version = '3.3.2',
          category = 1.0,
          published_date = '2023-11-21',
          architecture = 'ARM, x86 (64-bit)',
          source = 'appstorrent.ru'
      WHERE name = 'Notebooks'
  ;

      UPDATE app
      SET description = 'Преобразование текста',
          description_local = '转换文本',
          icon = 'https://appstorrent.ru/uploads/posts/2023-05/1684239051_icon.webp',
          image = NULL,
          detail_url = 'https://appstorrent.ru/1038-text-workflow.html',
          file_size = '10 MB',
          version = '1.7.2 [MAS]',
          category = 1.0,
          published_date = '2023-11-21',
          architecture = 'ARM, x86 (64-bit)',
          source = 'appstorrent.ru'
      WHERE name = 'Text Workflow'
  ;

      UPDATE app
      SET description = 'Фоторедактор',
          description_local = '照片编辑器',
          icon = 'https://appstorrent.ru/uploads/posts/2023-01/1673586138_icon.webp',
          image = NULL,
          detail_url = 'https://appstorrent.ru/1092-dxo-photolab.html',
          file_size = '753 MB',
          version = '7.1.1.38',
          category = 1.0,
          published_date = '2023-11-20',
          architecture = 'x86 (64-bit)',
          source = 'appstorrent.ru'
      WHERE name = 'DxO PhotoLab 7'
  ;

      INSERT INTO app (name, version, description, description_local, icon, image, detail_url, file_size, category, published_date, architecture, source)
      VALUES ('Energiza Pro', '1.3.1', 'Управление аккумулятором', '电池管理', 'https://appstorrent.ru/uploads/posts/2023-10/ormilor.webp', NULL, 'https://appstorrent.ru/2564-energiza-pro.html', '22 MB', 1.0, '2023-11-20', 'x86 (64-bit)', 'appstorrent.ru')
  ;

      UPDATE app
      SET description = 'Конвертер',
          description_local = '转换器',
          icon = 'https://appstorrent.ru/uploads/posts/2022-12/1672395833_icon.webp',
          image = NULL,
          detail_url = 'https://appstorrent.ru/184-permute.html',
          file_size = '76 MB',
          version = '3.11.2',
          category = 1.0,
          published_date = '2023-11-20',
          architecture = 'x86 (64-bit)',
          source = 'appstorrent.ru'
      WHERE name = 'Permute 3'
  ;

      UPDATE app
      SET description = 'Видео-загрузчик',
          description_local = '视频下载器',
          icon = 'https://appstorrent.ru/uploads/posts/2022-12/1670940874_icon.webp',
          image = NULL,
          detail_url = 'https://appstorrent.ru/90-downie.html',
          file_size = '49 MB',
          version = '4.6.34',
          category = 1.0,
          published_date = '2023-11-20',
          architecture = 'x86 (64-bit)',
          source = 'appstorrent.ru'
      WHERE name = 'Downie 4'
  ;

      UPDATE app
      SET description = 'Предупреждение Caps Lock',
          description_local = '大写锁定警告',
          icon = 'https://appstorrent.ru/uploads/posts/2023-11/12d.webp',
          image = NULL,
          detail_url = 'https://appstorrent.ru/2047-caps-wizard.html',
          file_size = '10 MB',
          version = '5.0',
          category = 1.0,
          published_date = '2023-11-20',
          architecture = 'ARM, x86 (64-bit)',
          source = 'appstorrent.ru'
      WHERE name = 'CAPS Wizard'
  ;

      UPDATE app
      SET description = 'Менеджер буфера обмена',
          description_local = '剪贴板管理器',
          icon = 'https://appstorrent.ru/uploads/posts/2023-11/111a.webp',
          image = NULL,
          detail_url = 'https://appstorrent.ru/2046-paste-wizard.html',
          file_size = '12 MB',
          version = '13.0',
          category = 1.0,
          published_date = '2023-11-20',
          architecture = 'ARM, x86 (64-bit)',
          source = 'appstorrent.ru'
      WHERE name = 'Paste Wizard'
  ;

      UPDATE app
      SET description = 'Пакетное переименование',
          description_local = '批量重命名',
          icon = 'https://appstorrent.ru/uploads/posts/2020-10/1603367883_renamer.png',
          image = NULL,
          detail_url = 'https://appstorrent.ru/417-renamer.html',
          file_size = '162 MB',
          version = '7.0.14',
          category = 1.0,
          published_date = '2023-11-20',
          architecture = 'ARM, x86 (64-bit)',
          source = 'appstorrent.ru'
      WHERE name = 'Renamer'
  ;

      UPDATE app
      SET description = 'Файловый менеджер',
          description_local = '文件管理器',
          icon = 'https://appstorrent.ru/uploads/posts/2023-10/1697690915_fdsfsdfsd.webp',
          image = NULL,
          detail_url = 'https://appstorrent.ru/361-forklift.html',
          file_size = '15 MB',
          version = '4.0.5',
          category = 1.0,
          published_date = '2023-11-20',
          architecture = 'ARM, x86 (64-bit)',
          source = 'appstorrent.ru'
      WHERE name = 'ForkLift'
  ;

      UPDATE app
      SET description = 'Сборник ключей',
          description_local = '钥匙的收集',
          icon = 'https://appstorrent.ru/uploads/posts/2021-07/1626647748_kcnscrew_icon_result-min.png',
          image = NULL,
          detail_url = 'https://appstorrent.ru/647-kcncrew.html',
          file_size = '10 MB',
          version = '1.8 (11-15-23)',
          category = 1.0,
          published_date = '2023-11-20',
          architecture = 'x86 (64-bit)',
          source = 'appstorrent.ru'
      WHERE name = 'KCNcrew Pack'
  ;

      UPDATE app
      SET description = 'Мультифункциональная утилита',
          description_local = '多功能实用工具',
          icon = 'https://appstorrent.ru/uploads/posts/2022-07/1658560303_icon.png',
          image = NULL,
          detail_url = 'https://appstorrent.ru/1471-keyboard-maestro.html',
          file_size = '33,4 MB',
          version = '11.0.1',
          category = 1.0,
          published_date = '2023-11-20',
          architecture = 'ARM, x86 (64-bit)',
          source = 'appstorrent.ru'
      WHERE name = 'Keyboard Maestro'
  ;

      UPDATE app
      SET description = 'Работа с аудиовыходом',
          description_local = '使用音频输出',
          icon = 'https://appstorrent.ru/uploads/posts/2022-12/1670941452_icon.webp',
          image = NULL,
          detail_url = 'https://appstorrent.ru/1930-sound-siphon.html',
          file_size = '18 MB',
          version = '3.6.3',
          category = 1.0,
          published_date = '2023-11-20',
          architecture = 'x86 (64-bit)',
          source = 'appstorrent.ru'
      WHERE name = 'Sound Siphon'
  ;

      UPDATE app
      SET description = 'Управление мониторами',
          description_local = '监控管理',
          icon = 'https://appstorrent.ru/uploads/posts/2023-06/avayv.webp',
          image = NULL,
          detail_url = 'https://appstorrent.ru/2411-betterdisplay-pro.html',
          file_size = '11 MB',
          version = '2.0.11',
          category = 1.0,
          published_date = '2023-11-20',
          architecture = 'ARM, x86 (64-bit)',
          source = 'appstorrent.ru'
      WHERE name = 'BetterDisplay Pro'
  ;

      UPDATE app
      SET description = 'Музыкальный редактор',
          description_local = '音乐编辑',
          icon = 'https://appstorrent.ru/uploads/posts/2023-01/1674745519_icon.webp',
          image = NULL,
          detail_url = 'https://appstorrent.ru/494-amadeus-pro.html',
          file_size = '21 MB',
          version = '2.8.13 (2659) Beta',
          category = 1.0,
          published_date = '2023-11-20',
          architecture = 'x86 (64-bit)',
          source = 'appstorrent.ru'
      WHERE name = 'Amadeus Pro'
  ;

      UPDATE app
      SET description = 'Веб-сайт в приложение',
          description_local = '网站到应用程序',
          icon = 'https://appstorrent.ru/uploads/posts/2022-12/1670943858_icon.webp',
          image = NULL,
          detail_url = 'https://appstorrent.ru/1797-unite.html',
          file_size = '18 MB',
          version = '5.1',
          category = 1.0,
          published_date = '2023-11-19',
          architecture = 'ARM, x86 (64-bit)',
          source = 'appstorrent.ru'
      WHERE name = 'Unite'
  ;

      UPDATE app
      SET description = 'Менеджер БД',
          description_local = '数据库管理器',
          icon = 'https://appstorrent.ru/uploads/posts/2023-01/1674747454_icon.webp',
          image = NULL,
          detail_url = 'https://appstorrent.ru/790-valentina-studio-pro.html',
          file_size = '167 MB',
          version = '13.5.2',
          category = 1.0,
          published_date = '2023-11-19',
          architecture = 'x86 (64-bit)',
          source = 'appstorrent.ru'
      WHERE name = 'Valentina Studio Pro'
  ;

      UPDATE app
      SET description = 'Расширения текста',
          description_local = '文本扩展',
          icon = 'https://appstorrent.ru/uploads/posts/2023-10/mmmmmmmmmmmmmmm.webp',
          image = NULL,
          detail_url = 'https://appstorrent.ru/1902-rocket-typist-pro.html',
          file_size = '10 MB',
          version = '3.0.8',
          category = 1.0,
          published_date = '2023-11-18',
          architecture = 'ARM, x86 (64-bit)',
          source = 'appstorrent.ru'
      WHERE name = 'Rocket Typist Pro'
  ;

      UPDATE app
      SET description = 'Сайт в приложение',
          description_local = '网站到应用程序',
          icon = 'https://appstorrent.ru/uploads/posts/2023-01/1674745682_icon.webp',
          image = NULL,
          detail_url = 'https://appstorrent.ru/733-coherence-x.html',
          file_size = '13 MB',
          version = '4.5.2',
          category = 1.0,
          published_date = '2023-11-18',
          architecture = 'ARM, x86 (64-bit)',
          source = 'appstorrent.ru'
      WHERE name = 'Coherence X'
  ;

      UPDATE app
      SET description = 'Редактирование таблиц',
          description_local = '编辑表格',
          icon = 'https://appstorrent.ru/uploads/posts/2023-08/ayvavy.webp',
          image = NULL,
          detail_url = 'https://appstorrent.ru/2512-modern-csv.html',
          file_size = '25 MB',
          version = '2.0.4',
          category = 1.0,
          published_date = '2023-11-18',
          architecture = 'ARM, x86 (64-bit)',
          source = 'appstorrent.ru'
      WHERE name = 'Modern CSV'
  ;

      UPDATE app
      SET description = 'Редактор Markdown',
          description_local = 'Markdown 编辑器',
          icon = 'https://appstorrent.ru/uploads/posts/2023-11/1700337303_icon.webp',
          image = NULL,
          detail_url = 'https://appstorrent.ru/571-byword.html',
          file_size = '6 MB',
          version = '2.9.6 [MAS]',
          category = 1.0,
          published_date = '2023-11-18',
          architecture = 'x86 (64-bit)',
          source = 'appstorrent.ru'
      WHERE name = 'Byword'
  ;

      UPDATE app
      SET description = 'Фоторедактор',
          description_local = '照片编辑器',
          icon = 'https://appstorrent.ru/uploads/posts/2023-03/1678529615_icon.webp',
          image = NULL,
          detail_url = 'https://appstorrent.ru/1049-pixelstyle-photo-editor.html',
          file_size = '71 MB',
          version = '4.3.0 [MAS]',
          category = 1.0,
          published_date = '2023-11-18',
          architecture = 'ARM, x86 (64-bit)',
          source = 'appstorrent.ru'
      WHERE name = 'Pixelstyle Photo Editor'
  ;

      UPDATE app
      SET description = 'Видеотрансляция',
          description_local = '视频直播',
          icon = 'https://appstorrent.ru/uploads/posts/2023-05/1684165720_icon.webp',
          image = NULL,
          detail_url = 'https://appstorrent.ru/166-wirecast.html',
          file_size = '558 MB',
          version = '16.0.3',
          category = 1.0,
          published_date = '2023-11-18',
          architecture = 'ARM, x86 (64-bit)',
          source = 'appstorrent.ru'
      WHERE name = 'Wirecast Pro'
  ;

      UPDATE app
      SET description = 'Adobe',
          description_local = '土坯',
          icon = 'https://appstorrent.ru/uploads/posts/2020-06/1592983505_me.png',
          image = NULL,
          detail_url = 'https://appstorrent.ru/93-media-encoder.html',
          file_size = '2 GB',
          version = '24.0.3',
          category = 1.0,
          published_date = '2023-11-17',
          architecture = 'ARM, x86 (64-bit)',
          source = 'appstorrent.ru'
      WHERE name = 'Adobe Media Encoder 2024'
  ;

      UPDATE app
      SET description = 'Adobe',
          description_local = '土坯',
          icon = 'https://appstorrent.ru/uploads/posts/2022-04/1650030385_after-effects.png',
          image = NULL,
          detail_url = 'https://appstorrent.ru/95-adobe-after-effects.html',
          file_size = '3 GB',
          version = '24.0.3',
          category = 1.0,
          published_date = '2023-11-17',
          architecture = 'ARM, x86 (64-bit)',
          source = 'appstorrent.ru'
      WHERE name = 'Adobe After Effects 2024'
  ;

      UPDATE app
      SET description = 'Adobe',
          description_local = '土坯',
          icon = 'https://appstorrent.ru/uploads/posts/2020-06/1592983050_pr.png',
          image = NULL,
          detail_url = 'https://appstorrent.ru/98-adobe-premiere-pro.html',
          file_size = '3,5 GB',
          version = '24.0.3',
          category = 1.0,
          published_date = '2023-11-17',
          architecture = 'ARM, x86 (64-bit)',
          source = 'appstorrent.ru'
      WHERE name = 'Adobe Premiere Pro 2024'
  ;

      INSERT INTO app (name, version, description, description_local, icon, image, detail_url, file_size, category, published_date, architecture, source)
      VALUES ('Barotrauma', '1.0.8', '
ИгрыСимуляторыСтратегии
', '
游戏模拟策略
', 'https://appstorrent.ru/uploads/posts/2023-11/vavava11.webp', 'https://appstorrent.ru/uploads/posts/2023-11/fdfdfdfd11.webp', 'https://appstorrent.ru/2685-barotrauma.html', '928 MB', 2.0, '2023-11-25', 'ARM, x86 (64-bit)', 'appstorrent.ru')
  ;

      INSERT INTO app (name, version, description, description_local, icon, image, detail_url, file_size, category, published_date, architecture, source)
      VALUES ('Barony', '4.1.0 (201023)', '
ИгрыЭкшенПриключения
', '
游戏动作冒险
', 'https://appstorrent.ru/uploads/posts/2023-10/1698202273_fdsfsd.webp', 'https://appstorrent.ru/uploads/posts/2023-10/1698202345_fdsfsdfsd.webp', 'https://appstorrent.ru/2674-barony.html', '552 MB', 2.0, '2023-11-24', 'ARM, x86 (64-bit)', 'appstorrent.ru')
  ;

      INSERT INTO app (name, version, description, description_local, icon, image, detail_url, file_size, category, published_date, architecture, source)
      VALUES ('Haiku, the Robot', '1.1.5.2', '
ИгрыЭкшенПриключения
', '
游戏动作冒险
', 'https://appstorrent.ru/uploads/posts/2023-10/fdfsdfsd.webp', 'https://appstorrent.ru/uploads/posts/2023-10/fsfdsfsd.webp', 'https://appstorrent.ru/2672-haiku-the-robot.html', '461 MB', 2.0, '2023-11-24', 'x86 (64-bit)', 'appstorrent.ru')
  ;

      INSERT INTO app (name, version, description, description_local, icon, image, detail_url, file_size, category, published_date, architecture, source)
      VALUES ('motionVFX mTransition Quake', '', '
Final Cut Pro, Motion
', '
Final Cut Pro、动作
', NULL, 'https://appstorrent.ru/uploads/posts/2023-11/1700832179_1aaaaaa.webp', 'https://appstorrent.ru/2712-motionvfx-mtransition-quake.html', '58 MB', 3.0, '2023-11-24', '', 'appstorrent.ru')
  ;

      UPDATE app
      SET description = '
VST, FL Studio
',
          description_local = '
VST、FL 工作室
',
          icon = NULL,
          image = 'https://appstorrent.ru/uploads/posts/2023-07/3123avyas.webp',
          detail_url = 'https://appstorrent.ru/2399-native-instruments-komplete-kontrol.html',
          file_size = '386 MB',
          version = '3.0.3',
          category = 3.0,
          published_date = '2023-11-22',
          architecture = 'ARM, x86 (64-bit)',
          source = 'appstorrent.ru'
      WHERE name = 'Native Instruments Komplete Kontrol'
  ;

      INSERT INTO app (name, version, description, description_local, icon, image, detail_url, file_size, category, published_date, architecture, source)
      VALUES ('motionVFX mLogo Simple 2', '', '
Final Cut Pro, Motion
', '
Final Cut Pro、动作
', NULL, 'https://appstorrent.ru/uploads/posts/2023-11/11.webp', 'https://appstorrent.ru/2704-motionvfx-mlogo-simple-2.html', '8 MB', 3.0, '2023-11-20', '', 'appstorrent.ru')
  ;

      UPDATE app
      SET description = '
VST, FL Studio
',
          description_local = '
VST、FL 工作室
',
          icon = NULL,
          image = 'https://appstorrent.ru/uploads/posts/2022-12/1670579067_121231.webp',
          detail_url = 'https://appstorrent.ru/2014-korg-software-modwave-native.html',
          file_size = '116 MB',
          version = '1.1.3',
          category = 3.0,
          published_date = '2023-11-16',
          architecture = '',
          source = 'appstorrent.ru'
      WHERE name = 'KORG Software Modwave Native'
  ;

      INSERT INTO app (name, version, description, description_local, icon, image, detail_url, file_size, category, published_date, architecture, source)
      VALUES ('motionVFX mTag', '', '
Final Cut Pro, Motion
', '
Final Cut Pro、动作
', NULL, 'https://appstorrent.ru/uploads/posts/2023-11/131221.webp', 'https://appstorrent.ru/2698-motionvfx.html', '10 MB', 3.0, '2023-11-13', '', 'appstorrent.ru')
  ;

      INSERT INTO app (name, version, description, description_local, icon, image, detail_url, file_size, category, published_date, architecture, source)
      VALUES ('motionVFX mMusic Video', '', '
Final Cut Pro, Motion
', '
Final Cut Pro、动作
', NULL, 'https://appstorrent.ru/uploads/posts/2023-11/1aaaaa1.webp', 'https://appstorrent.ru/2695-motionvfx-mmusic-video.html', '334 MB', 3.0, '2023-11-10', '', 'appstorrent.ru')
  ;

    UPDATE app
    SET
        name = 'Integrity Plus',
        bg_image = 'https://appstorrent.ru/templates/appstorrent-4ac2e09b1a/assets/img/bg.webp',
        icon = 'https://appstorrent.ru/uploads/posts/2022-12/1671018297_icon.webp',
        version = '12.8.0',
        description = 'Проверка ссылок',
        description_local = '检查链接',
        detail_url = 'https://appstorrent.ru/938-integrity-plus.html',
        file_size = '7 MB',
        developer = 'PeacockMedia',
        activation = 'K''ed by TNT team',
        compatibility = 'macOS 10.14及以上版本',
        architecture = 'ARMx86 (64-bit)',
        published_date = '2023/11/21',
        releaseDate = '',
        note = '',
        views = '14810',
        link = 'https://anonim.xyz/go/https://peacockmedia.software/mac/integrity-plus/',
        detail_version = '12.8.0',
        banner = '["https://appstorrent.ru/uploads/posts/2022-12/1646477404_1.jpg","https://appstorrent.ru/uploads/posts/2022-03/1646477404_2.jpg","https://appstorrent.ru/uploads/posts/2022-03/1646477405_3.jpg","https://appstorrent.ru/uploads/posts/2022-03/1646477405_4.jpg"]'
    WHERE
        id = 1.0
    ;

  UPDATE download_info
  SET
    content_local = '<p>挂载镜像并启动 Open Gatekeeper friendly。</p>
<p>在终端窗口中按 Enter 键绕过 Gatekeeper。</p>
<p>将应用程序拖到“应用程序”文件夹中。</p>
<p>该应用程序已准备好使用。</p>',
    content = '<p>Смонтируйте образ и запустите Open Gatekeeper friendly.</p>
<p>Нажмите Enter для обхода Gatekeeper в окне Терминал.</p>
<p>Перетащите приложение в папку Программы (Applications).</p>
<p>Приложение готово к использованию.</p>'
  WHERE
    app_id = 1.0
;

      INSERT OR REPLACE INTO download_links (app_id, title, href, title_local, version)
      VALUES (1.0, 'Прямая ссылка на скачивание', 'https://vk.com/doc781359414_672834471', '直接链接下载安装程序', '12.8.0')
  ;

    UPDATE app
    SET
        name = 'Text Workflow',
        bg_image = 'https://appstorrent.ru/templates/appstorrent-4ac2e09b1a/assets/img/bg.webp',
        icon = 'https://appstorrent.ru/uploads/posts/2023-05/1684239051_icon.webp',
        version = '1.7.2 [MAS]',
        description = 'Преобразование текста',
        description_local = '转换文本',
        detail_url = 'https://appstorrent.ru/1038-text-workflow.html',
        file_size = '10 MB',
        developer = 'Georgios Trigonakis',
        activation = 'K''ed by TNT team',
        compatibility = 'macOS 12及以上版本',
        architecture = 'ARMx86 (64-bit)',
        published_date = '2023/11/21',
        releaseDate = '',
        note = '',
        views = '41888',
        link = 'https://anonim.xyz/go/https://www.gtrigonakis.com/textworkflow',
        detail_version = '1.7.2 [MAS]',
        banner = '["https://appstorrent.ru/uploads/posts/2023-05/1684239063_1.webp","https://appstorrent.ru/uploads/posts/2023-05/1684239064_2.webp","https://appstorrent.ru/uploads/posts/2023-05/1684239066_3.webp","https://appstorrent.ru/uploads/posts/2023-05/1684239069_4.webp"]'
    WHERE
        id = 17.0
    ;

  UPDATE tabs
  SET
    content = '
<p>Fixed a bug on duplication of the "Encoder and Decoder" action.</p>
<p><br>Redesign of UI of insert action to the workflow panel.</p>
',
    content_local = '
<p>修复了“编码器和解码器”操作重复的错误。</p>
<p><br>重新设计工作流程面板插入操作的 UI。</p>
'
  WHERE
    app_id = 17.0 AND title = 'Что нового'
;

  UPDATE download_info
  SET
    content_local = '<p>挂载镜像并启动 Open Gatekeeper friendly。</p>
<p>在终端窗口中按 Enter 键绕过 Gatekeeper。</p>
<p>将应用程序拖到“应用程序”文件夹中。</p>
<p>该应用程序已准备好使用。</p>',
    content = '<p>Смонтируйте образ и запустите&nbsp;Open Gatekeeper friendly.</p>
<p>Нажмите Enter для обхода Gatekeeper в окне Терминал.</p>
<p>Перетащите приложение в папку Программы (Applications).</p>
<p>Приложение готово к использованию.</p>'
  WHERE
    app_id = 17.0
;

      INSERT OR REPLACE INTO download_links (app_id, title, href, title_local, version)
      VALUES (17.0, 'Прямая ссылка на скачивание', 'https://vk.com/doc781359414_672812652', '直接链接下载安装程序', '1.7.2 [MAS]')
  ;

    INSERT INTO older_versions (app_id, title, url, title_local)
    VALUES (17.0, 'Text Workflow 1.4.1 MAS [TNT] для macOS 12 и новее', 'https://vk.com/s/v1/doc/WSw5tfYmWdOmJQ7BCzOE-IYZO8T3OCXQ4xb81MYS_EHoSUJu-gg', 'Text Workflow 1.4.1 MAS [TNT] 适用于 macOS 12 及以上版本')
;

    UPDATE app
    SET
        name = 'EdgeView 4',
        bg_image = 'https://appstorrent.ru/templates/appstorrent-4ac2e09b1a/assets/img/bg.webp',
        icon = 'https://appstorrent.ru/uploads/posts/2022-12/1672311398_icon.webp',
        version = '4.3.9 [MAS]',
        description = 'Просмотрщик изображений',
        description_local = '图片浏览器',
        detail_url = 'https://appstorrent.ru/179-edgeview.html',
        file_size = '34 MB',
        developer = 'DONGJIN HAN',
        activation = 'K''ed by TNT team',
        compatibility = 'macOS 11.1及以上版本',
        architecture = 'ARMx86 (64-bit)',
        published_date = '2023/11/22',
        releaseDate = '',
        note = '',
        views = '86247',
        link = 'https://anonim.xyz/go/https://edgeview.co.kr/en/home/',
        detail_version = '4.3.9 [MAS]',
        banner = '["https://appstorrent.ru/uploads/posts/2022-12/1641312393_1.jpg","https://appstorrent.ru/uploads/posts/2022-01/1641312393_2.jpg","https://appstorrent.ru/uploads/posts/2022-01/1641312393_3.jpg","https://appstorrent.ru/uploads/posts/2022-01/1641312394_4.jpg"]'
    WHERE
        id = 28.0
    ;

  UPDATE tabs
  SET
    content = '
<p>- Common</p>
<p>・ Resolve a issue that can''t remove/move/rename file in exfat drive.</p>
',
    content_local = '
<p>-常见的</p>
<p>・ 解决无法删除/移动/重命名 exfat 驱动器中的文件的问题。</p>
'
  WHERE
    app_id = 28.0 AND title = 'Что нового'
;

  UPDATE download_info
  SET
    content_local = '<p>挂载镜像并启动 Open Gatekeeper friendly。</p>
<p>在终端窗口中按 Enter 键绕过 Gatekeeper。</p>
<p>将应用程序拖到“应用程序”文件夹中。</p>
<p>该应用程序已准备好使用。</p>',
    content = '<p>Смонтируйте образ и запустите Open Gatekeeper friendly.</p>
<p>Нажмите Enter для обхода Gatekeeper в окне Терминал.</p>
<p>Перетащите приложение в папку Программы (Applications).</p>
<p>Приложение готово к использованию.</p>'
  WHERE
    app_id = 28.0
;

      INSERT OR REPLACE INTO download_links (app_id, title, href, title_local, version)
      VALUES (28.0, 'Прямая ссылка на скачивание', 'https://vk.com/doc781359414_672867974', '直接链接下载安装程序', '4.3.9 [MAS]')
  ;

    UPDATE app
    SET
        name = 'Scrutiny 12',
        bg_image = 'https://appstorrent.ru/templates/appstorrent-4ac2e09b1a/assets/img/bg.webp',
        icon = 'https://appstorrent.ru/uploads/posts/2022-12/1670942642_icon.webp',
        version = '12.8.1',
        description = 'Анализ сайтов',
        description_local = '网站分析',
        detail_url = 'https://appstorrent.ru/480-scrutiny.html',
        file_size = '7 MB',
        developer = 'PeacockMedia',
        activation = 'K''ed by TNT team',
        compatibility = 'macOS 10.14及以上版本',
        architecture = 'ARMx86 (64-bit)',
        published_date = '2023/11/21',
        releaseDate = '',
        note = '',
        views = '55202',
        link = 'https://anonim.xyz/go/https://peacockmedia.software/mac/scrutiny/',
        detail_version = '12.8.1',
        banner = '["https://appstorrent.ru/uploads/posts/2022-12/1616168549_1.jpg","https://appstorrent.ru/uploads/posts/2021-03/1616168585_2.jpg","https://appstorrent.ru/uploads/posts/2021-03/1616168587_3.jpg","https://appstorrent.ru/uploads/posts/2021-03/1616168557_4.jpg"]'
    WHERE
        id = 30.0
    ;

  UPDATE download_info
  SET
    content_local = '<p>挂载镜像并启动 Open Gatekeeper friendly。</p>
<p>在终端窗口中按 Enter 键绕过 Gatekeeper。</p>
<p>将应用程序拖到“应用程序”文件夹中。</p>
<p>该应用程序已准备好使用。</p>',
    content = '<p>Смонтируйте образ и запустите Open Gatekeeper friendly.</p>
<p>Нажмите Enter для обхода Gatekeeper в окне Терминал.</p>
<p>Перетащите приложение в папку Программы (Applications).</p>
<p>Приложение готово к использованию.</p>'
  WHERE
    app_id = 30.0
;

      INSERT OR REPLACE INTO download_links (app_id, title, href, title_local, version)
      VALUES (30.0, 'Прямая ссылка на скачивание', 'https://vk.com/doc781359414_672837912', '直接链接下载安装程序', '12.8.1')
  ;

    UPDATE app
    SET
        name = 'Integrity Pro',
        bg_image = 'https://appstorrent.ru/templates/appstorrent-4ac2e09b1a/assets/img/bg.webp',
        icon = 'https://appstorrent.ru/uploads/posts/2022-12/1671018090_icon.webp',
        version = '12.8.1',
        description = 'Карта сайта, SEO',
        description_local = '网站地图、搜索引擎优化',
        detail_url = 'https://appstorrent.ru/939-integrity-pro.html',
        file_size = '7 MB',
        developer = 'PeacockMedia',
        activation = 'K''ed by TNT team',
        compatibility = 'macOS 10.14及以上版本',
        architecture = 'ARMx86 (64-bit)',
        published_date = '2023/11/21',
        releaseDate = '',
        note = '',
        views = '24077',
        link = 'https://anonim.xyz/go/https://peacockmedia.software/mac/integrity-pro/',
        detail_version = '12.8.1',
        banner = '["https://appstorrent.ru/uploads/posts/2022-12/1646478042_1.jpg","https://appstorrent.ru/uploads/posts/2022-03/1646478043_2.jpg","https://appstorrent.ru/uploads/posts/2022-03/1646478043_3.jpg","https://appstorrent.ru/uploads/posts/2022-03/1646478044_4.jpg"]'
    WHERE
        id = 31.0
    ;

  UPDATE tabs
  SET
    content = '
<p>Примечания к выпуску доступны на официальном сайте <span style="color:rgb(13,132,251);"><a href="https://anonim.xyz/go/https://peacockmedia.software/mac/integrity/version_history.html" target="_blank" rel="noopener external noreferrer">peacockmedia.software</a> &gt;</span></p>
',
    content_local = '
<p>发行说明可在官方网站上找到 <span style="color:rgb(13,132,251);"><a href="https://anonim.xyz/go/https://孔雀传媒软件/mac/integrity/version_history.html" target="_blank" rel="noopener external noreferrer">peacockmedia.software</a> &gt;</span></p>
'
  WHERE
    app_id = 31.0 AND title = 'Что нового'
;

  UPDATE download_info
  SET
    content_local = '<p>挂载镜像并启动 Open Gatekeeper friendly。</p>
<p>在终端窗口中按 Enter 键绕过 Gatekeeper。</p>
<p>将应用程序拖到“应用程序”文件夹中。</p>
<p>该应用程序已准备好使用。</p>',
    content = '<p>Смонтируйте образ и запустите Open Gatekeeper friendly.</p>
<p>Нажмите Enter для обхода Gatekeeper в окне Терминал.</p>
<p>Перетащите приложение в папку Программы (Applications).</p>
<p>Приложение готово к использованию.</p>'
  WHERE
    app_id = 31.0
;

      INSERT OR REPLACE INTO download_links (app_id, title, href, title_local, version)
      VALUES (31.0, 'Прямая ссылка на скачивание', 'https://vk.com/doc781359414_672834512', '直接链接下载安装程序', '12.8.1')
  ;

    UPDATE app
    SET
        name = 'OmniGraffle Pro',
        bg_image = 'https://appstorrent.ru/uploads/posts/2020-12/1609066755_omnigraffle.jpg',
        icon = 'https://appstorrent.ru/uploads/posts/2023-02/1677482212_icon.webp',
        version = '7.22.4',
        description = 'Графика и Дизайн',
        description_local = '图形与设计',
        detail_url = 'https://appstorrent.ru/227-omnigraffle.html',
        file_size = '61 MB',
        developer = 'The Omni Group',
        activation = 'В комплекте',
        compatibility = 'macOS 11及以上版本',
        architecture = 'ARMx86 (64-bit)',
        published_date = '2023/11/23',
        releaseDate = '',
        note = '',
        views = '51666',
        link = 'https://anonim.xyz/go/https://www.omnigroup.com/omnigraffle',
        detail_version = '7.22.4',
        banner = '["https://appstorrent.ru/uploads/posts/2023-02/1677482273_1.webp","https://appstorrent.ru/uploads/posts/2023-02/1677482273_2.webp","https://appstorrent.ru/uploads/posts/2023-02/1677482274_3.webp","https://appstorrent.ru/uploads/posts/2023-02/1677482274_4.webp"]'
    WHERE
        id = 37.0
    ;

  UPDATE tabs
  SET
    content = '
<p>Примечания к выпуску доступны на официальном сайте <span style="color:rgb(13,132,251);"><a href="https://anonim.xyz/go/https://www.omnigroup.com/releasenotes/omnigraffle" target="_blank" rel="noopener external noreferrer">www.omnigroup.com</a> &gt;</span></p>
',
    content_local = '
<p>发行说明可在官方网站上找到 <span style="color:rgb(13,132,251);"><a href="https://anonim.xyz/go/https://www.omnigroup.com/releasenotes/omnigraffle" target="_blank" rel="noopener external noreferrer">www.omnigroup.com</a> &gt;</span></p>
'
  WHERE
    app_id = 37.0 AND title = 'Что нового'
;

  UPDATE download_info
  SET
    content_local = '<p>装载图像并将应用程序拖到“应用程序”文件夹快捷方式中。</p>
<p><span style="color:rgb(251,160,38);">注册码</span> 可以下载 <a href="https://vk.com/s/v1/doc/pX9luxuqj6AlTjZ2JItmNbpRgLk2nlDHuZ-uouFmM7DYVxL2jRY" target="_blank" rel="noopener external noreferrer">点击此链接</a><span style="color:rgb(13,132,251);"> &gt;</span></p>
<p><span style="color:rgb(13,132,251);"><span style="color:rgb(251,160,38);">注册机 <span style="color:rgb(0,0,0);"><span style="color:rgb(255,255,255);">可以下载</span> </span><a href="https://vk.com/doc781359414_672789388" target="_blank" rel="noopener external noreferrer">点击此链接</a><span style="color:rgb(13,132,251);"> &gt;</span></span></span></p>',
    content = '<p>Смонтируйте образ и перетащите приложение в ярлык папки Программы (Applications).</p>
<p><span style="color:rgb(251,160,38);">Регистрационные ключи</span> можно скачать <a href="https://vk.com/s/v1/doc/pX9luxuqj6AlTjZ2JItmNbpRgLk2nlDHuZ-uouFmM7DYVxL2jRY" target="_blank" rel="noopener external noreferrer">по этой ссылке</a><span style="color:rgb(13,132,251);"> &gt;</span></p>
<p><span style="color:rgb(13,132,251);"><span style="color:rgb(251,160,38);">Keygen <span style="color:rgb(0,0,0);"><span style="color:rgb(255,255,255);">можно скачать</span> </span><a href="https://vk.com/doc781359414_672789388" target="_blank" rel="noopener external noreferrer">по этой ссылке</a><span style="color:rgb(13,132,251);"> &gt;</span></span></span></p>'
  WHERE
    app_id = 37.0
;

      INSERT OR REPLACE INTO download_links (app_id, title, href, title_local, version)
      VALUES (37.0, 'Прямая ссылка на скачивание', 'https://vk.com/doc781359414_672901400', '直接链接下载安装程序', '7.22.4')
  ;

    INSERT INTO older_versions (app_id, title, url, title_local)
    VALUES (37.0, 'OmniGraffle Pro 7.22.3 для macOS 11 и новее', 'https://vk.com/doc781359414_672789529', 'OmniGraffle Pro 7.22.3 适用于 macOS 11 及以上版本')
;

    UPDATE app
    SET
        name = 'ProPresenter',
        bg_image = 'https://appstorrent.ru/uploads/posts/2021-05/1621248930_propresenter.jpg',
        icon = 'https://appstorrent.ru/uploads/posts/2023-05/icon.webp',
        version = '7.15',
        description = 'Инструмент презентаций',
        description_local = '演示工具',
        detail_url = 'https://appstorrent.ru/570-propresenter.html',
        file_size = '204 MB',
        developer = 'Renewed Vision',
        activation = 'K''ed by TNT team',
        compatibility = 'macOS 10.15及以上版本',
        architecture = 'ARMx86 (64-bit)',
        published_date = '2023/11/22',
        releaseDate = '',
        note = '',
        views = '28051',
        link = 'https://anonim.xyz/go/https://renewedvision.com/propresenter/',
        detail_version = '7.15',
        banner = '["https://appstorrent.ru/uploads/posts/2021-05/1621249283_1.jpg","https://appstorrent.ru/uploads/posts/2021-05/1621249315_2.jpg","https://appstorrent.ru/uploads/posts/2021-05/1621249363_3.jpg","https://appstorrent.ru/uploads/posts/2021-05/1621249352_4.jpg"]'
    WHERE
        id = 40.0
    ;

  UPDATE download_info
  SET
    content_local = '<p>挂载镜像并启动 Open Gatekeeper friendly。</p>
<p>在终端窗口中按 Enter 键绕过 Gatekeeper。</p>
<p>将应用程序拖到“应用程序”文件夹中。</p>
<p><span style="color:rgb(251,160,38);">注意力！ 必须禁用 SIP。&nbsp;</span><span style="color:rgb(13,132,251);"><a href="/510-sip.html" target="_blank">更多细节</a> &gt;</span></p>
<p><br></p>',
    content = '<p>Смонтируйте образ и запустите&nbsp;Open Gatekeeper friendly.</p>
<p>Нажмите Enter для обхода Gatekeeper в окне Терминал.</p>
<p>Перетащите приложение в папку Программы (Applications).</p>
<p><span style="color:rgb(251,160,38);">ВНИМАНИЕ! Требуется отключение SIP.&nbsp;</span><span style="color:rgb(13,132,251);"><a href="/510-sip.html" target="_blank">Подробнее</a> &gt;</span></p>
<p><br></p>'
  WHERE
    app_id = 40.0
;

      INSERT OR REPLACE INTO download_links (app_id, title, href, title_local, version)
      VALUES (40.0, 'Прямая ссылка на скачивание', 'https://vk.com/doc781359414_672868002', '直接链接下载安装程序', '7.15')
  ;

    UPDATE app
    SET
        name = 'Native Instruments Kontakt 7',
        bg_image = 'https://appstorrent.ru/uploads/posts/2023-01/1673585503_bg.webp',
        icon = 'https://appstorrent.ru/uploads/posts/2023-06/21312312.webp',
        version = '7.7.1 Rev2',
        description = 'Создание музыки',
        description_local = '音乐创作',
        detail_url = 'https://appstorrent.ru/485-native-instruments-kontakt-7.html',
        file_size = '880 MB',
        developer = 'Native Instruments',
        activation = 'K''ed by TEAM HCiSO',
        compatibility = 'macOS 11及以上版本',
        architecture = 'ARMx86 (64-bit)',
        published_date = '2023/11/22',
        releaseDate = '',
        note = '',
        views = '89718',
        link = 'https://anonim.xyz/go/https://www.native-instruments.com/en/products/komplete/samplers/kontakt-6/',
        detail_version = '7.7.1 Rev2',
        banner = '["https://appstorrent.ru/uploads/posts/2021-03/1616306389_1.jpeg","https://appstorrent.ru/uploads/posts/2021-03/1616306316_2.jpeg","https://appstorrent.ru/uploads/posts/2021-03/1616306304_3.jpeg","https://appstorrent.ru/uploads/posts/2021-03/1616306346_4.jpeg"]'
    WHERE
        id = 42.0
    ;

  UPDATE download_info
  SET
    content_local = '<p>挂载下载的镜像并开始安装包。</p>
<p>安装后，所有组件都将位于标准路径中。</p>',
    content = '<p>Смонтируйте скачанный образ и запустите установку пакета.</p>
<p>После установки все компоненты будут находится по стандартным путям.</p>'
  WHERE
    app_id = 42.0
;

      INSERT OR REPLACE INTO download_links (app_id, title, href, title_local, version)
      VALUES (42.0, 'Прямая ссылка на скачивание', 'https://vk.com/doc781359414_672867797', '直接链接下载安装程序', '7.7.1 Rev2')
  ;

    INSERT INTO older_versions (app_id, title, url, title_local)
    VALUES (42.0, 'Kontakt 7.7.0 [HCiSO] для macOS 11 и новее', 'https://vk.com/doc781359414_672315157', 'Kontakt 7.7.0 [HCiSO] 适用于 macOS 11 及以上版本')
;

    UPDATE app
    SET
        name = 'Dash',
        bg_image = 'https://appstorrent.ru/uploads/posts/2020-08/1598759933_dash.jpg',
        icon = 'https://appstorrent.ru/uploads/posts/2020-08/1598759291_dash.png',
        version = '7.1.7',
        description = 'Браузер документации API',
        description_local = 'API文档浏览器',
        detail_url = 'https://appstorrent.ru/196-dash.html',
        file_size = '21 MB',
        developer = 'Kapeli',
        activation = 'K''ed by TNT team',
        compatibility = 'macOS 10.14及以上版本',
        architecture = 'ARMx86 (64-bit)',
        published_date = '2023/11/22',
        releaseDate = '',
        note = '',
        views = '95866',
        link = 'https://anonim.xyz/go/https://kapeli.com/dash',
        detail_version = '7.1.7',
        banner = '["https://appstorrent.ru/uploads/posts/2019-07/1562425779_1.jpg","https://appstorrent.ru/uploads/posts/2019-07/1562425796_2.jpg","https://appstorrent.ru/uploads/posts/2019-07/1562425780_3.jpg","https://appstorrent.ru/uploads/posts/2019-07/1562425812_1.jpg"]'
    WHERE
        id = 43.0
    ;

  UPDATE tabs
  SET
    content = '
<p>Dash является браузером документации API и менеджером фрагментов кода. Dash хранит фрагменты кода и мгновенно выполняет поиск в автономных наборах документации для более 200 API, более 100 шпаргалок и многого другого. Вы даже можете сгенерировать свои собственные наборы документов или запросить их включение.</p>
<p><br></p>
<p>Dash поставляется с 200+ автономными комплектами документации. Вы можете выбрать, какие наборы документации загрузить, а Dash позаботится обо всем остальном, убедившись, что они обновляются. Вы также можете создавать свои собственные наборы документов, запрашивать наборы документов или загружать наборы документов из сторонних источников.</p>
<p><br></p>
<p>Ниже перечислены все наборы документации, которые поставляются с Dash. Все комплекты документации были созданы и поддерживаются с особой тщательностью.</p>
<p><br></p>
<p>Documentation Browser</p>
<p><br></p>
<p>Offline Documentation: iOS, macOS, watchOS, tvOS, Swift, Man Pages, .NET Framework, ActionScript, Akka, Android, AngularJS, Angular.dart, Ansible, Apache, Appcelerator Titanium, AppleScript, Arduino, Backbone, Bash, Boost, Bootstrap, Bourbon, Bourbon Neat, C, C++, CakePHP, Cappuccino, Chai, Chef, Clojure, CMake, Cocos2D, Cocos2D-X, CodeIgniter, CoffeeScript, ColdFusion, Common Lisp, Compass, Cordova, Corona, CSS, D3.js, Dart, Django, Dojo Toolkit, Drupal, ElasticSearch, Elixir, Emacs Lisp, Ember.js, Emmet.io, Erlang, Express.js, Expression Engine, ExtJS, Flask, Font Awesome, Foundation, GLib, Go, Grails, Groovy, Grunt, Haml, Haskell, HTML, Jade, Jasmine, Java SE, Java EE, JavaFX, jаvascript, Joomla, jQuery, jQuery Mobile, jQuery UI, Knockout.js, Kobold2D, Laravel, LaTeX, Less, Lo-Dash, Lua, Marionette.js, Meteor, MomentJS, MongoDB, Mongoose, Mono, MooTools, MySQL, Nginx, Node.js, NumPy, OCaml, OpenCV, OpenGL, Perl, PhoneGap, PHP, PHPUnit, Play Framework, Polymer.dart, PostgreSQL, Processing.org, Prototype, Puppet, Python, Qt, R, Redis, RequireJS, Ruby, Ruby on Rails, Rust, Sass, SaltStack, Scala, SciPy, Sencha Touch, Sinon, Smarty, Sparrow, Spring Framework, SproutCore, SQLAlchemy, SQLite, Statamic, Stylus, SVG, Symfony, Tcl, Tornado, Twig, Twisted, TYPO3, Underscore.js, Unity 3D, Vagrant, Vim, VMware vSphere, WordPress, Xamarin, Xojo, XSLT, XUL, Yii, YUI, Zend Framework, Zepto.js.</p>
<p>Supports docsets generated using popular tools like Appledoc and Doxygen.</p>
<p>Methods are conveniently shown in a special table of contents.</p>
<p>Highlighted in-page search.</p>
<p>Save bookmarks of your most used documentation pages.</p>
<p>Create search profiles to easily switch between docsets.</p>
<p>Easily search specific docsets by defining keyword filters (e.g., start your query with "python:" to search only the Python documentation).</p>
<p>Integration plugins for: Xcode, Alfred, Quicksilver, LaunchBar, PopClip, AppCode, Sublime Text, Emacs, Vim, TextMate, Eclipse, Terminal, AppleScript.</p>
<p>Easily integrate with any other application using the "dash://" URL scheme or the "Look up in Dash" system service.</p>
<p>Fuzzy search. Don''t let misspellings get in your way.</p>
<p>Built for speed. Searching is almost instant.</p>
<p><br></p>
<p>Snippet Manager</p>
<p><br></p>
<p>Collect snippets of code that you reuse often.</p>
<p>Sync by saving your library in Dropbox.</p>
<p>Over 80 syntaxes for code highlighting.</p>
<p>Variable placeholders can be edited before pasting.</p>
<p>Abbreviations are expanded wherever you type them.</p>
<p><br></p>
<p>Special Snippet Placeholders</p>
<p><br></p>
<p>@clipboard expands into the contents of the clipboard.</p>
<p>@cursor repositions the cursor after expansion.</p>
<p>@date expands into the current date.</p>
<p>time expands into the current time.</p>
<p><br></p>
<p>Other Features</p>
<p><br></p>
<p>Retina-ready.</p>
<p>Multi-touch gestures.</p>
<p>Menu item or dock application, always one keyboard shortcut away.</p>
<p>Users that want to use Dash only as a snippet manager or documentation browser, can do so.</p>
',
    content_local = '
<p>Dash 是一个 API 文档浏览器和代码片段管理器。 Dash 存储代码片段并立即搜索离线文档集以获取 200 多个 API、100 多个备忘单等。 您甚至可以生成自己的文档集或请求将其包含在内。</p>
<p><br></p>
<p>Dash 附带 200 多个独立文档集。 您可以选择要下载的文档集，Dash 将负责剩下的工作，确保它们是最新的。 您还可以创建自己的文档集、请求文档集或从第三方来源下载文档集。</p>
<p><br></p>
<p>下面列出了 Dash 附带的所有文档集。 所有文档集均经过精心创建和维护。</p>
<p><br></p>
<p>文档浏览器</p>
<p><br></p>
<p>离线文档：iOS、macOS、watchOS、tvOS、Swift、手册页、.NET Framework、ActionScript、Akka、Android、AngularJS、Angular.dart、Ansible、Apache、Appcelerator Titanium、AppleScript、Arduino、Backbone、Bash、Boost、Bootstrap , Bourbon, Bourbon Neat, C, C++, CakePHP, 卡布奇诺, Chai, Chef, Clojure, CMake, Cocos2D, Cocos2D-X, CodeIgniter, CoffeeScript, ColdFusion, Common Lisp, Compass, Cordova, Corona, CSS, D3.js, Dart 、Django、Dojo Toolkit、Drupal、ElasticSearch、Elixir、Emacs Lisp、Ember.js、Emmet.io、Erlang、Express.js、表达式引擎、ExtJS、Flask、Font Awesome、Foundation、GLib、Go、Grails、Groovy、Grunt 、Haml、Haskell、HTML、Jade、Jasmine、Java SE、Java EE、JavaFX、javascript、Joomla、jQuery、jQuery Mobile、jQuery UI、Knockout.js、Kobold2D、Laravel、LaTeX、Less、Lo-Dash、Lua、Marionette .js、Meteor、MomentJS、MongoDB、Mongoose、Mono、MooTools、MySQL、Nginx、Node.js、NumPy、OCaml、OpenCV、OpenGL、Perl、PhoneGap、PHP、PHPUnit、Play Framework、Polymer.dart、PostgreSQL、处理。 org、Prototype、Puppet、Python、Qt、R、Redis、RequireJS、Ruby、Ruby on Rails、Rust、Sass、SaltStack、Scala、SciPy、Sencha Touch、Sinon、Smarty、Sparrow、Spring Framework、SproutCore、SQLAlchemy、SQLite、 Statamic、Stylus、SVG、Symfony、Tcl、Tornado、Twig、Twisted、TYPO3、Underscore.js、Unity 3D、Vagrant、Vim、VMware vSphere、WordPress、Xamarin、Xojo、XSLT、XUL、Yii、YUI、Zend Framework、Zepto .js。</p>
<p>支持使用 Appledoc 和 Doxygen 等流行工具生成的文档集。</p>
<p>方法方便地显示在特殊的目录中。</p>
<p>突出显示的页内搜索。</p>
<p>保存最常用的文档页面的书签。</p>
<p>创建搜索配置文件以在文档集之间轻松切换。</p>
<p>通过定义关键字过滤器轻松搜索特定文档集（例如，以“python:”开始查询以仅搜索 Python 文档）。</p>
<p>集成插件：Xcode、Alfred、Quicksilver、LaunchBar、PopClip、AppCode、Sublime Text、Emacs、Vim、TextMate、Eclipse、Terminal、AppleScript。</p>
<p>使用“dash://”URL 方案或“Look up in Dash”系统服务轻松与任何其他应用程序集成。</p>
<p>模糊搜索。 不要让拼写错误妨碍您。</p>
<p>专为速度而打造。 搜索几乎是即时的。</p>
<p><br></p>
<p>片段管理器</p>
<p><br></p>
<p>收集您经常重复使用的代码片段。</p>
<p>通过将您的库保存在 Dropbox 中来进行同步。</p>
<p>超过 80 种代码高亮语法。</p>
<p>可以在粘贴之前编辑变量占位符。</p>
<p>无论您在何处键入缩写，它们都会展开。</p>
<p><br></p>
<p>特殊片段占位符</p>
<p><br></p>
<p>@clipboard 扩展为剪贴板的内容。</p>
<p>@cursor 扩展后重新定位光标。</p>
<p>@date 扩展为当前日期。</p>
<p>时间扩展到当前时间。</p>
<p><br></p>
<p>其他特性</p>
<p><br></p>
<p>视网膜就绪。</p>
<p>多点触控手势。</p>
<p>菜单项或停靠应用程序，始终只需一个键盘快捷键即可。</p>
<p>只想将 Dash 用作代码片段管理器或文档浏览器的用户可以这样做。</p>
'
  WHERE
    app_id = 43.0 AND title = 'Описание'
;

  UPDATE download_info
  SET
    content_local = '<p>挂载镜像并启动 Open Gatekeeper friendly。</p>
<p>在终端窗口中按 Enter 键绕过 Gatekeeper。</p>
<p>将应用程序拖到“应用程序”文件夹中。</p>
<p>该应用程序已准备好使用。</p>',
    content = '<p>Смонтируйте образ и запустите&nbsp;Open Gatekeeper friendly.</p>
<p>Нажмите Enter для обхода Gatekeeper в окне Терминал.</p>
<p>Перетащите приложение в папку Программы (Applications).</p>
<p>Приложение готово к использованию.</p>'
  WHERE
    app_id = 43.0
;

      INSERT OR REPLACE INTO download_links (app_id, title, href, title_local, version)
      VALUES (43.0, 'Прямая ссылка на скачивание', 'https://vk.com/doc781359414_672867934', '直接链接下载安装程序', '7.1.7')
  ;

    UPDATE app
    SET
        name = 'Geekbench 6',
        bg_image = 'https://appstorrent.ru/templates/appstorrent-4ac2e09b1a/assets/img/bg.webp',
        icon = 'https://appstorrent.ru/uploads/posts/2023-02/1676440935_icon.webp',
        version = '6.2.2',
        description = 'Бенчмарк',
        description_local = '基准',
        detail_url = 'https://appstorrent.ru/203-geekbench.html',
        file_size = '280 MB',
        developer = 'Primate Labs',
        activation = 'K''ed by TNT team',
        compatibility = 'macOS 11及以上版本',
        architecture = 'x86 (64-bit)',
        published_date = '2023/11/21',
        releaseDate = '',
        note = '',
        views = '81953',
        link = 'https://anonim.xyz/go/https://www.geekbench.com/index.html',
        detail_version = '6.2.2',
        banner = '["https://appstorrent.ru/uploads/posts/2022-12/1620034182_1.jpg","https://appstorrent.ru/uploads/posts/2022-12/1620034139_2.jpg","https://appstorrent.ru/uploads/posts/2022-12/1620034138_4.jpg","https://appstorrent.ru/uploads/posts/2022-12/1620034163_3.jpg"]'
    WHERE
        id = 47.0
    ;

  UPDATE tabs
  SET
    content = '
<p>Примечания к выпуску недоступны на официальном сайте <span style="color:rgb(13,132,251);"><a href="https://anonim.xyz/go/https://www.primatelabs.com/release/geekbench5/" target="_blank" rel="noopener external noreferrer">www.primatelabs.com</a> &gt;</span></p>
',
    content_local = '
<p>官方网站上没有发布说明 <span style="color:rgb(13,132,251);"><a href="https://anonim.xyz/go/https://www.primatelabs.com/release/geekbench5/" target="_blank" rel="noopener external noreferrer">www.primatelabs.com</a> &gt;</span></p>
'
  WHERE
    app_id = 47.0 AND title = 'Что нового'
;

  UPDATE download_info
  SET
    content_local = '<p>挂载镜像并启动 Open Gatekeeper friendly。</p>
<p>在终端窗口中按 Enter 键绕过 Gatekeeper。</p>
<p>将应用程序拖到“应用程序”文件夹中。</p>
<p>该应用程序已准备好使用。</p>',
    content = '<p>Смонтируйте образ и запустите Open Gatekeeper friendly.</p>
<p>Нажмите Enter для обхода Gatekeeper в окне Терминал.</p>
<p>Перетащите приложение в папку Программы (Applications).</p>
<p>Приложение готово к использованию.</p>'
  WHERE
    app_id = 47.0
;

      INSERT OR REPLACE INTO download_links (app_id, title, href, title_local, version)
      VALUES (47.0, 'Прямая ссылка на скачивание', 'https://vk.com/doc781359414_672825776', '直接链接下载安装程序', '6.2.2')
  ;

    UPDATE app
    SET
        name = 'Downie 4',
        bg_image = 'https://appstorrent.ru/templates/appstorrent-4ac2e09b1a/assets/img/bg.webp',
        icon = 'https://appstorrent.ru/uploads/posts/2022-12/1670940874_icon.webp',
        version = '4.6.34',
        description = 'Видео-загрузчик',
        description_local = '视频下载器',
        detail_url = 'https://appstorrent.ru/90-downie.html',
        file_size = '49 MB',
        developer = 'Charlie Monroe Software',
        activation = 'K''ed by TNT team',
        compatibility = 'macOS 10.14及以上版本',
        architecture = 'x86 (64-bit)',
        published_date = '2023/11/20',
        releaseDate = '',
        note = '',
        views = '325022',
        link = 'https://anonim.xyz/go/https://software.charliemonroe.net/downie/',
        detail_version = '4.6.34',
        banner = '["https://appstorrent.ru/uploads/posts/2022-12/1670153964_1.webp","https://appstorrent.ru/uploads/posts/2022-12/1670153965_2.webp","https://appstorrent.ru/uploads/posts/2022-12/1670153966_3.webp","https://appstorrent.ru/uploads/posts/2022-12/1670153966_4.webp"]'
    WHERE
        id = 50.0
    ;

  UPDATE download_info
  SET
    content_local = '<p>挂载镜像并启动 Open Gatekeeper friendly。</p>
<p>在终端窗口中按 Enter 键绕过 Gatekeeper。</p>
<p>将应用程序拖到“应用程序”文件夹中。</p>
<p>该应用程序已准备好使用。</p>',
    content = '<p>Смонтируйте образ и запустите Open Gatekeeper friendly.</p>
<p>Нажмите Enter для обхода Gatekeeper в окне Терминал.</p>
<p>Перетащите приложение в папку Программы (Applications).</p>
<p>Приложение готово к использованию.</p>'
  WHERE
    app_id = 50.0
;

      INSERT OR REPLACE INTO download_links (app_id, title, href, title_local, version)
      VALUES (50.0, 'Прямая ссылка на скачивание', 'https://vk.com/doc781359414_672788356', '直接链接下载安装程序', '4.6.34')
  ;

    UPDATE app
    SET
        name = 'Topaz Video AI',
        bg_image = 'https://appstorrent.ru/templates/appstorrent-4ac2e09b1a/assets/img/bg.webp',
        icon = 'https://appstorrent.ru/uploads/posts/2023-02/1677449200_icon.webp',
        version = '4.0.5',
        description = 'Увеличение видео',
        description_local = '视频放大',
        detail_url = 'https://appstorrent.ru/2181-topaz-video-ai.html',
        file_size = '128 MB',
        developer = 'Topaz Labs',
        activation = 'В комплекте',
        compatibility = 'macOS 10.14及以上版本',
        architecture = 'ARMx86 (64-bit)',
        published_date = '2023/11/21',
        releaseDate = '',
        note = '',
        views = '39321',
        link = 'https://anonim.xyz/go/https://www.topazlabs.com/topaz-video-ai',
        detail_version = '4.0.5',
        banner = '["https://appstorrent.ru/uploads/posts/2023-02/1676974409_634ebf9b9aa64bc997c4a203_tvai-v3_0-ui-1.webp","https://appstorrent.ru/uploads/posts/2023-02/1676974408_634eaed94918018fdc353547_tvai-ui.webp"]'
    WHERE
        id = 60.0
    ;

  UPDATE tabs
  SET
    content = '
<p>Потрясающее увеличение видео с помощью революционной технологии искусственного интеллекта. Обученный на тысячах видео и объединяющий информацию из нескольких входных видеокадров, Topaz Video AI увеличит и улучшит ваши кадры до разрешения 8K с точной детализацией и согласованностью движения. Video Enhance AI, использующий интеллектуальную технологию искусственного интеллекта, является самым мощным программным обеспечением для масштабирования видео из когда-либо выпущенных.</p>
<p><br></p>
<p>Невероятное масштабирование видео для профессиональных кинематографистов</p>
<p>Традиционное масштабирование видео просто увеличивает разрешение, ухудшая качество и уничтожая детали. Никогда не существовало способа идеально воссоздать видео высокого разрешения из кадров низкого разрешения… До сих пор. Мы разработали Video Enhance AI, используя революционную технологию машинного обучения, чтобы интеллектуально масштабировать видеоматериалы, обеспечивая четкую детализацию и согласованность движения вплоть до разрешения 8K. Некоторые называют это «волшебством», но мы называем это силой ИИ.</p>
<p><br></p>
<p>Улучшение отснятого материала до 8K</p>
<p>Video Enhance AI — это идеальный способ снимать хорошие кадры и делать их великолепными. Вы когда-нибудь хотели, чтобы ваши кадры выглядели более четкими и детализированными? Снимайте видео в формате HD вплоть до 8K для использования в высококачественных проектах.</p>
<p><br></p>
<p>- Контент DVD</p>
<p>- Видеоматериалы DSLR</p>
<p>- Видеоматериалы игр</p>
<p>- Видеоматериалы HD Stock</p>
<p><br></p>
<p>Масштабирование отснятого материала в низком разрешении</p>
<p>С помощью Video Enhance AI вы можете преобразовать свой отснятый материал из SD в HD с невероятным увеличением качества. Он идеально подходит для старых кадров, которые вы хотите перепрофилировать для современного использования.</p>
<p><br></p>
<p>- Рекламные ролики</p>
<p>- Музыкальные клипы</p>
<p>- Содержание фильмов</p>
<p>- Видео Youtube</p>
<p><br></p>
<p>Качество</p>
<p>До сих пор не существовало основанного на глубоком обучении подхода к увеличению видео в качестве коммерческого продукта. Video Enhance AI — единственный продукт, который использует машинное обучение для экстраполяции деталей из отснятого материала для реалистичного вида. Качество вывода Video Enhance AI просто лучше, чем у любого другого доступного продукта.</p>
<p><br></p>
<p>Обучение</p>
<p>ИИ Video Enhance было обучено с использованием нейронной сети, которая анализирует тысячи пар видео, чтобы узнать, как обычно теряются детали. В отличие от Gigapixel AI для фотографий, Video Enhance AI может экстраполировать больше деталей для еще более реалистичного вида, учитывая объем информации, доступный в одном видеоклипе.</p>
<p><br></p>
<p>Простота в использовании</p>
<p>Всего за несколько нажатий кнопки видеозапись начнет рендеринг для создания красивых кадров с высоким разрешением. Никаких сложных процессов или запутанных инструментов — всего несколько простых шагов, и ваши кадры готовы к работе.</p>
',
    content_local = '
<p>采用革命性的人工智能技术实现令人惊叹的视频放大。 Topaz Video AI 经过数千个视频的训练并结合了多个输入视频帧的信息，可将您的素材升级并增强至 8K 分辨率，并具有精确的细节和运动一致性。 Video Enhance AI 采用智能 AI 技术，是迄今为止发布的最强大的视频升级软件。</p>
<p><br></p>
<p>为专业电影制作人提供令人难以置信的视频升级</p>
<p>传统的视频升级只是提高分辨率，从而降低质量并破坏细节。 从来没有一种方法可以从低分辨率素材中完美地重新创建高清视频……直到现在。 我们使用革命性的机器学习技术开发了视频增强人工智能，可以智能地升级视频片段，以实现高达 8K 分辨率的清晰细节和运动一致性。 有人称之为“魔法”，但我们称之为人工智能的力量。</p>
<p><br></p>
<p>将您的素材升级至 8K</p>
<p>视频增强 AI 是拍摄优质素材并使其看起来更美观的完美方式。 您是否曾经希望您的镜头看起来更清晰、更细致？ 拍摄高达 8K 的高清视频以用于高质量项目。</p>
<p><br></p>
<p>- DVD内容</p>
<p>- 单反镜头</p>
<p>- 游戏视频</p>
<p>- 高清库存视频</p>
<p><br></p>
<p>放大低分辨率素材</p>
<p>借助 Video Enhance AI，您可以将素材从标清转换为高清，质量得到令人难以置信的提升。 它非常适合您想要重新利用以供现代使用的旧素材。</p>
<p><br></p>
<p>- 广告</p>
<p>- 音乐视频</p>
<p>- 电影内容</p>
<p>- Youtube 视频</p>
<p><br></p>
<p>质量</p>
<p>到目前为止，还没有基于深度学习的视频增强方法作为商业产品。 Video Enhance AI 是唯一一款使用机器学习从镜头中推断细节以获得逼真外观的产品。 Video Enhance AI 的输出质量比任何其他可用产品都要好。</p>
<p><br></p>
<p>教育</p>
<p>VideoEnhance 的人工智能是使用神经网络进行训练的，该网络分析数千个视频对，以了解细节通常是如何丢失的。 与用于照片的 Gigapixel AI 不同，考虑到单个视频剪辑中可用的信息量，视频增强 AI 可以推断出更多细节，从而获得更真实的外观。</p>
<p><br></p>
<p>便于使用</p>
<p>只需点击几下按钮，您的视频就会开始渲染，以创建精美的高分辨率素材。 没有复杂的流程或令人困惑的工具 - 只需几个简单的步骤，您的素材就可以开始使用了。</p>
'
  WHERE
    app_id = 60.0 AND title = 'Описание'
;

  UPDATE download_info
  SET
    content_local = '<p>启动下载的图像并将应用程序拖到“应用程序”文件夹快捷方式中。</p>
<p>打开一键破解并输入登录密码。</p>',
    content = '<p>Запустите скачанный образ и перетащите приложение в ярлык папки Программы (Applications).</p>
<p>Откройте One-click crack и введите свой пароль от входа в систему.</p>'
  WHERE
    app_id = 60.0
;

      INSERT OR REPLACE INTO download_links (app_id, title, href, title_local, version)
      VALUES (60.0, 'Прямая ссылка на скачивание', 'https://vk.com/doc781359414_672827111', '直接链接下载安装程序', '4.0.5')
  ;

      INSERT OR REPLACE INTO download_links (app_id, title, href, title_local, version)
      VALUES (60.0, 'Скачать с MediaFire', 'https://www.mediafire.com/file/h398s5ltv2gilql/Topaz_Video_Enhance_AI_4.0.5.dmg/file', '下载 MediaFire', '4.0.5')
  ;

    INSERT INTO older_versions (app_id, title, url, title_local)
    VALUES (60.0, 'Topaz Video AI 4.0.3 для macOS 10.14 и новее', 'https://vk.com/doc781359414_672356950', 'Topaz Video AI 4.0.3 适用于 macOS 10.14 及以上版本')
;

    INSERT INTO older_versions (app_id, title, url, title_local)
    VALUES (60.0, 'Topaz Video AI 4.0.0 для macOS 10.14 и новее', 'https://vk.com/doc781359414_671421092', 'Topaz Video AI 4.0.0 适用于 macOS 10.14 及以上版本')
;

    UPDATE app
    SET
        name = 'PDF Reader Pro',
        bg_image = 'https://appstorrent.ru/templates/appstorrent-4ac2e09b1a/assets/img/bg.webp',
        icon = 'https://appstorrent.ru/uploads/posts/2022-12/1671028482_icon.webp',
        version = '3.0.1',
        description = 'Редактор PDF',
        description_local = 'PDF编辑器',
        detail_url = 'https://appstorrent.ru/795-pdf-reader-pro.html',
        file_size = '74 MB',
        developer = 'PDF Technologies',
        activation = 'K''ed by TNT team',
        compatibility = 'macOS 10.13及以上版本',
        architecture = 'ARMx86 (64-bit)',
        published_date = '2023/11/21',
        releaseDate = '',
        note = '',
        views = '123573',
        link = 'https://anonim.xyz/go/https://www.pdfreaderpro.com/',
        detail_version = '3.0.1',
        banner = '["https://appstorrent.ru/uploads/posts/2022-12/1639749670_1.jpg","https://appstorrent.ru/uploads/posts/2021-12/1639749670_2.jpg","https://appstorrent.ru/uploads/posts/2021-12/1639749671_3.jpg","https://appstorrent.ru/uploads/posts/2021-12/1639749671_4.jpg","https://appstorrent.ru/uploads/posts/2021-12/1639749672_5.jpg","https://appstorrent.ru/uploads/posts/2021-12/1639749672_6.jpg","https://appstorrent.ru/uploads/posts/2021-12/1639749672_7.jpg","https://appstorrent.ru/uploads/posts/2021-12/1639749673_8.jpg"]'
    WHERE
        id = 61.0
    ;

  UPDATE download_info
  SET
    content_local = '<p>挂载镜像并启动 Open Gatekeeper friendly。</p>
<p>在终端窗口中按 Enter 键绕过 Gatekeeper。</p>
<p>将应用程序拖到“应用程序”文件夹中。</p>
<p>该应用程序已准备好使用。</p>',
    content = '<p>Смонтируйте образ и запустите&nbsp;Open Gatekeeper friendly.</p>
<p>Нажмите Enter для обхода Gatekeeper в окне Терминал.</p>
<p>Перетащите приложение в папку Программы (Applications).</p>
<p>Приложение готово к использованию.</p>'
  WHERE
    app_id = 61.0
;

      INSERT OR REPLACE INTO download_links (app_id, title, href, title_local, version)
      VALUES (61.0, 'Прямая ссылка на скачивание', 'https://vk.com/doc781359414_672825600', '直接链接下载安装程序', '3.0.1')
  ;

    UPDATE app
    SET
        name = 'Dropshare 5',
        bg_image = 'https://appstorrent.ru/templates/appstorrent-4ac2e09b1a/assets/img/bg.webp',
        icon = 'https://appstorrent.ru/uploads/posts/2023-04/1681296930_13.png',
        version = '5.42',
        description = 'Обмен файлами',
        description_local = '文件共享',
        detail_url = 'https://appstorrent.ru/724-dropshare-5.html',
        file_size = '47 MB',
        developer = 'Timo Josten',
        activation = 'K''ed by TNT team',
        compatibility = 'OS X 10.10及以上版本',
        architecture = 'ARMx86 (64-bit)',
        published_date = '2023/11/22',
        releaseDate = '',
        note = '',
        views = '34690',
        link = 'https://anonim.xyz/go/https://dropshare.app/',
        detail_version = '5.42',
        banner = '["https://appstorrent.ru/uploads/posts/2023-02/1676899234_1.webp","https://appstorrent.ru/uploads/posts/2023-02/1676899234_2.webp","https://appstorrent.ru/uploads/posts/2023-02/1676899234_3.webp","https://appstorrent.ru/uploads/posts/2023-02/1676899234_4.webp"]'
    WHERE
        id = 62.0
    ;

  UPDATE download_info
  SET
    content_local = '<p>挂载镜像并启动 Open Gatekeeper friendly。</p>
<p>在终端窗口中按 Enter 键绕过 Gatekeeper。</p>
<p>将应用程序拖到“应用程序”文件夹中。</p>
<p>该应用程序已准备好使用。</p>',
    content = '<p>Смонтируйте образ и запустите&nbsp;Open Gatekeeper friendly.</p>
<p>Нажмите Enter для обхода Gatekeeper в окне Терминал.</p>
<p>Перетащите приложение в папку Программы (Applications).</p>
<p>Приложение готово к использованию.</p>'
  WHERE
    app_id = 62.0
;

      INSERT OR REPLACE INTO download_links (app_id, title, href, title_local, version)
      VALUES (62.0, 'Прямая ссылка на скачивание', 'https://vk.com/doc781359414_672867886', '直接链接下载安装程序', '5.42')
  ;

    UPDATE app
    SET
        name = 'Topaz Photo AI',
        bg_image = 'https://appstorrent.ru/templates/appstorrent-4ac2e09b1a/assets/img/bg.webp',
        icon = 'https://appstorrent.ru/uploads/posts/2023-02/1677513249_topaz-photo-ai.webp',
        version = '2.1.2',
        description = 'Улучшение изображений',
        description_local = '图像增强',
        detail_url = 'https://appstorrent.ru/2196-topaz-photo-ai.html',
        file_size = '4 GB',
        developer = 'Topaz Labs',
        activation = 'В комплекте',
        compatibility = 'macOS 10.14及以上版本',
        architecture = 'ARMx86 (64-bit)',
        published_date = '2023/11/21',
        releaseDate = '',
        note = '',
        views = '40790',
        link = 'https://anonim.xyz/go/https://www.topazlabs.com/topaz-photo-ai',
        detail_version = '2.1.2',
        banner = '["https://appstorrent.ru/uploads/posts/2023-02/1677513529_topaz-photo-ai-hero.webp","https://appstorrent.ru/uploads/posts/2023-02/1677513532_topaz-photo-ai-no-raw-thumbnails.webp","https://appstorrent.ru/uploads/posts/2023-02/1677513528_topaz-photo-ai-face-selection-dialog.webp","https://appstorrent.ru/uploads/posts/2023-02/1677513533_topaz-photo-ai-output-dialog.webp"]'
    WHERE
        id = 63.0
    ;

  UPDATE tabs
  SET
    content = '
<p>Примечания к выпуску доступны на официальном сайте <a href="https://anonim.xyz/go/https://community.topazlabs.com/c/photo-ai/photo-ai-releases/85" target="_blank" rel="noopener external noreferrer">topazlabs.com</a></p>
',
    content_local = '
<p>发行说明可在官方网站上找到 <a href="https://anonim.xyz/go/https://community.topazlabs.com/c/photo-ai/photo-ai-releases/85" target="_blank" rel="noopener external noreferrer">topazlabs.com</a></p>
'
  WHERE
    app_id = 63.0 AND title = 'Что нового'
;

  UPDATE download_info
  SET
    content_local = '<p>启动下载的图像并将应用程序拖到“应用程序”文件夹快捷方式中。<br>复制完成后，可以通过 Launchpad 启动应用程序。</p>',
    content = '<p>Запустите скачанный образ и перетащите приложение в ярлык папки Программы (Applications).<br>После завершения копирования, приложение можно запустить через Launchpad.</p>'
  WHERE
    app_id = 63.0
;

      INSERT OR REPLACE INTO download_links (app_id, title, href, title_local, version)
      VALUES (63.0, 'Скачать с MediaFire', 'https://www.mediafire.com/file/3ras2sx43a39oie/Topaz_Photo_AI_v2.1.2.dmg/file', '下载 MediaFire', '2.1.2')
  ;

    INSERT INTO older_versions (app_id, title, url, title_local)
    VALUES (63.0, 'Topaz Photo AI 2.1.1 для macOS 10.14 и новее', 'https://vk.com/doc781359414_672186824', 'Topaz Photo AI 2.1.1 适用于 macOS 10.14 及以上版本')
;

    INSERT INTO older_versions (app_id, title, url, title_local)
    VALUES (63.0, 'Topaz Photo AI 2.0.7 для macOS 10.14 и новее', 'https://vk.com/doc781359414_672070451', 'Topaz Photo AI 2.0.7 适用于 macOS 10.14 及以上版本')
;

    INSERT INTO older_versions (app_id, title, url, title_local)
    VALUES (63.0, 'Topaz Photo AI 2.0.6 для macOS 10.14 и новее', 'https://vk.com/doc249553273_669065548', 'Topaz Photo AI 2.0.6 适用于 macOS 10.14 及以上版本')
;

    INSERT INTO older_versions (app_id, title, url, title_local)
    VALUES (63.0, 'Topaz Photo AI 2.0.5 для macOS 10.14 и новее', 'https://vk.com/doc781359414_671289098', 'Topaz Photo AI 2.0.5 适用于 macOS 10.14 及以上版本')
;

    INSERT INTO older_versions (app_id, title, url, title_local)
    VALUES (63.0, 'Topaz Photo AI 2.0.2 для macOS 10.14 и новее', 'https://vk.com/s/v1/doc/J9cswstNElP67ABJQ9t96cRUvobc51WC_PtIjxYV2Alf3zcv_p8', 'Topaz Photo AI 2.0.2 适用于 macOS 10.14 及以上版本')
;

    INSERT INTO older_versions (app_id, title, url, title_local)
    VALUES (63.0, 'Topaz Photo AI 2.0 для macOS 10.14 и новее', 'https://vk.com/s/v1/doc/w8p-U6ket4Tpxd__no_0x-Md-qeC1Ut_jQt8hcVgbweBiMfOKgA', 'Topaz Photo AI 2.0 适用于 macOS 10.14 及以上版本')
;

    UPDATE app
    SET
        name = 'Perfectly Clear WorkBench',
        bg_image = 'https://appstorrent.ru/templates/appstorrent-4ac2e09b1a/assets/img/bg.webp',
        icon = 'https://appstorrent.ru/uploads/posts/2023-07/1688917516_icon.webp',
        version = '4.6.0.2617',
        description = 'Коррекция изображений',
        description_local = '图像校正',
        detail_url = 'https://appstorrent.ru/1254-perfectly-clear-workbench.html',
        file_size = '197 MB',
        developer = 'Athentech',
        activation = 'K''ed by TNT team',
        compatibility = 'macOS 10.15及以上版本',
        architecture = 'x86 (64-bit)',
        published_date = '2023/11/22',
        releaseDate = '',
        note = '',
        views = '36839',
        link = 'https://anonim.xyz/go/https://eyeq.photos/business/ai-photo-editor/',
        detail_version = '4.6.0.2617',
        banner = '["https://appstorrent.ru/uploads/posts/2022-12/1655207597_1.jpg","https://appstorrent.ru/uploads/posts/2022-06/1655207598_2.jpg","https://appstorrent.ru/uploads/posts/2022-06/1655207598_3.jpg","https://appstorrent.ru/uploads/posts/2022-06/1655207599_4.jpg"]'
    WHERE
        id = 71.0
    ;

  UPDATE download_info
  SET
    content_local = '<p>挂载镜像并启动 Open Gatekeeper friendly。</p>
<p>在终端窗口中按 Enter 键绕过 Gatekeeper。</p>
<p>将应用程序拖到“应用程序”文件夹中。</p>
<p>该应用程序已准备好使用。</p>',
    content = '<p>Смонтируйте образ и запустите Open Gatekeeper friendly.</p>
<p>Нажмите Enter для обхода Gatekeeper в окне Терминал.</p>
<p>Перетащите приложение в папку Программы (Applications).</p>
<p>Приложение готово к использованию.</p>'
  WHERE
    app_id = 71.0
;

      INSERT OR REPLACE INTO download_links (app_id, title, href, title_local, version)
      VALUES (71.0, 'Прямая ссылка на скачивание', 'https://vk.com/doc781359414_672875864', '直接链接下载安装程序', '4.6.0.2617')
  ;

    UPDATE app
    SET
        name = 'Permute 3',
        bg_image = 'https://appstorrent.ru/templates/appstorrent-4ac2e09b1a/assets/img/bg.webp',
        icon = 'https://appstorrent.ru/uploads/posts/2022-12/1672395833_icon.webp',
        version = '3.11.2',
        description = 'Конвертер',
        description_local = '转换器',
        detail_url = 'https://appstorrent.ru/184-permute.html',
        file_size = '76 MB',
        developer = 'Charlie Monroe Software',
        activation = 'K''ed by TNT team',
        compatibility = 'macOS 10.12及以上版本',
        architecture = 'x86 (64-bit)',
        published_date = '2023/11/20',
        releaseDate = '',
        note = '',
        views = '157562',
        link = 'https://anonim.xyz/go/https://software.charliemonroe.net/permute/',
        detail_version = '3.11.2',
        banner = '["https://appstorrent.ru/uploads/posts/2022-12/1670154688_1.jpeg","https://appstorrent.ru/uploads/posts/2022-12/1670154689_2.jpeg","https://appstorrent.ru/uploads/posts/2022-12/1670154689_3.jpeg","https://appstorrent.ru/uploads/posts/2022-12/1670154689_4.jpeg"]'
    WHERE
        id = 99.0
    ;

  UPDATE download_info
  SET
    content_local = '<p>挂载镜像并启动 Open Gatekeeper friendly。</p>
<p>在终端窗口中按 Enter 键绕过 Gatekeeper。</p>
<p>将应用程序拖到“应用程序”文件夹中。</p>
<p>该应用程序已准备好使用。</p>',
    content = '<p>Смонтируйте образ и запустите&nbsp;Open Gatekeeper friendly.</p>
<p>Нажмите Enter для обхода Gatekeeper в окне Терминал.</p>
<p>Перетащите приложение в папку Программы (Applications).</p>
<p>Приложение готово к использованию.</p>'
  WHERE
    app_id = 99.0
;

      INSERT OR REPLACE INTO download_links (app_id, title, href, title_local, version)
      VALUES (99.0, 'Прямая ссылка на скачивание', 'https://vk.com/doc781359414_672795943', '直接链接下载安装程序', '3.11.2')
  ;

    UPDATE app
    SET
        name = 'Blocs',
        bg_image = 'https://appstorrent.ru/uploads/posts/2022-12/1670943117_bg.webp',
        icon = 'https://appstorrent.ru/uploads/posts/2023-10/1698167489_icon.webp',
        version = '5.1.5',
        description = 'Конструктор сайтов',
        description_local = '网站建设者',
        detail_url = 'https://appstorrent.ru/392-blocs.html',
        file_size = '62 MB',
        developer = 'Cazoobi Limited',
        activation = 'K''ed by TNT team',
        compatibility = 'macOS 10.15及以上版本',
        architecture = 'x86 (64-bit)',
        published_date = '2023/11/21',
        releaseDate = '',
        note = '',
        views = '86425',
        link = 'https://anonim.xyz/go/https://blocsapp.com/index.html',
        detail_version = '5.1.5',
        banner = '["https://appstorrent.ru/uploads/posts/2022-12/1670156315_1.webp","https://appstorrent.ru/uploads/posts/2022-12/1670156315_2.webp","https://appstorrent.ru/uploads/posts/2022-12/1670156316_3.webp","https://appstorrent.ru/uploads/posts/2022-12/1670156317_4.webp"]'
    WHERE
        id = 104.0
    ;

  UPDATE download_info
  SET
    content_local = '<p>挂载镜像并启动 Open Gatekeeper friendly。</p>
<p>在终端窗口中按 Enter 键绕过 Gatekeeper。</p>
<p>将应用程序拖到“应用程序”文件夹中。</p>
<p>该应用程序已准备好使用。</p>',
    content = '<p>Смонтируйте образ и запустите&nbsp;Open Gatekeeper friendly.</p>
<p>Нажмите Enter для обхода Gatekeeper в окне Терминал.</p>
<p>Перетащите приложение в папку Программы (Applications).</p>
<p>Приложение готово к использованию.</p>'
  WHERE
    app_id = 104.0
;

      INSERT OR REPLACE INTO download_links (app_id, title, href, title_local, version)
      VALUES (104.0, 'Прямая ссылка на скачивание', 'https://vk.com/doc781359414_672849751', '直接链接下载安装程序', '5.1.5')
  ;

    UPDATE app
    SET
        name = 'BetterMouse',
        bg_image = 'https://appstorrent.ru/templates/appstorrent-4ac2e09b1a/assets/img/bg.webp',
        icon = 'https://appstorrent.ru/uploads/posts/2023-02/1675672175_12.webp',
        version = '1.5 (4230)',
        description = 'Функциональность мыши',
        description_local = '鼠标功能',
        detail_url = 'https://appstorrent.ru/2152-bettermouse.html',
        file_size = '6 MB',
        developer = 'BetterMouseApp',
        activation = 'K''ed by TNT team',
        compatibility = 'macOS 11及以上版本',
        architecture = 'ARMx86 (64-bit)',
        published_date = '2023/11/23',
        releaseDate = '',
        note = '',
        views = '57103',
        link = 'https://anonim.xyz/go/https://better-mouse.com/',
        detail_version = '1.5 (4230)',
        banner = '["https://appstorrent.ru/uploads/posts/2023-02/1675672128_112.webp","https://appstorrent.ru/uploads/posts/2023-02/1675672127_11.webp"]'
    WHERE
        id = 109.0
    ;

  UPDATE download_info
  SET
    content_local = '<p>挂载镜像并启动 Open Gatekeeper friendly。</p>
<p>在终端窗口中按 Enter 键绕过 Gatekeeper。</p>
<p>将应用程序拖到“应用程序”文件夹中。</p>
<p>该应用程序已准备好使用。</p>',
    content = '<p>Смонтируйте образ и запустите Open Gatekeeper friendly.</p>
<p>Нажмите Enter для обхода Gatekeeper в окне Терминал.</p>
<p>Перетащите приложение в папку Программы (Applications).</p>
<p>Приложение готово к использованию.</p>'
  WHERE
    app_id = 109.0
;

      INSERT OR REPLACE INTO download_links (app_id, title, href, title_local, version)
      VALUES (109.0, 'Прямая ссылка на скачивание', 'https://vk.com/doc781359414_672921356', '直接链接下载安装程序', '1.5 (4230)')
  ;

    UPDATE app
    SET
        name = 'GrandTotal',
        bg_image = 'https://appstorrent.ru/templates/appstorrent-4ac2e09b1a/assets/img/bg.webp',
        icon = 'https://appstorrent.ru/uploads/posts/2022-12/1670944214_icon.webp',
        version = '8.2.0',
        description = 'Бизнес',
        description_local = '商业',
        detail_url = 'https://appstorrent.ru/438-grandtotal.html',
        file_size = '49 MB',
        developer = 'Media Atelier',
        activation = 'K''ed by TNT team',
        compatibility = 'macOS 10.13及以上版本',
        architecture = 'ARMx86 (64-bit)',
        published_date = '2023/11/26',
        releaseDate = '',
        note = '',
        views = '62611',
        link = 'https://anonim.xyz/go/https://www.mediaatelier.com/GrandTotal7/',
        detail_version = '8.2.0',
        banner = '["https://appstorrent.ru/uploads/posts/2022-12/1670748587_1.webp","https://appstorrent.ru/uploads/posts/2022-12/1670748587_3.webp","https://appstorrent.ru/uploads/posts/2022-12/1670748588_4.webp","https://appstorrent.ru/uploads/posts/2022-12/1670748589_2.webp"]'
    WHERE
        id = 133.0
    ;

  UPDATE download_info
  SET
    content_local = '<p>挂载镜像并启动 Open Gatekeeper friendly。</p>
<p>在终端窗口中按 Enter 键绕过 Gatekeeper。</p>
<p>将应用程序拖到“应用程序”文件夹中。</p>
<p>该应用程序已准备好使用。</p>',
    content = '<p>Смонтируйте образ и запустите Open Gatekeeper friendly.</p>
<p>Нажмите Enter для обхода Gatekeeper в окне Терминал.</p>
<p>Перетащите приложение в папку Программы (Applications).</p>
<p>Приложение готово к использованию.</p>'
  WHERE
    app_id = 133.0
;

      INSERT OR REPLACE INTO download_links (app_id, title, href, title_local, version)
      VALUES (133.0, 'Прямая ссылка на скачивание', 'https://vk.com/doc781359414_673020943', '直接链接下载安装程序', '8.2.0')
  ;

    UPDATE app
    SET
        name = 'Keep It',
        bg_image = 'https://appstorrent.ru/templates/appstorrent-4ac2e09b1a/assets/img/bg.webp',
        icon = 'https://appstorrent.ru/uploads/posts/2022-12/1670944503_icon.webp',
        version = '2.3.4',
        description = 'Органайзер',
        description_local = '组织者',
        detail_url = 'https://appstorrent.ru/1536-keep-it.html',
        file_size = '32 MB',
        developer = 'Reinvented Software',
        activation = 'K''ed by TNT team',
        compatibility = 'macOS 11.3及以上版本',
        architecture = 'ARMx86 (64-bit)',
        published_date = '2023/11/22',
        releaseDate = '',
        note = '',
        views = '36257',
        link = 'https://anonim.xyz/go/https://reinventedsoftware.com/keepit/',
        detail_version = '2.3.4',
        banner = '["https://appstorrent.ru/uploads/posts/2023-03/1678607098_1.webp","https://appstorrent.ru/uploads/posts/2023-03/1678607098_2.webp","https://appstorrent.ru/uploads/posts/2023-03/1678607098_3.webp","https://appstorrent.ru/uploads/posts/2023-03/1678607099_4.webp"]'
    WHERE
        id = 139.0
    ;

  UPDATE tabs
  SET
    content = '
<p>Keep It — это записная книжка, альбом для вырезок и органайзер, идеально подходящий для написания заметок, хранения веб-ссылок, хранения документов, изображений или любых файлов и их повторного поиска. Приложение Keep It, доступное на Mac и в виде отдельного приложения для iPhone и iPad , предназначено для всех тех вещей, которые вы хотите куда-то положить, будучи уверенными, что вы снова найдете их позже.</p>
<p><br></p>
<p>Сделать заметки</p>
<p>Создавайте заметки со встроенными стилями, которые хорошо выглядят и хорошо читаются на всех ваших устройствах. Заметки могут содержать контрольные списки, маркированные и нумерованные списки, ссылки, разделители, изображения и другие вложения.</p>
<p><br></p>
<p>Добавить что-нибудь</p>
<p>Любой файл можно добавить в Keep It напрямую, сохранить в одной из его папок в Finder или создать из канцелярских принадлежностей и открыть для редактирования в других приложениях. Любой элемент может быть зашифрован паролем.</p>
<p><br></p>
<p>Сохранить веб-ссылки</p>
<p>Сохраняйте веб-ссылки в Keep It, просматривайте их в приложении, открывайте в браузере, сохраняйте в виде PDF-файлов или веб-архивов для чтения в автономном режиме или конвертируйте в редактируемые заметки.</p>
<p><br></p>
<p>Предварительный просмотр и редактирование</p>
<p>Keep It может редактировать свои собственные заметки, форматированный текст, обычный текст и файлы Markdown, добавлять выделения и заметки в PDF-файлы, а также отображать предварительный просмотр изображений, веб-страниц и большинства других документов.</p>
<p><br></p>
<p>Везде</p>
<p>Keep It может хранить все данные в iCloud и делать их доступными на всех ваших компьютерах Mac, а также на iPad и iPhone с помощью Keep It для iPad и iPhone.</p>
<p><br></p>
<p>Делитесь папками и элементами</p>
<p>Keep it может делиться папками верхнего уровня и отдельными элементами с другими пользователями Keep It через iCloud. Участники увидят все изменения автоматически.</p>
<p><br></p>
<p>Компактный режим</p>
<p>В компактном режиме Keep It for Mac становится отдельной колонкой, идеально подходящей для использования вместе с другими приложениями или на разделенном экране.</p>
<p><br></p>
<p>Интеграция с поиском</p>
<p>Keep It хранит все, что вы добавляете, в виде файлов, папок и тегов, которые вы видите в Finder. Благодаря интеграции с Finder вы можете добавлять, переименовывать, перемещать и удалять файлы и папки в Finder и видеть изменения, отраженные в Keep It.</p>
<p><br></p>
<p>Работает с другими приложениями</p>
<p>В Keep It можно перетащить практически все, что угодно, и вы также можете добавлять вещи из различных приложений с расширением Keep It''s Share.</p>
<p><br></p>
<p>Системная интеграция</p>
<p>Файлы, которые вы добавляете в Keep It, можно искать с помощью Spotlight, создавать резервные копии с помощью Time Machine и открывать в любом подходящем приложении для редактирования. Задачи в Keep It можно автоматизировать с помощью AppleScript и приложения «Быстрые команды».</p>
<p><br></p>
<p>Папки</p>
<p>Папки позволяют организовать элементы и пакеты иерархически, когда это необходимо. Выберите папку, чтобы увидеть все, что в ней содержится, дважды щелкните, чтобы сфокусировать боковую панель на этой папке.</p>
<p><br></p>
<p>Этикетки</p>
<p>Используйте ярлыки для цветового кодирования элементов для быстрого визуального распознавания. Ярлыки перечислены на боковой панели, поэтому вы можете быстро увидеть все с определенным ярлыком.</p>
<p><br></p>
<p>Пакеты</p>
<p>Когда вам нужно собрать вещи в одно место, сделайте связку. Элементы могут быть в нескольких пакетах одновременно, и когда вы удаляете набор, все остальное остается на месте.</p>
<p><br></p>
<p>Больше списков</p>
<p>Используйте список «Недавние», чтобы увидеть, что вы добавили или просмотрели в последнее время, причем последние отображаются вверху. Избранное обеспечивает быстрый доступ. Удаленные элементы автоматически удаляются через 30 дней.</p>
<p><br></p>
<p>Поиск и фильтрация</p>
<p>Поиск</p>
<p>Keep It может искать содержимое большинства файлов и распознавать текст в отсканированных PDF-файлах и изображениях. Во время поиска предложения появляются по мере ввода, что позволяет вам сузить результаты до того, что вам нужно. Сохраните результаты поиска для последующего повторного использования.</p>
<p><br></p>
<p>Фильтр тегов</p>
<p>Keep It''s Tag Filter упрощает поиск вещей по тегам и работает с поиском и выбранным списком. Выберите тег, чтобы увидеть все отмеченные элементы и любые другие соответствующие теги; выберите другой тег для дальнейшей детализации.</p>
',
    content_local = '
<p>Keep It 是一款笔记本、剪贴簿和整理器，非常适合书写笔记、存储网络链接、存储文档、图片或任何文件并检索它们。 Keep It 可在 Mac 上使用，也可作为 iPhone 和 iPad 上的独立应用程序使用，适用于您想要放置在某处的所有物品，并相信您以后会再次找到它们。</p>
<p><br></p>
<p>做笔记</p>
<p>使用内置样式创建笔记，这些样式在您的所有设备上看起来都很好并且易于阅读。 注释可以包含清单、项目符号列表和编号列表、链接、分隔符、图像和其他附件。</p>
<p><br></p>
<p>添点什么</p>
<p>任何文件都可以直接添加到 Keep It，保存在 Finder 中的某个文件夹中，或者从办公用品创建并打开以在其他应用程序中进行编辑。 任何元素都可以使用密码加密。</p>
<p><br></p>
<p>保存网页链接</p>
<p>在 Keep It 中保存网络链接，在应用程序中查看它们，在浏览器中打开它们，将它们另存为 PDF 或网络存档以供离线阅读，或将它们转换为可编辑的笔记。</p>
<p><br></p>
<p>预览和编辑</p>
<p>Keep It 可以编辑您自己的注释、富文本、纯文本和 Markdown 文件，向 PDF 添加突出显示和注释，以及显示图像、网页和大多数其他文档的预览。</p>
<p><br></p>
<p>到处</p>
<p>Keep It 可以将您的所有数据存储在 iCloud 中，并通过适用于 iPad 和 iPhone 的 Keep It 在您的所有 Mac 以及 iPad 和 iPhone 上提供这些数据。</p>
<p><br></p>
<p>共享文件夹和项目</p>
<p>Keep it 可以通过 iCloud 与其他 Keep It 用户共享顶级文件夹和单个项目。 参与者将自动看到所有更改。</p>
<p><br></p>
<p>紧凑模式</p>
<p>在紧凑模式下，Keep It for Mac 成为独立扬声器，非常适合与其他应用程序一起使用或在分屏上使用。</p>
<p><br></p>
<p>搜索整合</p>
<p>Keep It 存储您添加为在 Finder 中看到的文件、文件夹和标签的所有内容。 通过 Finder 集成，您可以在 Finder 中添加、重命名、移动和删除文件和文件夹，并查看 Keep It 中反映的更改。</p>
<p><br></p>
<p>与其他应用程序配合使用</p>
<p>您可以将几乎所有内容拖放到 Keep It 中，还可以使用 Keep It 的共享扩展从各种应用程序添加内容。</p>
<p><br></p>
<p>系统集成</p>
<p>您添加到 Keep It 的文件可以使用 Spotlight 进行搜索，使用 Time Machine 进行备份，并在任何合适的编辑应用程序中打开。 Keep It 中的任务可以使用 AppleScript 和快捷方式应用程序实现自动化。</p>
<p><br></p>
<p>文件夹</p>
<p>文件夹允许您在需要时分层组织项目和包。 选择一个文件夹以查看其中包含的所有内容，双击将侧边栏聚焦在该文件夹上。</p>
<p><br></p>
<p>标签</p>
<p>使用标签对项目进行颜色编码，以便快速视觉识别。 快捷方式列在侧边栏中，以便您可以通过特定快捷方式快速查看所有内容。</p>
<p><br></p>
<p>套餐</p>
<p>当您需要将东西放在一个地方时，请打包。 项目可以同时位于多个包中，当您删除一组时，其他所有内容都保持不变。</p>
<p><br></p>
<p>更多房源</p>
<p>使用“最近”列表可查看您最近添加或查看的内容，最新内容显示在顶部。 收藏夹提供快速访问。 已删除的项目将在 30 天后自动删除。</p>
<p><br></p>
<p>搜索和过滤</p>
<p>搜索</p>
<p>Keep It 可以搜索大多数文件的内容并识别扫描的 PDF 和图像中的文本。 当您搜索时，建议会在您键入时出现，使您可以将结果范围缩小到您需要的范围。 保存您的搜索结果以供以后重复使用。</p>
<p><br></p>
<p>标签过滤器</p>
<p>Keep It 的标签过滤器可以轻松地按标签查找内容，并可与搜索和选定列表配合使用。 选择一个标签以查看所有标记的项目和任何其他匹配的标签； 选择不同的标签以获取更多详细信息。</p>
'
  WHERE
    app_id = 139.0 AND title = 'Описание'
;

  UPDATE download_info
  SET
    content_local = '<p>挂载镜像并启动 Open Gatekeeper friendly。</p>
<p>在终端窗口中按 Enter 键绕过 Gatekeeper。</p>
<p>将应用程序拖到“应用程序”文件夹中。</p>
<p><span style="color:rgb(251,160,38);">注意力！ 必须禁用 SIP。&nbsp;</span><span style="color:rgb(13,132,251);"><a href="/510-sip.html" target="_blank">更多细节</a> &gt;</span></p>',
    content = '<p>Смонтируйте образ и запустите&nbsp;Open Gatekeeper friendly.</p>
<p>Нажмите Enter для обхода Gatekeeper в окне Терминал.</p>
<p>Перетащите приложение в папку Программы (Applications).</p>
<p><span style="color:rgb(251,160,38);">ВНИМАНИЕ! Требуется отключение SIP.&nbsp;</span><span style="color:rgb(13,132,251);"><a href="/510-sip.html" target="_blank">Подробнее</a> &gt;</span></p>'
  WHERE
    app_id = 139.0
;

      INSERT OR REPLACE INTO download_links (app_id, title, href, title_local, version)
      VALUES (139.0, 'Прямая ссылка на скачивание', 'https://vk.com/doc781359414_672875889', '直接链接下载安装程序', '2.3.4')
  ;

    UPDATE app
    SET
        name = 'Master of Typing 3',
        bg_image = 'https://appstorrent.ru/uploads/posts/2022-12/1670244834_bg.webp',
        icon = 'https://appstorrent.ru/uploads/posts/2022-12/1670244892_icon.png',
        version = '3.13.25 [MAS]',
        description = 'Слепая Печать',
        description_local = '盲打',
        detail_url = 'https://appstorrent.ru/866-master-of-typing-3.html',
        file_size = '120 MB',
        developer = 'Improvision',
        activation = 'K''ed by TNT team',
        compatibility = 'macOS 10.13及以上版本',
        architecture = 'x86 (64-bit)',
        published_date = '2023/11/24',
        releaseDate = '',
        note = '',
        views = '36611',
        link = 'https://anonim.xyz/go/https://apps.apple.com/ru/app/master-of-typing-3-practice/id1116003635?mt=12',
        detail_version = '3.13.25 [MAS]',
        banner = '["https://appstorrent.ru/uploads/posts/2022-12/1645251559_1.jpg","https://appstorrent.ru/uploads/posts/2022-02/1645251560_2.jpg","https://appstorrent.ru/uploads/posts/2022-02/1645251560_3.jpg","https://appstorrent.ru/uploads/posts/2022-02/1645251561_4.jpg"]'
    WHERE
        id = 141.0
    ;

  UPDATE tabs
  SET
    content = '
<p>Привет, ребята, мы вернулись с очередным обновлением! Спасибо за ваши отзывы. Чтобы сделать приложение лучше, мы внесли некоторые изменения.</p>
<p>&gt; Добавили распознавание диакритических знаков</p>
<p>&gt; Исправили баг со сбросом набора текста</p>
',
    content_local = '
<p>嘿伙计们，我们带着另一个更新回来了！ 感谢您的反馈意见。 为了使应用程序更好，我们做了一些更改。</p>
<p>&gt; Добавили распознавание диакритических знаков</p>
<p>&gt; Исправили баг со сбросом набора текста</p>
'
  WHERE
    app_id = 141.0 AND title = 'Что нового'
;

  UPDATE download_info
  SET
    content_local = '<p>挂载镜像并启动 Open Gatekeeper friendly。</p>
<p>在终端窗口中按 Enter 键绕过 Gatekeeper。</p>
<p>将应用程序拖到“应用程序”文件夹中。</p>
<p>该应用程序已准备好使用。</p>',
    content = '<p>Смонтируйте образ и запустите&nbsp;Open Gatekeeper friendly.</p>
<p>Нажмите Enter для обхода Gatekeeper в окне Терминал.</p>
<p>Перетащите приложение в папку Программы (Applications).</p>
<p>Приложение готово к использованию.</p>'
  WHERE
    app_id = 141.0
;

      INSERT OR REPLACE INTO download_links (app_id, title, href, title_local, version)
      VALUES (141.0, 'Прямая ссылка на скачивание', 'https://vk.com/doc781359414_672967662', '直接链接下载安装程序', '3.13.25 [MAS]')
  ;

    UPDATE app
    SET
        name = 'Modern CSV',
        bg_image = 'https://appstorrent.ru/templates/appstorrent-4ac2e09b1a/assets/img/bg.webp',
        icon = 'https://appstorrent.ru/uploads/posts/2023-08/ayvavy.webp',
        version = '2.0.4',
        description = 'Редактирование таблиц',
        description_local = '编辑表格',
        detail_url = 'https://appstorrent.ru/2512-modern-csv.html',
        file_size = '25 MB',
        developer = 'Modern CSV',
        activation = 'В комплекте',
        compatibility = '',
        architecture = 'ARMx86 (64-bit)',
        published_date = '2023/11/18',
        releaseDate = '',
        note = '',
        views = '2845',
        link = 'https://anonim.xyz/go/https://www.moderncsv.com/',
        detail_version = '2.0.4',
        banner = '["https://appstorrent.ru/uploads/posts/2023-08/1692966537_1avy.webp"]'
    WHERE
        id = 142.0
    ;

  UPDATE download_info
  SET
    content_local = '<p>启动下载的图像并将应用程序拖到“应用程序”文件夹快捷方式中。<br>复制完成后，可以通过 Launchpad 启动应用程序。<br><br></p>
<p>要激活，请使用注册机。</p>',
    content = '<p>Запустите скачанный образ и перетащите приложение в ярлык папки Программы (Applications).<br>После завершения копирования, приложение можно запустить через Launchpad.<br><br></p>
<p>Для активации используйте Keygen.</p>'
  WHERE
    app_id = 142.0
;

      INSERT OR REPLACE INTO download_links (app_id, title, href, title_local, version)
      VALUES (142.0, 'Прямая ссылка на скачивание', 'https://vk.com/doc781359414_672704043', '直接链接下载安装程序', '2.0.4')
  ;

    INSERT INTO older_versions (app_id, title, url, title_local)
    VALUES (142.0, 'Modern CSV 2.0.1', 'https://vk.com/s/v1/doc/uCNEBWcTLi9H2w5cJsS1veW4U7RQQaWlSEZdY3TN-s5Q2c58BdI', '现代CSV 2.0.1')
;

    UPDATE app
    SET
        name = 'WonderPen',
        bg_image = 'https://appstorrent.ru/templates/appstorrent-4ac2e09b1a/assets/img/bg.webp',
        icon = 'https://appstorrent.ru/uploads/posts/2023-01/1673090244_icon.webp',
        version = '2.4.0 [MAS]',
        description = 'Производительность',
        description_local = '表现',
        detail_url = 'https://appstorrent.ru/805-wonderpen.html',
        file_size = '174 MB',
        developer = 'Yingjie Wu',
        activation = 'K''ed by TNT team',
        compatibility = 'OS X 10.11及以上版本',
        architecture = 'ARMx86 (64-bit)',
        published_date = '2023/11/22',
        releaseDate = '',
        note = '',
        views = '35094',
        link = 'https://anonim.xyz/go/https://www.atominn.com/wonderpen',
        detail_version = '2.4.0 [MAS]',
        banner = '["https://appstorrent.ru/uploads/posts/2022-12/1641745246_1.jpg","https://appstorrent.ru/uploads/posts/2022-01/1641745246_2.jpg","https://appstorrent.ru/uploads/posts/2022-01/1641745246_3.jpg","https://appstorrent.ru/uploads/posts/2022-01/1641745247_4.jpg"]'
    WHERE
        id = 161.0
    ;

  UPDATE tabs
  SET
    content = '
<p>WonderPen — это профессиональное приложение для писателей. Приложение использует древовидный каталог для организации документов, поэтому он идеально подходит для длинного письма. Вы можете завершить работу сверху вниз или организовать схему письма в каталоге, а затем заполнять его один за другим. Каталоги можно легко настроить для отступа или перетаскивания для сортировки.</p>
<p><br></p>
<p>В процессе написания вам может понадобиться добавить некоторые заметки, но вы не хотите, чтобы они отображались в окончательном выводе документа.В этом случае вы можете поместить эти заметки в столбец «Заметки» справа.</p>
<p><br></p>
<p>WonderPen поддерживает экспорт в несколько форматов, включая изображения (PNG), PDF, Word, текст, веб-страницы и другие.</p>
<p><br></p>
<p>При экспорте вы можете экспортировать только текущий выбранный узел или его дочерние узлы.</p>
',
    content_local = '
<p>WonderPen 是一款专业的作家应用程序。 该应用程序使用树视图来组织文档，因此非常适合长电子邮件。 您可以从上到下完成工作，也可以将信件大纲整理在目录中，然后逐一填写。 目录可以轻松配置为缩进或拖动进行排序。</p>
<p><br></p>
<p>在编写时，您可能需要添加一些注释，但又不希望它们出现在最终的文档输出中，这种情况下，您可以将这些注释放在右侧的“注释”栏中。</p>
<p><br></p>
<p>WonderPen 支持导出为多种格式，包括图像 (PNG)、PDF、Word、文本、网页等。</p>
<p><br></p>
<p>导出时，只能导出当前选中的节点或其子节点。</p>
'
  WHERE
    app_id = 161.0 AND title = 'Описание'
;

  UPDATE tabs
  SET
    content = '
<p>- Added account system and cloud synchronization support</p>
<p>- Library supports partial export and import</p>
<p>- Records in the recent library list can be pinned</p>
<p>- Many details improvements and adjustments</p>
',
    content_local = '
<p>- 新增账户系统和云同步支持</p>
<p>- 库支持部分导出和导入</p>
<p>- 可以固定最近图书馆列表中的记录</p>
<p>- 诸多细节改进和调整</p>
'
  WHERE
    app_id = 161.0 AND title = 'Что нового'
;

  UPDATE download_info
  SET
    content_local = '<p>挂载镜像并启动 Open Gatekeeper friendly。</p>
<p>在终端窗口中按 Enter 键绕过 Gatekeeper。</p>
<p>将应用程序拖到“应用程序”文件夹中。</p>
<p>该应用程序已准备好使用。</p>',
    content = '<p>Смонтируйте образ и запустите Open Gatekeeper friendly.</p>
<p>Нажмите Enter для обхода Gatekeeper в окне Терминал.</p>
<p>Перетащите приложение в папку Программы (Applications).</p>
<p>Приложение готово к использованию.</p>'
  WHERE
    app_id = 161.0
;

      INSERT OR REPLACE INTO download_links (app_id, title, href, title_local, version)
      VALUES (161.0, 'Прямая ссылка на скачивание', 'https://vk.com/doc781359414_672868176', '直接链接下载安装程序', '2.4.0 [MAS]')
  ;

    UPDATE app
    SET
        name = 'PullTube',
        bg_image = 'https://appstorrent.ru/templates/appstorrent-4ac2e09b1a/assets/img/bg.webp',
        icon = 'https://appstorrent.ru/uploads/posts/2022-12/1671472110_icon.webp',
        version = '1.8.5.20',
        description = 'Загрузчик видео',
        description_local = '视频下载器',
        detail_url = 'https://appstorrent.ru/1270-pulltube.html',
        file_size = '119 MB',
        developer = 'MyMixApps',
        activation = 'K''ed by TNT team',
        compatibility = 'macOS 10.12及以上版本',
        architecture = 'ARMx86 (64-bit)',
        published_date = '2023/11/22',
        releaseDate = '',
        note = '',
        views = '46101',
        link = 'https://anonim.xyz/go/https://mymixapps.com/pulltube',
        detail_version = '1.8.5.20',
        banner = '["https://appstorrent.ru/uploads/posts/2022-12/1655729981_1.jpg","https://appstorrent.ru/uploads/posts/2022-06/1655729982_2.jpg","https://appstorrent.ru/uploads/posts/2022-06/1655729983_3.jpg","https://appstorrent.ru/uploads/posts/2022-06/1655729983_4.jpg"]'
    WHERE
        id = 163.0
    ;

  UPDATE download_info
  SET
    content_local = '<p>挂载镜像并启动 Open Gatekeeper friendly。</p>
<p>在终端窗口中按 Enter 键绕过 Gatekeeper。</p>
<p>将应用程序拖到“应用程序”文件夹中。</p>
<p>该应用程序已准备好使用。</p>',
    content = '<p>Смонтируйте образ и запустите Open Gatekeeper friendly.</p>
<p>Нажмите Enter для обхода Gatekeeper в окне Терминал.</p>
<p>Перетащите приложение в папку Программы (Applications).</p>
<p>Приложение готово к использованию.</p>'
  WHERE
    app_id = 163.0
;

      INSERT OR REPLACE INTO download_links (app_id, title, href, title_local, version)
      VALUES (163.0, 'Прямая ссылка на скачивание', 'https://vk.com/doc781359414_672886949', '直接链接下载安装程序', '1.8.5.20')
  ;

    UPDATE app
    SET
        name = 'Sublime Text',
        bg_image = 'https://appstorrent.ru/uploads/posts/2020-11/1606482029_sublime-text.jpg',
        icon = 'https://appstorrent.ru/uploads/posts/2022-12/1671017890_icon.webp',
        version = '4.0 Build 4169',
        description = 'Программирование',
        description_local = '编程',
        detail_url = 'https://appstorrent.ru/132-sublimetext.html',
        file_size = '43 MB',
        developer = 'Jon Skinner',
        activation = 'K''ed by TNT team',
        compatibility = 'OS X 10.9及以上版本',
        architecture = 'ARMx86 (64-bit)',
        published_date = '2023/11/24',
        releaseDate = '',
        note = '',
        views = '156258',
        link = 'https://anonim.xyz/go/https://www.sublimetext.com/',
        detail_version = '4.0 Build 4169',
        banner = '["https://appstorrent.ru/uploads/posts/2022-12/1671017987_1.webp","https://appstorrent.ru/uploads/posts/2022-12/1671017987_2.webp","https://appstorrent.ru/uploads/posts/2022-12/1671017987_3.webp","https://appstorrent.ru/uploads/posts/2022-12/1671017988_4.webp"]'
    WHERE
        id = 180.0
    ;

  UPDATE tabs
  SET
    content = '
<p>Sublime Text поддерживает большое количество&nbsp;языков программирования и имеет возможность подсветки синтаксиса для C, C++, C#, CSS, D, Dylan, Erlang, HTML, Groovy, Haskell, Java, jаvascript, LaTeX, Lisp, Lua, Markdown, MATLAB, OCaml, Perl, PHP, Python, R, Ruby, SQL, TCL и XML.<br><br>В дополнение к тем языкам программирования, которые включены по умолчанию, пользователи имеют возможность загружать плагины для поддержки других языков.<br><br>Sublime Text может быть оснащён&nbsp;менеджером пакетов, который позволяет пользователю находить, устанавливать, обновлять и удалять пакеты без перезагрузки программы. Менеджер поддерживает установленные пакеты в актуальном состоянии, загружая новые версии из репозиториев. Кроме того, он предоставляет команды для активации и деактивации установленных пакетов.<br><br>Особенности:<br><br>Интерфейс:<br>Редактор содержит различные визуальные темы, с возможностью загрузки дополнительных.<br>Пользователи видят весь свой код в правой части экрана в виде мини-карты, при клике на которую можно осуществлять навигацию.<br>Есть несколько режимов экрана. Один из них включает от 1 до 4 панелей, с помощью которых можно показывать до четырёх файлов одновременно. Полноценный (free modes) режим показывает только один файл без каких-либо дополнительных меню вокруг него.<br><br>Выделение столбцов и множественная правка:<br>Выделение столбцов целиком или расстановка несколько указателей по тексту, что делает возможным мгновенную правку. Указатели ведут себя, будто каждый из них&nbsp;— один в тексте. Команды типа перемещение на знак, перемещение на строку, выборка текста, перемещение на слово или его части (CamelCase, разделённый дефисом или подчёркиванием), перемещение в начало/конец строки и&nbsp;т.&nbsp;д., влияют на все указатели независимо и сразу, позволяя править сложноструктурированный текст быстро, без использования&nbsp;макрокоманд или&nbsp;регулярных выражений.<br><br>Автодополнение:<br>Когда пользователь набирает код, Sublime Text, в зависимости от используемого языка, будет предлагать различные варианты для завершения записи. Редактор также автоматически завершает созданные пользователем переменные.<br><br>Подсветка синтаксиса и высокая контрастность:<br>Тёмный фон Sublime Text предназначен для увеличения контрастности текста. Основные элементы синтаксиса выделены разными цветами, которые лучше сочетаются с тёмным фоном, нежели со светлым.<br><br>Поддержка систем сборки:<br>Sublime Text позволяет пользователю собирать программы и запускать их без необходимости переключаться на командную строку. Пользователь также может настроить свою систему сборки и включить автоматическую сборку программы каждый раз при сохранении кода.<br><br>Заготовки (сниппеты):<br>Сохранение фрагментов часто используемого кода, ключевые слова для их запуска.<br><br>Переход по файлам:<br>Навигационный инструмент, который позволяет пользователям перемещаться между файлами, а также внутри них, с помощью нечёткого поиска.<br><br>Другие особенности:<br>Дополнительно реализована функция автосохранения, помогающая пользователям не потерять проделанную работу. Настраиваемые комбинации клавиш и инструмент навигации позволяют назначать свои комбинации&nbsp;клавиш для&nbsp;меню и&nbsp;панелей инструментов (только для первой версии, во второй и третьей&nbsp;— Command Palette). Возможность поиска по мере набора используется для поиска в документе. Функция проверки синтаксиса работает подобным же образом, проверяя корректность прямо во время ввода. Есть возможность автоматизации с помощью&nbsp;макросов и повтора последних действий. Команды редактирования, включая редактирование отступов, переформатирование параграфов и объединение строк.</p>
',
    content_local = '
<p>Sublime Text 支持大量编程语言，并具有 C、C++、C#、CSS、D、Dylan、Erlang、HTML、Groovy、Haskell、Java、javascript、LaTeX、Lisp、Lua、Markdown、MATLAB、 OCaml、Perl、PHP、Python、R、Ruby、SQL、TCL 和 XML。<br><br>除了默认包含的编程语言之外，用户还可以下载插件来支持其他语言。<br><br>Sublime Text 可以配备一个包管理器，允许用户在不重新启动程序的情况下查找、安装、更新和删除包。 管理器通过从存储库下载新版本来保持已安装的软件包最新。 此外，它还提供激活和停用已安装软件包的命令。<br><br>特点：<br><br>界面：<br>该编辑器包含各种视觉主题，并且能够下载其他主题。<br>用户可以在屏幕右侧以迷你地图的形式看到所有代码，可以单击进行导航。<br>有多种屏幕模式。 其中之一包括 1 到 4 个面板，您可以同时显示最多四个文件。 完整（免费模式）模式仅显示一个文件，周围没有任何其他菜单。<br><br>列选择和多重编辑：<br>选择整个列或在文本周围放置多个指针，这使得即时编辑成为可能。 指针的行为就像每个指针都是文本中的一个一样。 按字符移动、按行移动、选择文本、按单词或其部分移动（驼峰命名法，用连字符或下划线分隔）、移动到行首/行尾等命令会立即独立地影响所有指针，使您能够快速编辑复杂的结构化文本，无需使用宏或正则表达式。<br><br>自动完成：<br>当用户键入代码时，Sublime Text 根据所使用的语言，将提供不同的选项来完成录制。 编辑器还会自动完成用户创建的变量。<br><br>语法突出显示和高对比度：<br>Sublime Text 的深色背景旨在增加文本对比度。 语法的关键元素以不同的颜色突出显示，深色背景比浅色背景更适合。<br><br>构建系统支持：<br>Sublime Text 允许用户构建程序并运行它们，而无需切换到命令行。 用户还可以配置其构建系统，并在每次保存代码时启用程序的自动构建。<br><br>空白（片段）：<br>保存常用代码的片段以及运行它们的关键字。<br><br>浏览文件：<br>一种导航工具，允许用户使用模糊搜索在文件之间和文件内进行导航。<br><br>其他特性：<br>此外，还实现了自动保存功能，以帮助用户避免丢失工作。 自定义组合键和导航工具允许您为菜单和工具栏分配自己的组合键（仅适用于第一个版本，在第二个和第三个版本中 - 命令面板）。 键入时搜索功能用于在文档中进行搜索。 语法检查器以类似的方式工作，在您键入时检查正确性。 可以自动使用宏并重复最后的操作。 编辑命令，包括编辑缩进、重新格式化段落和连接行。</p>
'
  WHERE
    app_id = 180.0 AND title = 'Описание'
;

  UPDATE tabs
  SET
    content = '
<p>Примечания к выпуску доступны на странице <span style="color:#0d84fb;"><a href="https://anonim.xyz/go/https://www.sublimetext.com/dev" target="_blank" rel="noopener external noreferrer">sublimetext.com</a></span></p>
',
    content_local = '
<p>发行说明可在以下位置找到： <span style="color:#0d84fb;"><a href="https://anonim.xyz/go/https://www.sublimetext.com/dev" target="_blank" rel="noopener external noreferrer">sublimetext.com</a></span></p>
'
  WHERE
    app_id = 180.0 AND title = 'Что нового'
;

  UPDATE download_info
  SET
    content_local = '<p>挂载镜像并启动 Open Gatekeeper friendly。</p>
<p>在终端窗口中按 Enter 键绕过 Gatekeeper。</p>
<p>将应用程序拖到“应用程序”文件夹中。</p>
<p><span style="color:rgb(255,153,0);">Extra 文件夹包含一个带有许可证密钥的文件。</span></p>',
    content = '<p>Смонтируйте образ и запустите Open Gatekeeper friendly.</p>
<p>Нажмите Enter для обхода Gatekeeper в окне Терминал.</p>
<p>Перетащите приложение в папку Программы (Applications).</p>
<p><span style="color:rgb(255,153,0);">В папке Extra лежит файл с ключом лицензии.</span></p>'
  WHERE
    app_id = 180.0
;

      INSERT OR REPLACE INTO download_links (app_id, title, href, title_local, version)
      VALUES (180.0, 'Прямая ссылка на скачивание', 'https://vk.com/doc781359414_672946205', '直接链接下载安装程序', '4.0 Build 4169')
  ;

    UPDATE app
    SET
        name = 'CameraBag Pro',
        bg_image = 'https://appstorrent.ru/uploads/posts/2021-07/1626696120_camerabag-pro.jpg',
        icon = 'https://appstorrent.ru/uploads/posts/2023-02/1676986191_icon.webp',
        version = '2024.0.1',
        description = 'Графический редактор',
        description_local = '图形编辑器',
        detail_url = 'https://appstorrent.ru/650-camerabag-pro.html',
        file_size = '70 MB',
        developer = 'NEVERCENTER',
        activation = 'K''ed by TNT team',
        compatibility = 'OS X 10.10及以上版本',
        architecture = 'x86 (64-bit)',
        published_date = '2023/11/23',
        releaseDate = '',
        note = '',
        views = '28378',
        link = 'https://anonim.xyz/go/https://nevercenter.com/camerabag/',
        detail_version = '2024.0.1',
        banner = '["https://appstorrent.ru/uploads/posts/2022-12/1670348385_1.jpeg","https://appstorrent.ru/uploads/posts/2022-12/1670348386_2.jpeg","https://appstorrent.ru/uploads/posts/2022-12/1670348386_3.jpeg","https://appstorrent.ru/uploads/posts/2022-12/1670348386_4.jpeg"]'
    WHERE
        id = 193.0
    ;

  UPDATE tabs
  SET
    content = '
<p>CameraBag позволяет мгновенно применить одну из сотен прекрасных предустановок к вашим фотографиям и видео, а затем погрузиться глубже с помощью интуитивно понятных профессиональных настроек и пользовательских предустановок. Внимание CameraBag к интуитивно понятным инструментам и рабочим процессам не сводится к простому редактированию изображений, а к тому, чтобы заставить его работать лучше.</p>
<p><br></p>
<p>Благодаря CameraSag с предустановками, специально разработанными для портретов, различными пейзажными сценариями, точной эмуляцией аналогового кинопленки из прошлого, популярными современными стилями фотографий и многим другим, вы даже не знаете, как использовать все свои мощные инструменты.</p>
<p>CameraBag Pro особенно подходит для тех, кому необходимо применять один и тот же стиль к фотографиям и видео - особенно с пакетной обработкой для больших наборов носителей (включая водяные знаки / брендинг, изменение размера и обрезку). Для тех, у кого есть профессиональные потребности, что отличает CameraBag от других фоторедакторов, так это интуитивно понятные и мощные его передовые инструменты.</p>
<p><br></p>
<p>Уникальные инструменты кривых, переупорядочение и наложение настроек, а также большие точные элементы управления позволяют вам делать то, что вы просто не можете сделать в других популярных программах.</p>
<p>Ниже приведены некоторые способы, которыми CameraBag идеально подходит для определенных групп пользователей.</p>
<p><br></p>
<p>Свадебная фотография:</p>
<p>Простая пакетная фильтрация и водяные знаки</p>
<p>Используйте точно такие же настройки и фильтры на видео и фото</p>
<p>Инструменты быстрого сравнения для больших наборов фотографий</p>
<p>Тонны полезных пресетов для свадебной фотографии</p>
<p><br></p>
<p>Примечание:</p>
<p>CameraBag Pro включает в себя все те же замечательные функции, что и CameraBag Photo, но также работает с видео и включает поддержку файлов LUT!</p>
<p><br></p>
',
    content_local = '
<p>CameraBag 可让您立即将数百种精美预设之一应用到您的照片和视频中，然后通过直观的专业设置和自定义预设进行更深入的研究。 CameraBag 专注于直观的工具和工作流程，不仅仅是编辑图像，而是使其更好地工作。</p>
<p><br></p>
<p>CameraSag 具有专为肖像设计的预设、各种风景场景、过去精确的模拟胶片模拟、流行的现代照片风格等等，您甚至不知道如何使用所有强大的工具。</p>
<p>CameraBag Pro 特别适合那些需要对照片和视频应用相同风格的用户 - 特别是对大量媒体进行批量处理（包括水印/品牌、调整大小和裁剪）。 对于那些有专业需求的人来说，CameraBag 与其他照片编辑器的不同之处在于其先进工具的直观性和强大性。</p>
<p><br></p>
<p>独特的曲线工具、重新排列和覆盖设置以及大型、精确的控件使您可以完成其他流行程序中无法完成的操作。</p>
<p>以下是 CameraBag 非常适合某些用户组的一些方面。</p>
<p><br></p>
<p>婚纱摄影：</p>
<p>简单的数据包过滤和水印</p>
<p>对视频和照片使用完全相同的设置和滤镜</p>
<p>适用于大量照片的快速比较工具</p>
<p>大量有用的婚纱摄影预设</p>
<p><br></p>
<p>笔记：</p>
<p>CameraBag Pro 包含与 CameraBag Photo 相同的所有强大功能，而且还可以处理视频并支持 LUT 文件！</p>
<p><br></p>
'
  WHERE
    app_id = 193.0 AND title = 'Описание'
;

  UPDATE tabs
  SET
    content = '
<p>Примечания к выпуску доступны на официальном сайте <span style="color:rgb(13,132,251);"><a href="https://anonim.xyz/go/https://nevercenter.com/camerabag/features/#whatsnew" target="_blank" rel="noopener external noreferrer">nevercenter.com</a> &gt;</span></p>
',
    content_local = '
<p>发行说明可在官方网站上找到 <span style="color:rgb(13,132,251);"><a href="https://anonim.xyz/go/https://nevercenter.com/camerabag/features/#whatsnew" target="_blank" rel="noopener external noreferrer">nevercenter.com</a> &gt;</span></p>
'
  WHERE
    app_id = 193.0 AND title = 'Что нового'
;

  UPDATE download_info
  SET
    content_local = '<p>挂载镜像并启动 Open Gatekeeper friendly。</p>
<p>在终端窗口中按 Enter 键绕过 Gatekeeper。</p>
<p>将应用程序拖到“应用程序”文件夹中。</p>
<p>该应用程序已准备好使用。</p>',
    content = '<p>Смонтируйте образ и запустите&nbsp;Open Gatekeeper friendly.</p>
<p>Нажмите Enter для обхода Gatekeeper в окне Терминал.</p>
<p>Перетащите приложение в папку Программы (Applications).</p>
<p>Приложение готово к использованию.</p>'
  WHERE
    app_id = 193.0
;

      INSERT OR REPLACE INTO download_links (app_id, title, href, title_local, version)
      VALUES (193.0, 'Прямая ссылка на скачивание', 'https://vk.com/doc781359414_672910031', '直接链接下载安装程序', '2024.0.1')
  ;

    INSERT INTO older_versions (app_id, title, url, title_local)
    VALUES (193.0, 'CameraBag Pro 2023.3.0 [TNT] для OS X 10.10 и новее', 'https://vk.com/doc781359414_672131674', 'CameraBag Pro 2023.3.0 [TNT] 适用于 OS X 10.10 及以上版本')
;

    UPDATE app
    SET
        name = 'iCompta 6',
        bg_image = 'https://appstorrent.ru/templates/appstorrent-4ac2e09b1a/assets/img/bg.webp',
        icon = 'https://appstorrent.ru/uploads/posts/2022-12/1672395940_icon.webp',
        version = '6.1.9',
        description = 'Бизнес',
        description_local = '商业',
        detail_url = 'https://appstorrent.ru/1014-icompta-6.html',
        file_size = '25 MB',
        developer = 'LyricApps',
        activation = 'K''ed by TNT team',
        compatibility = 'macOS 10.13及以上版本',
        architecture = 'ARMx86 (64-bit)',
        published_date = '2023/11/27',
        releaseDate = '',
        note = '',
        views = '23447',
        link = 'https://anonim.xyz/go/https://www.icompta-app.com/',
        detail_version = '6.1.9',
        banner = '["https://appstorrent.ru/uploads/posts/2022-03/1648017458_1.jpg","https://appstorrent.ru/uploads/posts/2022-03/1648017459_2.jpg","https://appstorrent.ru/uploads/posts/2022-03/1648017459_3.jpg","https://appstorrent.ru/uploads/posts/2022-03/1648017460_4.jpg"]'
    WHERE
        id = 196.0
    ;

  UPDATE tabs
  SET
    content = '
<p>iCompta - простое и мощное приложение для управления персональным финансами. Программа создана так, чтобы быть максимально простой в использовании, поддерживая множество функций, которые помогут вам отслеживать ваши деньги и начать экономить! Следите за своими доходами и расходами, контролируйте свои счета, оставайтесь в соответствии с вашим бюджетом.</p>
<p><br></p>
<p>Ключевые особенности:</p>
<p>Управление несколькими учетными записями с несколькими валютами.</p>
<p>Сортировка и фильтрация транзакций для составления статистики ваших доходов и расходов.</p>
<p>Следите за своими доходами и расходами благодаря бюджетам.</p>
<p>Управление совместными расходами.</p>
<p>Красивые отчеты и графики.</p>
<p>Легкий импорт / экспорт транзакций в форматах QIF, OFX, CSV, XML и JSON</p>
<p>Полная синхронизация между iCompta 6 на Mac и iCompta 6 на iPhone / iPad с использованием iCloud, Dropbox или локальной сети.</p>
<p>Модифицировать сразу несколько транзакций с помощью пакетного редактирования.</p>
<p>Профессиональные возможности: налоги, работа с базой клиентов, создание инвойсов.</p>
<p>Защита паролем.</p>
<p>И многое другое.</p>
',
    content_local = '
<p>iCompta 是一款简单而强大的个人财务管理应用程序。 该程序被设计为尽可能易于使用，支持许多功能来帮助您跟踪资金并开始储蓄！ 跟踪您的收入和支出，控制您的账单，保持预算一致。</p>
<p><br></p>
<p>主要特征：</p>
<p>使用多种货币管理多个账户。</p>
<p>对交易进行排序和过滤，以编制您的收入和支出统计数据。</p>
<p>通过预算跟踪您的收入和支出。</p>
<p>共享成本管理。</p>
<p>漂亮的报告和图表。</p>
<p>轻松导入/导出 QIF、OFX、CSV、XML 和 JSON 格式的交易</p>
<p>使用 iCloud、Dropbox 或本地网络在 Mac 上的 iCompta 6 和 iPhone/iPad 上的 iCompta 6 之间完全同步。</p>
<p>使用批量编辑功能一次修改多个交易。</p>
<p>专业机会：税收、与客户群合作、创建发票。</p>
<p>密码保护。</p>
<p>以及更多。</p>
'
  WHERE
    app_id = 196.0 AND title = 'Описание'
;

  UPDATE download_info
  SET
    content_local = '<p>挂载镜像并启动 Open Gatekeeper friendly。</p>
<p>在终端窗口中按 Enter 键绕过 Gatekeeper。</p>
<p>将应用程序拖到“应用程序”文件夹中。</p>
<p>该应用程序已准备好使用。</p>',
    content = '<p>Смонтируйте образ и запустите Open Gatekeeper friendly.</p>
<p>Нажмите Enter для обхода Gatekeeper в окне Терминал.</p>
<p>Перетащите приложение в папку Программы (Applications).</p>
<p>Приложение готово к использованию.</p>'
  WHERE
    app_id = 196.0
;

      INSERT OR REPLACE INTO download_links (app_id, title, href, title_local, version)
      VALUES (196.0, 'Прямая ссылка на скачивание', 'https://vk.com/doc781359414_673057420', '直接链接下载安装程序', '6.1.9')
  ;

    INSERT INTO older_versions (app_id, title, url, title_local)
    VALUES (196.0, 'iCompta 6.0.68 [TNT] для OS X 10.10 и новее', 'https://vk.com/s/v1/doc/sDWgRwDci2FSY-w1tXS5nGG0hl8QYuRFytw84qitcXixVGaCRzA', 'iCompta 6.0.68 [TNT] 适用于 OS X 10.10 及以上版本')
;

    UPDATE app
    SET
        name = 'Amadeus Pro',
        bg_image = 'https://appstorrent.ru/uploads/posts/2021-10/1634572261_amadeus-pro.jpg',
        icon = 'https://appstorrent.ru/uploads/posts/2023-01/1674745519_icon.webp',
        version = '2.8.13 (2659) Beta',
        description = 'Музыкальный редактор',
        description_local = '音乐编辑',
        detail_url = 'https://appstorrent.ru/494-amadeus-pro.html',
        file_size = '21 MB',
        developer = 'Martin Hairer',
        activation = 'K''ed by TNT team',
        compatibility = 'OS X 10.9及以上版本',
        architecture = 'x86 (64-bit)',
        published_date = '2023/11/20',
        releaseDate = '',
        note = '',
        views = '30335',
        link = 'https://anonim.xyz/go/https://www.hairersoft.com/pro.html',
        detail_version = '2.8.13 (2659) Beta',
        banner = '["https://appstorrent.ru/uploads/posts/2022-12/1617204500_1.jpg","https://appstorrent.ru/uploads/posts/2021-03/1617204509_2.jpg","https://appstorrent.ru/uploads/posts/2021-03/1617204555_3.jpg","https://appstorrent.ru/uploads/posts/2021-03/1617204513_4.jpg"]'
    WHERE
        id = 209.0
    ;

  UPDATE tabs
  SET
    content = '
<p>Amadeus Pro - многотрековый музыкальный редактор, который будет интересен как любителям, так и профессионалам. Приложение поддерживает работу с несколькими звуковыми дорожками, каждую из которых можно редактировать абсолютно независимо от других - изменять ее уровень громкости, накладывать различные фильтры, вставлять дополнительные фрагменты и т.д. Помимо этого Amadeus Pro имеет встроенные функции подавления шумов и помех, которые можно применить как ко всему треку, так и отдельным его блокам; работает с большинством музыкальных форматов и поддерживает пакетную обработку файлов.</p>
<p><br></p>
<p>Amadeus Pro обладает рядом полезных функций, таких, как, например, прямой вывод обрабатываемого файла на диск, кэширование аудиосигнала, высокая скорость обработки звуковых файлов размером более двух гигабайт. Редактор поддерживает многие звуковые форматы, такие, как MP3, MPEG-4 AAC, AIFF, WAVE, WMA, CAF, FLAC, Ogg Vorbis и др. Также приложение включает специальную панель инструментов "Favorite Actions", в которую можно поместить часто используемые команды редактора, и различные средства анализа звука. Поддержка плагинов VST и Audio Unit, добавление маркеров, Fade In/Out.</p>
<p><br></p>
<p>Особенности Amadeus Pro:</p>
<p>Простой и элегантный пользовательский интерфейс как Mac OS X</p>
<p>Многоканальная редактирования записи.</p>
<p>Пакетная обработка и преобразование.</p>
<p>Звук шумоподавления и восстановление.</p>
<p>Поддержка различных звуковых форматов, включая AIFF, многоканальный Wave, MP3, MP4, Ogg Vorbis, FLAC, SoundDesigner II, QuickTime, Apple CAF и т.д.</p>
<p>Поддержка VST и Audio Unit плагинами.</p>
<p>"Любимых действия" палитра позволяет, чтобы ваши наиболее часто используемые эффекты только нажатию кнопки мыши.</p>
<p>Широкий спектр мощных аудио-инструментов анализа.</p>
<p>Аудио компакт-дисков с CD-TEXT данные могут быть записаны непосредственно из Amadeus Pro.</p>
',
    content_local = '
<p>Amadeus Pro 是一款多轨音乐编辑器，业余爱好者和专业人士都会感兴趣。 该应用程序支持处理多个音轨，每个音轨都可以完全独立于其他音轨进行编辑 - 更改其音量级别，应用各种过滤器，插入其他片段等。 此外，Amadeus Pro 还内置了噪声和干扰抑制功能，既可以应用于整个轨道，也可以应用于其各个区块； 适用于大多数音乐格式并支持批处理文件处理。</p>
<p><br></p>
<p>Amadeus Pro 具有许多有用的功能，例如将处理后的文件直接输出到磁盘、音频缓存以及高速处理大于 2 GB 的音频文件。 该编辑器支持多种音频格式，例如 MP3、MPEG-4 AAC、AIFF、WAVE、WMA、CAF、FLAC、Ogg Vorbis 等。该应用程序还包括一个特殊的“收藏夹操作”工具栏，您可以在其中放置常用的编辑器命令和各种音频分析工具。 支持 VST 和音频单元插件、添加标记、淡入/淡出。</p>
<p><br></p>
<p>艾玛迪斯专业版特点：</p>
<p>像 Mac OS X 一样简单而优雅的用户界面</p>
<p>多通道录音编辑。</p>
<p>批处理和转换。</p>
<p>声音降噪和修复。</p>
<p>支持多种音频格式，包括 AIFF、Multichannel Wave、MP3、MP4、Ogg Vorbis、FLAC、SoundDesigner II、QuickTime、Apple CAF 等。</p>
<p>支持 VST 和音频单元插件。</p>
<p>通过“最喜欢的操作”面板，您只需单击一下即可获得最常用的效果。</p>
<p>各种强大的音频分析工具。</p>
<p>带有 CD-TEXT 数据的音频 CD 可以直接从 Amadeus Pro 刻录。</p>
'
  WHERE
    app_id = 209.0 AND title = 'Описание'
;

  UPDATE download_info
  SET
    content_local = '<p>挂载镜像并启动 Open Gatekeeper friendly。</p>
<p>在终端窗口中按 Enter 键绕过 Gatekeeper。</p>
<p>将应用程序拖到“应用程序”文件夹中。</p>
<p>该应用程序已准备好使用。</p>',
    content = '<p>Смонтируйте образ и запустите Open Gatekeeper friendly.</p>
<p>Нажмите Enter для обхода Gatekeeper в окне Терминал.</p>
<p>Перетащите приложение в папку Программы (Applications).</p>
<p>Приложение готово к использованию.</p>'
  WHERE
    app_id = 209.0
;

      INSERT OR REPLACE INTO download_links (app_id, title, href, title_local, version)
      VALUES (209.0, 'Прямая ссылка на скачивание', 'https://vk.com/doc781359414_672779732', '直接链接下载安装程序', '2.8.13 (2659) Beta')
  ;

    INSERT INTO older_versions (app_id, title, url, title_local)
    VALUES (209.0, 'Amadeus Pro 2.8.13 (2656) [TNT] для OS X 10.9 и новее', 'https://vk.com/s/v1/doc/1RuFvsVeBUKJaKTxKyX84q-9QmFI_XjelMH4EhDiilj3YOIAKk8', 'Amadeus Pro 2.8.13 (2656) [TNT] 适用于 OS X 10.9 及以上版本')
;

    UPDATE app
    SET
        name = 'Unite',
        bg_image = 'https://appstorrent.ru/templates/appstorrent-4ac2e09b1a/assets/img/bg.webp',
        icon = 'https://appstorrent.ru/uploads/posts/2022-12/1670943858_icon.webp',
        version = '5.1',
        description = 'Веб-сайт в приложение',
        description_local = '网站到应用程序',
        detail_url = 'https://appstorrent.ru/1797-unite.html',
        file_size = '18 MB',
        developer = 'BZG',
        activation = 'K''ed by TNT team',
        compatibility = 'macOS 12及以上版本',
        architecture = 'ARMx86 (64-bit)',
        published_date = '2023/11/19',
        releaseDate = '',
        note = '',
        views = '25901',
        link = 'https://anonim.xyz/go/https://www.bzgapps.com/unite',
        detail_version = '5.1',
        banner = '["https://appstorrent.ru/uploads/posts/2022-12/1663155079_11.jpg","https://appstorrent.ru/uploads/posts/2022-09/1663155080_1212.jpg","https://appstorrent.ru/uploads/posts/2022-09/1663155079_111.jpg","https://appstorrent.ru/uploads/posts/2022-09/1663155080_333.jpg"]'
    WHERE
        id = 214.0
    ;

  UPDATE tabs
  SET
    content = '
<p>Unite позволяет быстро и легко превращать веб-сайты в полнофункциональные нативные приложения для macOS. Используя революционный браузер Unite в качестве серверной части, каждое приложение Unite имеет собственный браузер, оставаясь невероятно маленьким и полнофункциональным. И потому что</p>
<p><br></p>
<p>Каждое приложение Unite представляет собой уникальный браузер, у них есть отдельные файлы cookie и настройки, а также поддержка пользовательских сценариев и стилей пользователя. В дополнение к современным функциям просмотра веб-страниц приложения Unite включают в себя функции, характерные для macOS, включая уведомления, поддержку сенсорной панели, возможность закреплять приложения в строке состояния и многое другое.</p>
',
    content_local = '
<p>Unite 可以快速轻松地将网站转变为功能齐全的本机 macOS 应用程序。 使用革命性的 Unite 浏览器作为后端，每个 Unite 应用程序都有自己的浏览器，同时保持令人难以置信的小和功能丰富。 并且因为</p>
<p><br></p>
<p>每个 Unite 应用程序都是一个独特的浏览器，它们具有单独的 cookie 和设置，并支持自定义场景和用户样式。 除了现代网页浏览功能之外，Unite 应用程序还包括 macOS 原生的功能，包括通知、触摸板支持、将应用程序固定到状态栏的功能等等。</p>
'
  WHERE
    app_id = 214.0 AND title = 'Описание'
;

  UPDATE download_info
  SET
    content_local = '<p>挂载镜像并启动 Open Gatekeeper friendly。<br>在终端窗口中按 Enter 键绕过 Gatekeeper。<br>将应用程序拖到“应用程序”文件夹中。<br>该应用程序已准备好使用。</p>',
    content = '<p>Смонтируйте образ и запустите Open Gatekeeper friendly.<br>Нажмите Enter для обхода Gatekeeper в окне Терминал.<br>Перетащите приложение в папку Программы (Applications).<br>Приложение готово к использованию.</p>'
  WHERE
    app_id = 214.0
;

      INSERT OR REPLACE INTO download_links (app_id, title, href, title_local, version)
      VALUES (214.0, 'Прямая ссылка на скачивание', 'https://vk.com/doc781359414_672763036', '直接链接下载安装程序', '5.1')
  ;

    INSERT INTO older_versions (app_id, title, url, title_local)
    VALUES (214.0, 'Unite 4.6.0 [HCiSO] для macOS 10.14 и новее', 'https://vk.com/s/v1/doc/Ybmwb_k3_-IVmqra7moF45TpEsaKKubWMSOo6gbX7iB8emVb3a4', 'Unite 4.6.0 [HCiSO] 适用于 macOS 10.14 及以上版本')
;

    INSERT INTO older_versions (app_id, title, url, title_local)
    VALUES (214.0, 'Unite 4.2 для macOS 10.13 и новее', 'https://vk.com/s/v1/doc/x4Tf5--eyetC7MP7otGkS_WNY86xs53KiBXgrhrYuVATKeaS24s', 'Unite 4.2 适用于 macOS 10.13 及以上版本')
;

    UPDATE app
    SET
        name = 'Pixelstyle Photo Editor',
        bg_image = 'https://appstorrent.ru/uploads/posts/2022-05/1651401453_pixelstyle-photo-editor.jpg',
        icon = 'https://appstorrent.ru/uploads/posts/2023-03/1678529615_icon.webp',
        version = '4.3.0 [MAS]',
        description = 'Фоторедактор',
        description_local = '照片编辑器',
        detail_url = 'https://appstorrent.ru/1049-pixelstyle-photo-editor.html',
        file_size = '71 MB',
        developer = 'XiuXia Yang',
        activation = 'K''ed by TNT team',
        compatibility = 'macOS 10.12及以上版本',
        architecture = 'ARMx86 (64-bit)',
        published_date = '2023/11/18',
        releaseDate = '',
        note = '',
        views = '11757',
        link = 'https://anonim.xyz/go/https://www.effectmatrix.com/mac-appstore/mac-photo-editor-pixelstyle.htm',
        detail_version = '4.3.0 [MAS]',
        banner = '["https://appstorrent.ru/uploads/posts/2022-05/1651401384_1.jpg","https://appstorrent.ru/uploads/posts/2022-05/1651401385_2.jpg","https://appstorrent.ru/uploads/posts/2022-05/1651401386_3.jpg","https://appstorrent.ru/uploads/posts/2022-05/1651401386_4.jpg"]'
    WHERE
        id = 231.0
    ;

  UPDATE tabs
  SET
    content = '
<p>PixelStyle Photo Editor легко редактирует фотографии и изображения и создает оригинальные уникальные произведения искусства. Он содержит десятки высококачественных фильтров и поставляется с полезными функциями редактирования, аналогичными программному обеспечению PS, такими как выделение, копирование элементов или слоев, преобразование, выбор цвета, рисование сотнями кистей, изменение размера изображения, заливка градиентом, устранение царапин, обрезка, стирание, заполнение ведра, клонирование, размазывание, редактирование альфа-канала и многое другое.&nbsp;</p>
<p><br></p>
<p>PixelStyle Photo Editor с ультрасовременным механизмом обработки фотографий быстро обрабатывает высококачественные фотографии и моментально дает потрясающие результаты на Mac.</p>
<p><br></p>
<p>Вы получите множество замечательных функций от PixelStyle Photo Editor:</p>
<p><br></p>
<p>- Полезные инструменты для редактирования фотографий:</p>
<p>• Инструмент «Текст»: измените настройки текста на выделение полужирным шрифтом, курсивом и кернингом и нарисуйте текст вдоль контура.</p>
<p>• Инструменты редактирования изображения: клонирование, размазывание, редактирование альфа-канала, обрезка, заливка краской, градиентная заливка...</p>
<p>• Инструмент для удаления эффекта красных глаз.</p>
<p>• Инструменты редактирования RGBalpha и Alpha Channel.</p>
<p>• Инструменты рисования с настраиваемой чувствительностью к давлению: базовый рисунок, пиксельный рисунок и рисование текстуры.</p>
<p>• Бесплатные инструменты преобразования: масштабирование, перемещение, изменение размера, поворот, наклон, выравнивание и свободное преобразование перспективы.</p>
<p>• Инструмент выбора и редактирования многолучевости.</p>
<p><br></p>
<p>- Настройки фото:</p>
<p>• Настройка яркости</p>
<p>• Регулировка контрастности</p>
<p>• Настройка оттенка</p>
<p>• Насыщенность и ценность</p>
<p>• Настройка точки белого</p>
<p>• Монохромный</p>
<p>• Цветовая схема</p>
<p>• Преобразование в оттенки серого</p>
<p>• инвертировать</p>
<p>• Изгиб</p>
<p>• Регулировка гаммы</p>
<p>• Постеризация</p>
<p>• Сепия</p>
<p>• Порог</p>
<p><br></p>
<p>- Система слоев:</p>
<p>• Неразрушающие эффекты слоя: Обводки, Внутреннее свечение, Внешнее свечение, Тени, Заливки...</p>
<p>• Настройки слоя: Резкость, Размытие, Экспозиция, Насыщенность, Яркость, Контрастность…</p>
<p>• Один слой: поворот, изменение размера, перемещение, выравнивание, компоновка, интеграция, масштабирование, обрезка по краям...</p>
<p>• Многоуровневое управление: дублирование и пакетная работа.</p>
<p><br></p>
<p>- Гибкая совместимость:</p>
<p>• Работа практически со всеми популярными форматами: png, jpg, gif, bmp, pdf, svg, raw, heic, jpeg, tiff, pict...</p>
<p>• Экспорт изображений в форматы svg, pdf, bmp, png, tiff, jpeg, jpg, gif, jp2...</p>
<p>• Сохранение файла как проекта для последующего редактирования.</p>
<p>• Рендеринг: отображение альфа-прозрачности и экспорт файлов в виде изображений PNG.</p>
<p><br></p>
<p>- Десятки высококачественных фильтров:</p>
<p><br></p>
<p>Недавно добавлено:</p>
<p>1. Автопортретное матирование.</p>
<p>2. Инструмент стирания в рисовании.</p>
<p>3. Двусторонняя гладкая</p>
<p>4. Интеллектуальное изменение размера</p>
<p><br></p>
<p>- Размытие</p>
<p>• Размытие по Гауссу</p>
<p>• Размытость</p>
<p>• Размытие при увеличении</p>
<p><br></p>
<p>- Эффекты искажения</p>
<p>• Рельефное искажение</p>
<p>• Искажение всплеска круга</p>
<p>• Круговое искажение</p>
<p>• Стеклянное ромбовидное искажение</p>
<p>• Искажение отверстия</p>
<p>• Искажение щипка</p>
<p>• Искажение тороидальной линзы</p>
<p>• Искажение вращения</p>
<p>• Вихревое искажение</p>
<p><br></p>
<p>- Усилить</p>
<p>• Контрастная резкость</p>
<p>• Резкость</p>
<p>• Экспозиция</p>
<p>• Медиана</p>
<p>• Подавление шума</p>
<p><br></p>
<p>- Генерировать</p>
<p>• шахматная доска</p>
<p>• Гало</p>
<p>• Горизонтальные полосы</p>
<p>• Генератор случайных чисел</p>
<p>• Прожектор</p>
<p>• Звездное сияние</p>
<p>• Солнечные лучи</p>
<p>• Вертикальные полосы</p>
<p><br></p>
<p>- Полутона</p>
<p>• Круглый экран</p>
<p>• Полутона CMYK</p>
<p>• Точечный экран</p>
<p>• Заштрихованный экран</p>
<p>• Линейный экран</p>
<p><br></p>
<p>- Стилизация</p>
<p>• Цвести</p>
<p>• Цветные края</p>
<p>• Кристаллизовать</p>
<p>• Искажение смещения</p>
<p>• Края</p>
<p>• Искажение стекла</p>
<p>• Мрак</p>
<p>• Пикселизация</p>
<p>• Пуантилизация</p>
<p><br></p>
<p>- Эффекты плитки</p>
<p>• Плитка калейдоскопа</p>
<p>• Плитка параллелограмма</p>
<p>• Масштабирование и поворот плитки</p>
<p>• Квадратная плитка</p>
<p>• Треугольная плитка</p>
<p>• Плитка перспективы</p>
',
    content_local = '
<p>PixelStyle 照片编辑器可轻松编辑照片和图像，并创建原创、独特的艺术作品。 它包含数十种高品质滤镜，并具有类似于PS软件的有用编辑功能，例如突出显示、复制元素或图层、变换、颜色选择、使用数百种画笔绘画、图像调整大小、渐变填充、划痕去除、裁剪、擦除、填充桶、克隆、涂抹、Alpha 编辑等。&nbsp;</p>
<p><br></p>
<p>PixelStyle 照片编辑器具有先进的照片处理引擎，可以快速处理高质量照片并在 Mac 上立即提供令人惊叹的结果。</p>
<p><br></p>
<p>您将从 PixelStyle 照片编辑器中获得许多出色的功能：</p>
<p><br></p>
<p>- 有用的照片编辑工具：</p>
<p>• 文字工具：将文本设置更改为粗体、斜体和字距调整，并沿路径绘制文本。</p>
<p>• 图像编辑工具：克隆、涂抹、Alpha 通道编辑、裁剪、油漆填充、渐变填充...</p>
<p>• 红眼消除工具。</p>
<p>• RGBalpha 和Alpha 通道编辑工具。</p>
<p>• 具有可定制压力灵敏度的绘画工具：基本绘画、像素绘画和纹理绘画。</p>
<p>• 免费变换工具：缩放、移动、调整大小、旋转、倾斜、对齐和自由透视变换。</p>
<p>• 多路径选择和编辑工具。</p>
<p><br></p>
<p>- 照片设置：</p>
<p>• 亮度调节</p>
<p>• 对比度调整</p>
<p>• 色调调整</p>
<p>• 丰富性和价值</p>
<p>• 白点调整</p>
<p>• 单色</p>
<p>• 配色方案</p>
<p>• 转换为灰度</p>
<p>• 反转</p>
<p>• 弯曲</p>
<p>• 伽玛调整</p>
<p>• 色调分离</p>
<p>• 棕褐色</p>
<p>• 临界点</p>
<p><br></p>
<p>- 图层系统：</p>
<p>• 非破坏性图层效果：描边、内发光、外发光、阴影、填充...</p>
<p>• 图层设置：锐度、模糊、曝光、饱和度、亮度、对比度...</p>
<p>• 单层：旋转、调整大小、移动、对齐、布局、集成、缩放、裁剪边缘...</p>
<p>• 多级管理：重复、批量工作。</p>
<p><br></p>
<p>- 灵活的兼容性：</p>
<p>• 适用于几乎所有流行格式：png、jpg、gif、bmp、pdf、svg、raw、heic、jpeg、tiff、pict...</p>
<p>• 将图像导出为 svg、pdf、bmp、png、tiff、jpeg、jpg、gif、jp2... 格式</p>
<p>• 将文件另存为项目以供以后编辑。</p>
<p>• 渲染：显示 Alpha 透明度并将文件导出为 PNG 图像。</p>
<p><br></p>
<p>- 数十种高品质滤镜：</p>
<p><br></p>
<p>最近添加的：</p>
<p>1.自拍抠图。</p>
<p>2.绘图擦除工具。</p>
<p>3.双面光滑</p>
<p>4. 智能调整大小</p>
<p><br></p>
<p>- 模糊</p>
<p>• 高斯模糊</p>
<p>• 模糊</p>
<p>• 变焦模糊</p>
<p><br></p>
<p>- 失真效果</p>
<p>• 浮雕变形</p>
<p>• 圆形飞溅失真</p>
<p>• 圆形畸变</p>
<p>• 玻璃金刚石变形</p>
<p>• 孔变形</p>
<p>• 收缩失真</p>
<p>• 环形透镜的畸变</p>
<p>• 旋转畸变</p>
<p>• 涡旋畸变</p>
<p><br></p>
<p>- 提高</p>
<p>• 对比度清晰度</p>
<p>• 清晰度</p>
<p>• 博览会</p>
<p>• 中位数</p>
<p>• 降噪</p>
<p><br></p>
<p>- 产生</p>
<p>• 棋盘</p>
<p>• 光环</p>
<p>• 水平条纹</p>
<p>• 随机数生成器</p>
<p>• 聚光灯</p>
<p>• 星光</p>
<p>• 太阳光线</p>
<p>• 竖条纹</p>
<p><br></p>
<p>- 半色调</p>
<p>• 圆形屏幕</p>
<p>• 半色调CMYK</p>
<p>• 点屏</p>
<p>• 遮光屏</p>
<p>• 线性屏幕</p>
<p><br></p>
<p>- 风格化</p>
<p>• 绽放</p>
<p>• 彩色边缘</p>
<p>• 结晶</p>
<p>• 偏移失真</p>
<p>• 边缘</p>
<p>• 玻璃变形</p>
<p>• 黑暗</p>
<p>• 像素化</p>
<p>• 点化</p>
<p><br></p>
<p>- 平铺效果</p>
<p>• 万花筒瓷砖</p>
<p>• 平行四边形瓷砖</p>
<p>• 缩放和旋转图块</p>
<p>• 方形瓷砖</p>
<p>• 三角形瓷砖</p>
<p>• 透视图块</p>
'
  WHERE
    app_id = 231.0 AND title = 'Описание'
;

  UPDATE tabs
  SET
    content = '
<p>1 Add over twenty GMIC filters.</p>
<p>2 Add Color Levels filter.</p>
',
    content_local = '
<p>1 添加二十多个 GMIC 过滤器。</p>
<p>2 添加颜色级别过滤器。</p>
'
  WHERE
    app_id = 231.0 AND title = 'Что нового'
;

  UPDATE download_info
  SET
    content_local = '<p>挂载镜像并启动 Open Gatekeeper friendly。</p>
<p>在终端窗口中按 Enter 键绕过 Gatekeeper。</p>
<p>将应用程序拖到“应用程序”文件夹中。</p>
<p>该应用程序已准备好使用。</p>',
    content = '<p>Смонтируйте образ и запустите Open Gatekeeper friendly.</p>
<p>Нажмите Enter для обхода Gatekeeper в окне Терминал.</p>
<p>Перетащите приложение в папку Программы (Applications).</p>
<p>Приложение готово к использованию.</p>'
  WHERE
    app_id = 231.0
;

      INSERT OR REPLACE INTO download_links (app_id, title, href, title_local, version)
      VALUES (231.0, 'Прямая ссылка на скачивание', 'https://vk.com/doc781359414_672703808', '直接链接下载安装程序', '4.3.0 [MAS]')
  ;

    UPDATE app
    SET
        name = 'Sound Siphon',
        bg_image = 'https://appstorrent.ru/templates/appstorrent-4ac2e09b1a/assets/img/bg.webp',
        icon = 'https://appstorrent.ru/uploads/posts/2022-12/1670941452_icon.webp',
        version = '3.6.3',
        description = 'Работа с аудиовыходом',
        description_local = '使用音频输出',
        detail_url = 'https://appstorrent.ru/1930-sound-siphon.html',
        file_size = '18 MB',
        developer = 'staticz',
        activation = 'K''ed by TNT team',
        compatibility = 'macOS 10.15及以上版本',
        architecture = 'x86 (64-bit)',
        published_date = '2023/11/20',
        releaseDate = '',
        note = '',
        views = '12222',
        link = 'https://staticz.com/soundsiphon/https://anonim.xyz/go/',
        detail_version = '3.6.3',
        banner = '["https://appstorrent.ru/uploads/posts/2022-12/1667807852_3.jpg","https://appstorrent.ru/uploads/posts/2022-11/1667807853_5.jpg","https://appstorrent.ru/uploads/posts/2022-11/1667807853_kopija.jpg","https://appstorrent.ru/uploads/posts/2022-11/1667807853_6.jpg","https://appstorrent.ru/uploads/posts/2022-11/1667807851_2.jpg","https://appstorrent.ru/uploads/posts/2022-11/1667807852_4.jpg"]'
    WHERE
        id = 239.0
    ;

  UPDATE download_info
  SET
    content_local = '<p>挂载镜像并启动 Open Gatekeeper friendly。</p>
<p>在终端窗口中按 Enter 键绕过 Gatekeeper。</p>
<p>将应用程序拖到“应用程序”文件夹中。</p>
<p>该应用程序已准备好使用。</p>',
    content = '<p>Смонтируйте образ и запустите&nbsp;Open Gatekeeper friendly.</p>
<p>Нажмите Enter для обхода Gatekeeper в окне Терминал.</p>
<p>Перетащите приложение в папку Программы (Applications).</p>
<p>Приложение готово к использованию.</p>'
  WHERE
    app_id = 239.0
;

      INSERT OR REPLACE INTO download_links (app_id, title, href, title_local, version)
      VALUES (239.0, 'Прямая ссылка на скачивание', 'https://vk.com/doc781359414_672779923', '直接链接下载安装程序', '3.6.3')
  ;

    UPDATE app
    SET
        name = 'KCNcrew Pack',
        bg_image = 'https://appstorrent.ru/uploads/posts/2021-08/1629822831_kcncrew_cover.jpg',
        icon = 'https://appstorrent.ru/uploads/posts/2021-07/1626647748_kcnscrew_icon_result-min.png',
        version = '1.8 (11-15-23)',
        description = 'Сборник ключей',
        description_local = '钥匙的收集',
        detail_url = 'https://appstorrent.ru/647-kcncrew.html',
        file_size = '10 MB',
        developer = 'iSerial',
        activation = 'Не требуется',
        compatibility = 'OS X 10.6及以上版本',
        architecture = 'x86 (64-bit)',
        published_date = '2023/11/20',
        releaseDate = '',
        note = '',
        views = '26206',
        link = NULL,
        detail_version = '1.8 (11-15-23)',
        banner = '["https://appstorrent.ru/uploads/posts/2021-07/1626647896_kcnscrew_screenshot_3-min.png","https://appstorrent.ru/uploads/posts/2021-07/1626647838_kcnscrew_screenshot_4-min.png","https://appstorrent.ru/uploads/posts/2021-07/1626647820_kcnscrew_screenshot_1-min.png","https://appstorrent.ru/uploads/posts/2021-07/1626647845_kcnscrew_screenshot_2-min.png"]'
    WHERE
        id = 245.0
    ;

  UPDATE download_info
  SET
    content_local = '<p>挂载下载的镜像。</p>
<p>对于 macOS 10.14 及更高版本，运行 KCNScrew1.8</p>
<p>对于 macOS 10.6 及更高版本，运行 KCNScrew</p>',
    content = '<p>Смонтируйте скачанный образ.</p>
<p>Для macOS 10.14 и новее запустить KCNScrew1.8</p>
<p>Для macOS 10.6 и новее запустить KCNScrew</p>'
  WHERE
    app_id = 245.0
;

      INSERT OR REPLACE INTO download_links (app_id, title, href, title_local, version)
      VALUES (245.0, 'Прямая ссылка на скачивание', 'https://vk.com/doc781359414_672782325', '直接链接下载安装程序', '1.8 (11-15-23)')
  ;

    UPDATE app
    SET
        name = 'uDock',
        bg_image = 'https://appstorrent.ru/templates/appstorrent-4ac2e09b1a/assets/img/bg.webp',
        icon = 'https://appstorrent.ru/uploads/posts/2022-12/1671472027_icon.webp',
        version = '4.0.0 (40016)',
        description = 'Панель Dock',
        description_local = '码头',
        detail_url = 'https://appstorrent.ru/944-udock.html',
        file_size = '19 MB',
        developer = 'Grzegorz Staszczyk',
        activation = 'K''ed by TNT team',
        compatibility = 'macOS 10.13及以上版本',
        architecture = 'x86 (64-bit)',
        published_date = '2023/11/23',
        releaseDate = '',
        note = '',
        views = '35254',
        link = 'https://anonim.xyz/go/https://naarakstudio.com/udock/index.html',
        detail_version = '4.0.0 (40016)',
        banner = '["https://appstorrent.ru/uploads/posts/2022-03/1646605898_1.jpg","https://appstorrent.ru/uploads/posts/2022-03/1646605901_2.jpg","https://appstorrent.ru/uploads/posts/2022-03/1646605903_3.jpg"]'
    WHERE
        id = 258.0
    ;

  UPDATE tabs
  SET
    content = '
<p>uDock - легкое системное расширение для кастомизации быстрого доступа к приложениям на вашем Mac.</p>
<p><br></p>
<p>Ключевые особенности:</p>
<p>Работая на системной панели инструментов, утилита практически незаметна и всегда готов, когда вам это нужно</p>
<p>Используйте сочетание клавиш или точку доступа мыши, чтобы активировать μDock</p>
<p>Запущенные процессы и все ваши диски легко доступны</p>
<p>Добавьте вкладки для хранения ваших приложений, документов, музыки и папок</p>
<p>Определите и комбинируйте горячие клавиши с приложениями, документами и папками, чтобы мгновенно открывать любимый файл с помощью сочетания клавиш</p>
<p>μDock - это усовершенствованная настраиваемая док-станция для Mac.</p>
',
    content_local = '
<p>uDock 是一个轻量级系统扩展，用于自定义对 Mac 上应用程序的快速访问。</p>
<p><br></p>
<p>主要特征：</p>
<p>该实用程序通过系统工具栏工作，几乎不可见，并且在您需要时随时可用</p>
<p>使用键盘快捷键或鼠标热点激活μDock</p>
<p>正在运行的进程和所有磁盘都可以轻松访问</p>
<p>添加选项卡来存储您的应用程序、文档、音乐和文件夹</p>
<p>定义热键并将其与应用程序、文档和文件夹组合，以使用键盘快捷键立即打开您喜爱的文件</p>
<p>μDock 是一款适用于 Mac 的高级、可定制扩展坞。</p>
'
  WHERE
    app_id = 258.0 AND title = 'Описание'
;

  UPDATE download_info
  SET
    content_local = '<p>挂载镜像并启动 Open Gatekeeper friendly。</p>
<p>在终端窗口中按 Enter 键绕过 Gatekeeper。</p>
<p>将应用程序拖到“应用程序”文件夹中。</p>
<p>该应用程序已准备好使用。</p>',
    content = '<p>Смонтируйте образ и запустите Open Gatekeeper friendly.</p>
<p>Нажмите Enter для обхода Gatekeeper в окне Терминал.</p>
<p>Перетащите приложение в папку Программы (Applications).</p>
<p>Приложение готово к использованию.</p>'
  WHERE
    app_id = 258.0
;

      INSERT OR REPLACE INTO download_links (app_id, title, href, title_local, version)
      VALUES (258.0, 'Прямая ссылка на скачивание', 'https://vk.com/doc781359414_672921309', '直接链接下载安装程序', '4.0.0 (40016)')
  ;

    INSERT INTO older_versions (app_id, title, url, title_local)
    VALUES (258.0, 'uDock 3.7.5 (37501) [TNT] для macOS 10.13 и новее', 'https://vk.com/s/v1/doc/bCyNYieqwhSqISYeQmQGwunH7M9J5x1D4Cof1Mrunh4FOIeb2n8', 'uDock 3.7.5 (37501) [TNT] 适用于 macOS 10.13 及以上版本')
;

    UPDATE app
    SET
        name = 'BetterDisplay Pro',
        bg_image = 'https://appstorrent.ru/templates/appstorrent-4ac2e09b1a/assets/img/bg.webp',
        icon = 'https://appstorrent.ru/uploads/posts/2023-06/avayv.webp',
        version = '2.0.11',
        description = 'Управление мониторами',
        description_local = '监控管理',
        detail_url = 'https://appstorrent.ru/2411-betterdisplay-pro.html',
        file_size = '11 MB',
        developer = 'waydabber',
        activation = 'K''ed by TNT team',
        compatibility = 'macOS 12.4及以上版本',
        architecture = 'ARMx86 (64-bit)',
        published_date = '2023/11/20',
        releaseDate = '',
        note = '',
        views = '10474',
        link = 'https://anonim.xyz/go/https://github.com/waydabber/BetterDisplay',
        detail_version = '2.0.11',
        banner = '["https://appstorrent.ru/uploads/posts/2023-06/snimok-jekrana-2023-06-28-v-09_39_08.webp","https://appstorrent.ru/uploads/posts/2023-06/snimok-jekrana-2023-06-28-v-09_40_26.webp"]'
    WHERE
        id = 261.0
    ;

  UPDATE download_info
  SET
    content_local = '<p>挂载镜像并启动 Open Gatekeeper friendly。</p>
<p>在终端窗口中按 Enter 键绕过 Gatekeeper。</p>
<p>将应用程序拖到“应用程序”文件夹中。</p>
<p>该应用程序已准备好使用。</p>',
    content = '<p>Смонтируйте образ и запустите Open Gatekeeper friendly.</p>
<p>Нажмите Enter для обхода Gatekeeper в окне Терминал.</p>
<p>Перетащите приложение в папку Программы (Applications).</p>
<p>Приложение готово к использованию.</p>'
  WHERE
    app_id = 261.0
;

      INSERT OR REPLACE INTO download_links (app_id, title, href, title_local, version)
      VALUES (261.0, 'Прямая ссылка на скачивание', 'https://vk.com/doc781359414_672779853', '直接链接下载安装程序', '2.0.11')
  ;

    INSERT INTO older_versions (app_id, title, url, title_local)
    VALUES (261.0, 'BetterDisplay Pro 1.4.15 [TNT] для macOS 12.4 и новее', 'https://vk.com/s/v1/doc/i7W0FngydAphnIlowfmh0wWckuOGreegl_ROu_0R2AJQrDt5vOA', 'BetterDisplay Pro 1.4.15 [TNT] 适用于 macOS 12.4 及以上版本')
;

    UPDATE app
    SET
        name = 'Millumin 4',
        bg_image = 'https://appstorrent.ru/templates/appstorrent-4ac2e09b1a/assets/img/bg.webp',
        icon = 'https://appstorrent.ru/uploads/posts/2023-01/1673585360_icon.webp',
        version = '4.18.a',
        description = 'Аудиовизуальное шоу',
        description_local = '视听表演',
        detail_url = 'https://appstorrent.ru/979-millumin.html',
        file_size = '116 MB',
        developer = 'Anomes',
        activation = 'K''ed by TNT team',
        compatibility = 'macOS 10.14及以上版本',
        architecture = 'x86 (64-bit)',
        published_date = '2023/11/22',
        releaseDate = '',
        note = '',
        views = '22691',
        link = 'https://anonim.xyz/go/https://www.millumin.com/v4/index.php',
        detail_version = '4.18.a',
        banner = '["https://appstorrent.ru/uploads/posts/2022-12/1647754789_5.jpeg","https://appstorrent.ru/uploads/posts/2022-03/1647754787_1.jpeg","https://appstorrent.ru/uploads/posts/2022-03/1647754787_2.jpeg","https://appstorrent.ru/uploads/posts/2022-03/1647754788_3.jpeg","https://appstorrent.ru/uploads/posts/2022-03/1647754788_4.jpeg","https://appstorrent.ru/uploads/posts/2022-03/1647754789_6.jpeg","https://appstorrent.ru/uploads/posts/2022-03/1647754790_7.jpeg","https://appstorrent.ru/uploads/posts/2022-03/1647754790_8.jpeg","https://appstorrent.ru/uploads/posts/2022-03/1647754791_9.jpeg","https://appstorrent.ru/uploads/posts/2022-03/1647754791_10.jpeg"]'
    WHERE
        id = 270.0
    ;

  UPDATE tabs
  SET
    content = '
<p>Millumin - создание аудиовизуальных и интерактивных шоу, будь то театральная постановка, танец или инсталляция. Millumin - это креативное решение для воплощения ваших идей в жизнь. Приложение создано для того, чтобы помочь Вам создать живое шоу и рассказать свою историю.</p>
<p><br></p>
<p>Соединяйте все вместе постоянно растущее количество устройств и программ.</p>
<p>Создайте свой собственный рабочий процесс.</p>
<p>Интуитивно понятный интерфейс.</p>
<p>Контекстная помощь.</p>
<p>Онлайн-уроки.</p>
',
    content_local = '
<p>Milllumin - 创作视听和互动表演，无论是戏剧制作、舞蹈还是装置。 Milllumin 是一个将您的想法变为现实的创意解决方案。 该应用程序旨在帮助您创建现场表演并讲述您的故事。</p>
<p><br></p>
<p>将越来越多的设备和程序连接在一起。</p>
<p>创建您自己的工作流程。</p>
<p>直观的界面。</p>
<p>上下文帮助。</p>
<p>在线课程。</p>
'
  WHERE
    app_id = 270.0 AND title = 'Описание'
;

  UPDATE tabs
  SET
    content = '
<p>Примечания к выпуску доступны на официальном сайте <span style="color:rgb(13,132,251);"><a href="https://anonim.xyz/go/https://help.millumin.com/?page=03_faq/new#pagePart" target="_blank" rel="noopener external noreferrer">help.millumin.com</a> &gt;</span></p>
',
    content_local = '
<p>发行说明可在官方网站上找到 <span style="color:rgb(13,132,251);"><a href="https://anonim.xyz/go/https://帮助.milllumin.com/?page=03_faq/new#pagePart" target="_blank" rel="noopener external noreferrer">help.millumin.com</a> &gt;</span></p>
'
  WHERE
    app_id = 270.0 AND title = 'Что нового'
;

  UPDATE download_info
  SET
    content_local = '<p>挂载镜像并启动 Open Gatekeeper friendly。</p>
<p>在终端窗口中按 Enter 键绕过 Gatekeeper。</p>
<p>将应用程序拖到“应用程序”文件夹中。</p>
<p>该应用程序已准备好使用。</p>',
    content = '<p>Смонтируйте образ и запустите&nbsp;Open Gatekeeper friendly.</p>
<p>Нажмите Enter для обхода Gatekeeper в окне Терминал.</p>
<p>Перетащите приложение в папку Программы (Applications).</p>
<p>Приложение готово к использованию.</p>'
  WHERE
    app_id = 270.0
;

      INSERT OR REPLACE INTO download_links (app_id, title, href, title_local, version)
      VALUES (270.0, 'Прямая ссылка на скачивание', 'https://vk.com/doc781359414_672882880', '直接链接下载安装程序', '4.18.a')
  ;

    UPDATE app
    SET
        name = 'Valentina Studio Pro',
        bg_image = 'https://appstorrent.ru/uploads/posts/2021-12/1639543877_valentina-studio.jpg',
        icon = 'https://appstorrent.ru/uploads/posts/2023-01/1674747454_icon.webp',
        version = '13.5.2',
        description = 'Менеджер БД',
        description_local = '数据库管理器',
        detail_url = 'https://appstorrent.ru/790-valentina-studio-pro.html',
        file_size = '167 MB',
        developer = 'Paradigma Software',
        activation = 'K''ed by TNT team',
        compatibility = 'macOS 10.13及以上版本',
        architecture = 'x86 (64-bit)',
        published_date = '2023/11/19',
        releaseDate = '',
        note = '',
        views = '37352',
        link = 'https://anonim.xyz/go/https://www.valentina-db.com/ru/valentina-studio-overview',
        detail_version = '13.5.2',
        banner = '["https://appstorrent.ru/uploads/posts/2022-12/1639543691_1.jpg","https://appstorrent.ru/uploads/posts/2021-12/1639543692_2.jpg","https://appstorrent.ru/uploads/posts/2021-12/1639543692_3.jpg","https://appstorrent.ru/uploads/posts/2021-12/1639543693_4.jpg"]'
    WHERE
        id = 287.0
    ;

  UPDATE tabs
  SET
    content = '
<p>Valentina Studio предоставляет мощные визуальные редакторы для ваших данных включая:</p>
<p>* Редактор схемы (в виде дерева или колонок) - создавайте и изменяйте все объекты схемы поддерживаемых БД: Таблицы, Представления, Поля, Перечисления, Связи, Ограничения, Триггеры, Индексы, Сохраненные Процедуры, ...</p>
<p>* Редактор диаграмм - рисуйте новые диаграммы или делайте реверс-инжиниринг, то есть изучайте существующую БД визуально.</p>
<p>* Редактор данных - легко просматривайте записи таблиц в таблице, изменяйте записи, редактируйте значения прямо в ячейках, сортируйте, фильтруйте и сохраняйте часто используемые фильтры, просмотр изображений, hex-редактор для бинарных значений, и т.д.</p>
<p>* Редактор связанных данных - изучайте записи в связанных двух таблицах и управляйте ими.</p>
<p>* Редактор SQL - с подсветкой синтаксиса, автодополнением, историей запросов и сохраненными запросами, шаблонами, консолью с ошибками/предупреждениями, а также аналитикой запроса.</p>
<p>* Редактор запросов - создавайте SQL-запросы визуально, используя всего лишь несколько щелчков мыши.</p>
<p>* Админ серверов - где вы можете управлять пользователями, просматривать логи и другие параметры серверов БД.</p>
<p><br></p>
<p>Открывайте столько редакторов, сколько вам нужно для различных баз данных и серверов в ТАБ-панелях. Вы также получите различные утилиты такие как: Импорт/Экспорт, Дамп, Диагноз, Клонирование, Реиндекс, ...</p>
<p><br></p>
<p>Valentina Studio позволяет синхронизировать закладки и сниппеты между вашими устройствами с помощью iCloud или путем сохранения в папку облачного хранилища.</p>
<p><br></p>
<p>*** Смотрите также: Valentina Studio Pro ($199) ***</p>
<p>* Редактор отчетов - визуальный редактор Отчетов, которые могут быть сохранены в файл Valentina-проекта (.vsp). Отчеты могут использовать как источник данных следующие базы данных: MS SQL, mySQL, PostgreSQL, SQLite, Valentina DB, ODBC.</p>
<p>* Редактор форм - визуальный редактор Форм, которые могут быть сохранены в файл Valentina-проекта (.vsp). Отчеты могут использовать все поддерживаемые базы данных в качестве источника.</p>
<p>* Редактор данных - получает прыжок на родительскую запись.</p>
<p>* Редактор данных - Раскладки - сохраняйте колонки и их порядок в виде именованной раскладки.</p>
<p>* Редактор данных - Множественное обновление - обновление множества записей.</p>
<p>* Перенос данных - копируйте данные между различными базами данных.</p>
<p>* Редактор диаграмм - получает форвард проектирование, т.е. генерацию SQL-скриптов для новых/измененных объектов баз данных.</p>
<p>* Мастер дампа - получает фильтр таблиц, чтобы выбрать их для дампа.</p>
<p>* Поиск ошибок - поиск описаний ошибок по их номеру.</p>
<p>* Клавиатурные сочетания - позволяет переопределять сочетания и создавать собственные наборы сочетаний.</p>
<p>* Редактор запросов - получает возможность копировать генерированный запрос.</p>
<p>* Кеширование схемы - сохраняет и использует схему БД для увеличения скорости работы с удаленными серверами.</p>
<p>* Снимок схемы - можете сохранить и загрузить схему в структурированном формате.</p>
<p>* Контроль версий - разрабатывайте БД используя контроль версий.</p>
<p>* SQL-разница - ищет разницу между двумя состояниями БД и генерирует SQL скрипт перехода между этими состояниями.</p>
<p>* SQL-поиск - проводит поиск по объектам схемы.</p>
<p>* Редактор схемы - копирование одного или нескольких объектов схемы с помощью перетягивания.</p>
<p>* Редактор SQL - автодополнение для псевдонимов таблиц.</p>
<p>* Редактор SQL - форматирование SQL-запросов.</p>
<p>* Редактор SQL - редактирование результата SQL-запросов</p>
<p>* Цвета объектов - возможность пометить объект определенным цветом.</p>
',
    content_local = '
<p>Valentina Studio 为您的数据提供强大的可视化编辑器，包括：</p>
<p>* 模式编辑器（以树或列的形式）- 创建和编辑受支持数据库的所有模式对象：表、视图、字段、枚举、关系、约束、触发器、索引、存储过程...</p>
<p>* 图表编辑器 - 绘制新图表或进行逆向工程，即直观地研究现有数据库。</p>
<p>* 数据编辑器 - 轻松查看表中的表记录、更改记录、直接在单元格中编辑值、排序、过滤和保存常用过滤器、图像查看器、二进制值的十六进制编辑器等。</p>
<p>* 链接数据编辑器 - 浏览和管理链接的两个表中的记录。</p>
<p>* SQL 编辑器 - 具有语法突出显示、自动完成、查询历史记录和保存的查询、模板、错误/警告控制台和查询分析。</p>
<p>* 查询编辑器 - 只需点击几下即可直观地创建 SQL 查询。</p>
<p>* 服务器管理 - 您可以在其中管理用户、查看日志和数据库服务器的其他参数。</p>
<p><br></p>
<p>在 TAB 面板中为不同的数据库和服务器打开任意数量的编辑器。 您还将收到各种实用程序，例如：导入/导出、转储、诊断、克隆、重新索引……</p>
<p><br></p>
<p>Valentina Studio 允许您使用 iCloud 或保存到云存储文件夹来在设备之间同步书签和片段。</p>
<p><br></p>
<p>*** 另请参阅：Valentina Studio Pro（199 美元）***</p>
<p>* 报告编辑器 - 报告的可视化编辑器，可以保存到 Valentina 项目文件 (.vsp)。 报告可以使用以下数据库作为数据源：MS SQL、mySQL、PostgreSQL、SQLite、Valentina DB、ODBC。</p>
<p>* 表单编辑器 - 表单的可视化编辑器，可以保存到 Valentina 项目文件 (.vsp)。 报告可以使用所有支持的数据库作为来源。</p>
<p>* 数据编辑器 - 跳转到父记录。</p>
<p>* 数据编辑器 - 布局 - 将列及其顺序保存为命名布局。</p>
<p>* 数据编辑器-多次更新-更新多条记录。</p>
<p>* 数据传输——在不同数据库之间复制数据。</p>
<p>*图表编辑器-接收正向设计，即 为新的/更改的数据库对象生成 SQL 脚本。</p>
<p>* 转储向导 - 获取表过滤器以选择它们进行转储。</p>
<p>* 搜索错误 - 按错误编号搜索错误描述。</p>
<p>* 键盘快捷键 - 允许您覆盖快捷键并创建您自己的快捷键集。</p>
<p>* 查询编辑器 - 能够复制生成的查询。</p>
<p>* 模式缓存 - 保存并使用数据库模式来提高远程服务器的工作速度。</p>
<p>* 图表快照 - 您可以以结构化格式保存和加载图表。</p>
<p>* 版本控制 - 使用版本控制开发数据库。</p>
<p>* SQL 差异 - 搜索两个数据库状态之间的差异并生成用于这些状态之间转换的 SQL 脚本。</p>
<p>* SQL 搜索 - 搜索模式对象。</p>
<p>* 原理图编辑器 - 使用拖放操作复制一个或多个原理图对象。</p>
<p>* SQL 编辑器 - 自动完成表别名。</p>
<p>* SQL 编辑器 - 格式化 SQL 查询。</p>
<p>* SQL编辑器-编辑SQL查询的结果</p>
<p>* 对象颜色 - 用特定颜色标记对象的能力。</p>
'
  WHERE
    app_id = 287.0 AND title = 'Описание'
;

  UPDATE tabs
  SET
    content = '
<p>Примечания к выпуску доступны на официальном сайте <span style="color:rgb(13,132,251);"><a href="https://anonim.xyz/go/https://valentina-db.com/docs/dokuwiki/v11/doku.php?id=valentina:releases:releases" target="_blank" rel="noopener external noreferrer">valentina-db.com</a> &gt;</span></p>
',
    content_local = '
<p>发行说明可在官方网站上找到 <span style="color:rgb(13,132,251);"><a href="https://anonim.xyz/go/https://valentina-db.com/docs/dokuwiki/v11/doku.php?id=valentina:releases:releases" target="_blank" rel="noopener external noreferrer">valentina-db.com</a> &gt;</span></p>
'
  WHERE
    app_id = 287.0 AND title = 'Что нового'
;

  UPDATE download_info
  SET
    content_local = '<p>挂载镜像并启动 Open Gatekeeper friendly。</p>
<p>在终端窗口中按 Enter 键绕过 Gatekeeper。</p>
<p>将应用程序拖到“应用程序”文件夹中。</p>
<p>该应用程序已准备好使用。</p>',
    content = '<p>Смонтируйте образ и запустите&nbsp;Open Gatekeeper friendly.</p>
<p>Нажмите Enter для обхода Gatekeeper в окне Терминал.</p>
<p>Перетащите приложение в папку Программы (Applications).</p>
<p>Приложение готово к использованию.</p>'
  WHERE
    app_id = 287.0
;

      INSERT OR REPLACE INTO download_links (app_id, title, href, title_local, version)
      VALUES (287.0, 'Прямая ссылка на скачивание', 'https://vk.com/doc781359414_672758720', '直接链接下载安装程序', '13.5.2')
  ;

    UPDATE app
    SET
        name = 'TunesKit Screen Recorder',
        bg_image = 'https://appstorrent.ru/templates/appstorrent-4ac2e09b1a/assets/img/bg.webp',
        icon = 'https://appstorrent.ru/uploads/posts/2023-06/1687444949_icon.webp',
        version = '2.5.0',
        description = 'Запись экрана',
        description_local = '屏幕录制',
        detail_url = 'https://appstorrent.ru/1558-tuneskit-screen-recorder-for-mac.html',
        file_size = '57 MB',
        developer = 'TunesKit',
        activation = 'K''ed by TNT team',
        compatibility = 'OS X 10.9及以上版本',
        architecture = 'x86 (64-bit)',
        published_date = '2023/11/21',
        releaseDate = '',
        note = '',
        views = '10063',
        link = 'https://anonim.xyz/go/https://www.tuneskit.com/screen-recorder/',
        detail_version = '2.5.0',
        banner = '["https://appstorrent.ru/uploads/posts/2022-07/1569408821_screen-recorder_01.jpg","https://appstorrent.ru/uploads/posts/2022-07/1569408838_screen-recorder_02.jpg","https://appstorrent.ru/uploads/posts/2022-07/1569408849_screen-recorder_03.jpg"]'
    WHERE
        id = 295.0
    ;

  UPDATE tabs
  SET
    content = '
<p>Удобный 2 в 1 видео и аудиорекордер, позволяющий одним щелчком мыши захватывать любое видео и аудио с любого источника на экране компьютера, а также редактировать и сохранять записи в любом формате и на любом устройстве с сохранением высокого качества.</p>
<p><br></p>
<p>Эффективный инструмент записи экрана для захвата всего, что вы хотите, с рабочего стола</p>
<p>Мощная программа TunesKit Screen Recorder способна легко записывать все, что угодно на экране ПК или Mac, например, онлайн-видео, компьютерные игры, обучающие программы, видеолекции, вебинары, видеоконференции, видеозвонки, прямые трансляции и многое другое. Это не только высококачественный видеорекордер, но и независимый захват звука, который позволяет пользователям захватывать любой звук из системного звука и/или микрофона, включая потоковую музыку, звуковые эффекты, фоновую музыку или другие появляющиеся звуки через браузер, медиаплеер или многие другие приложения. Кроме того, вы также можете извлекать аудио из видео на компьютере и т.д. с качеством без потерь.</p>
<p><br></p>
<p>Запись видео и аудио на экране отдельно или одновременно</p>
<p>TunesKit Screen Recorder позволяет записывать видео и аудио с экрана, микрофона или веб-камеры. А если вы хотите записать только видео или только аудио? Это просто! Программа предлагает пользователям два варианта: запись видео (со звуком) или запись только звука. Другими словами, вы можете записать видео с экрана вместе со звуком или даже отключить звук; вы также можете выбрать захват только звука, либо системного звука, либо звука с микрофона, либо обоих одновременно. Вам предоставляется полная свобода действий, чтобы сделать все в соответствии с вашими потребностями.</p>
<p><br></p>
<p>Гибкие возможности для пользователей по настройке параметров</p>
<p>С TunesKit Screen Recorder вы можете настроить параметры по своему усмотрению. Например, вы можете захватывать весь экран, выбирать области для записи от 176*144, 1280*720 до 1920*1080 или устанавливать размер области захвата в соответствии с вашими требованиями. Или вы можете использовать планировщик времени для записи по расписанию, пока вас нет дома, заранее установив время начала и окончания записи. Кроме того, вы можете настроить свои собственные сочетания клавиш, добавить водяной знак, выделить курсор или щелчки различными интересными значками.</p>
<p><br></p>
<p>Запись экрана и сохранение в любом формате и на любом устройстве</p>
<p>TunesKit Screen Recorder - это универсальная утилита для записи экрана, которая позволяет сохранять записи на компьютере в многочисленных форматах, таких как MP4, M4V, MOV, MKV, WMV, MPEG, 3GP, WebM, 4K HD видео; MP3, M4A, M4B, AAC, FLAC, WAV и многих других. Вы также можете предварительно настроить и передать свои записи на различные портативные устройства, такие как iPhone, iPad, Apple Generic, телефон и планшет Galaxy, Huawei и другие Android Generic, а также игровые консоли и смарт-телевизоры и т.д. Кроме того, вы можете загружать записи и делиться ими в социальных сетях, таких как YouTube, Facebook, Vimeo и т.д.</p>
<p><br></p>
<p>Вывод записей высокого разрешения</p>
<p>Благодаря передовой технологии записи, используемой в программе, TunesKit Screen Recorder является идеальным инструментом для захвата любого видеоматериала с сохранением высокого исходного качества. В частности, это профессиональное программное обеспечение для захвата видео может записывать экран в высоком разрешении со скоростью до 60 кадров в секунду.</p>
',
    content_local = '
<p>一款方便的 2 合 1 视频和音频录音机，可让您一键捕获计算机屏幕上任何来源的任何视频和音频，并在任何设备上以任何格式编辑和保存录音，同时保持高质量。</p>
<p><br></p>
<p>一个有效的屏幕录制工具，可以从桌面捕获您想要的一切</p>
<p>功能强大的 TunesKit Screen Recorder 可以轻松录制 PC 或 Mac 屏幕上的任何内容，例如在线视频、电脑游戏、教程、视频讲座、网络研讨会、视频会议、视频通话、直播等。 它不仅是一个高品质的录像机，而且还是一个独立的音频捕获器，允许用户捕获来自系统音频和/或麦克风的任何音频，包括流媒体音乐、音效、背景音乐或其他通过浏览器、媒体出现的声音播放器或许多其他应用程序。 此外，您还可以从计算机等设备上的视频中提取音频。 质量无损失。</p>
<p><br></p>
<p>单独或同时在屏幕上录制视频和音频</p>
<p>TunesKit Screen Recorder 允许您从屏幕、麦克风或网络摄像头录制视频和音频。 如果您只想录制视频或仅录制音频怎么办？ 这很简单！ 该程序为用户提供两种选择：录制视频（带声音）或仅录制音频。 换句话说，您可以将屏幕视频与音频一起录制，甚至将音频静音； 您还可以选择仅捕获音频、系统音频、麦克风音频或两者。 您拥有完全的自由，可以根据自己的需要做任何事情。</p>
<p><br></p>
<p>为用户提供灵活的参数配置选项</p>
<p>使用 TunesKit Screen Recorder，您可以根据需要自定义设置。 例如，您可以捕获整个屏幕，选择录制区域从176*144、1280*720到1920*1080，或者根据您的要求设置捕获区域大小。 或者，您可以使用时间规划器来安排外出时的录制时间，提前设置录制的开始和结束时间。 此外，您还可以自定义自己的键盘快捷键、添加水印、突出显示光标或单击各种炫酷的图标。</p>
<p><br></p>
<p>录制屏幕并以任何格式保存在任何设备上</p>
<p>TunesKit Screen Recorder 是一款通用屏幕录制实用程序，可让您以 MP4、M4V、MOV、MKV、WMV、MPEG、3GP、WebM、4K 高清视频等多种格式将录制内容保存在计算机上； MP3、M4A、M4B、AAC、FLAC、WAV 等。 您还可以预设录音并将其传输到各种便携式设备，例如 iPhone、iPad、Apple Generic、Galaxy 手机和平板电脑、华为和其他 Android Generic，以及游戏机和智能电视等。 此外，您还可以下载录音并在 YouTube、Facebook、Vimeo 等社交网络上分享。</p>
<p><br></p>
<p>高分辨率录音输出</p>
<p>由于程序中使用了先进的录制技术，TunesKit Screen Recorder 是捕获任何视频片段同时保持高原始质量的理想工具。 具体来说，这款专业的视频捕获软件可以以高达每秒 60 帧的速度以高清方式录制您的屏幕。</p>
'
  WHERE
    app_id = 295.0 AND title = 'Описание'
;

  UPDATE download_info
  SET
    content_local = '<p>挂载镜像并启动 Open Gatekeeper friendly。</p>
<p>在终端窗口中按 Enter 键绕过 Gatekeeper。</p>
<p>将应用程序拖到“应用程序”文件夹中。</p>
<p>该应用程序已准备好使用。</p>',
    content = '<p>Смонтируйте образ и запустите&nbsp;Open Gatekeeper friendly.</p>
<p>Нажмите Enter для обхода Gatekeeper в окне Терминал.</p>
<p>Перетащите приложение в папку Программы (Applications).</p>
<p>Приложение готово к использованию.</p>'
  WHERE
    app_id = 295.0
;

      INSERT OR REPLACE INTO download_links (app_id, title, href, title_local, version)
      VALUES (295.0, 'Прямая ссылка на скачивание', 'https://vk.com/doc781359414_672841319', '直接链接下载安装程序', '2.5.0')
  ;

    UPDATE app
    SET
        name = 'UltraCompare',
        bg_image = 'https://appstorrent.ru/templates/appstorrent-4ac2e09b1a/assets/img/bg.webp',
        icon = 'https://appstorrent.ru/uploads/posts/2023-01/1672746142_icon.webp',
        version = '23.1.0.23',
        description = 'Сравнение файлов',
        description_local = '文件比较',
        detail_url = 'https://appstorrent.ru/535-ultracompare.html',
        file_size = '36 MB',
        developer = 'IDM Computer Solutions',
        activation = 'K''ed by TNT team',
        compatibility = 'macOS 10.13及以上版本',
        architecture = 'x86 (64-bit)',
        published_date = '2023/11/23',
        releaseDate = '',
        note = '',
        views = '11183',
        link = 'https://anonim.xyz/go/https://www.ultraedit.com/products/ultracompare-mac/',
        detail_version = '23.1.0.23',
        banner = '["https://appstorrent.ru/uploads/posts/2022-12/1670150635_1.jpeg","https://appstorrent.ru/uploads/posts/2022-12/1670150635_2.jpeg","https://appstorrent.ru/uploads/posts/2022-12/1670150635_3.jpeg","https://appstorrent.ru/uploads/posts/2022-12/1670150636_4.jpeg"]'
    WHERE
        id = 314.0
    ;

  UPDATE tabs
  SET
    content = '
<p>UltraCompare — это текстовый редактор, оптимизированный для работы одновременно с несколькими файлами, с целью нахождения отличий в этих файлах. Поддерживает построчное сравнение (Binary Compare) отдельных файлов. В строке состояния отображается количество различных блоков, также предусмотрена возможность поиска различий в папках путём рекурсивного сравнения директории и всех её поддиректорий.</p>
<p><br></p>
<p>Ключевая особенность</p>
<p>Сравнить 2 или 3 файла за раз</p>
<p>Объединить различия</p>
<p>Фильтровать сравнение, чтобы показать только совпадения или различия</p>
<p>Игнорировать пробелы, окончания строк, конкретные строки и т. Д.</p>
<p>Вручную установить начальную точку сравнения текста</p>
<p>Редактируйте текстовые файлы по мере их сопоставления</p>
<p>Вставить и сравнить фрагменты текста</p>
<p>Предварительный просмотр HTML-файлов в браузере</p>
<p>Сравните файлы из Интернета по URL-адресу</p>
<p>Сравните файлы и папки с FTP / SFTP</p>
<p>Сканирование и перемещение различий с помощью мини-карты</p>
<p>Сравнение документов Word (.doc / .docx), PDF и RTF</p>
<p>Синхронизировать папки быстро и легко</p>
<p>Поиск и устранение дубликатов файлов</p>
<p>Сохранение и повторное использование наиболее часто используемых сравнений с сеансами</p>
<p>Перетаскивание папок и файлов для их сравнения.</p>
<p>Интеграция с проводником Windows</p>
<p>Интеграция с Subversion, CVS, Visual SourceSafe, Perforce и т. Д.</p>
<p>Изменить приложение и сравнить цвета с темами</p>
<p>Показать сравнение по вертикали или по горизонтали</p>
<p>Сохранять разницу и отчеты о результатах</p>
',
    content_local = '
<p>UltraCompare 是一款文本编辑器，经过优化，可同时处理多个文件，以查找这些文件中的差异。 支持单个文件的逐行比较（Binary Compare）。 状态栏显示不同块的数量，还可以通过递归比较目录及其所有子目录来搜索文件夹中的差异。</p>
<p><br></p>
<p>关键特点</p>
<p>一次比较 2 或 3 个文件</p>
<p>统一差异</p>
<p>过滤比较以仅显示匹配或差异</p>
<p>忽略空格、行结尾、特定行等。</p>
<p>手动设置文本比较的起点</p>
<p>匹配文本文件时对其进行编辑</p>
<p>插入并比较文本片段</p>
<p>在浏览器中预览 HTML 文件</p>
<p>通过 URL 比较来自 Internet 的文件</p>
<p>使用 FTP/SFTP 比较文件和文件夹</p>
<p>使用小地图扫描并移动差异</p>
<p>Word (.doc / .docx)、PDF 和 RTF 文档的比较</p>
<p>快速轻松地同步文件夹</p>
<p>查找并消除重复文件</p>
<p>保存并重复使用最常用的会话比较</p>
<p>拖放文件夹和文件以进行比较。</p>
<p>与 Windows 资源管理器集成</p>
<p>与 Subversion、CVS、Visual SourceSafe、Perforce 等集成。</p>
<p>更改应用程序并将颜色与主题进行比较</p>
<p>垂直或水平显示比较</p>
<p>保存差异并报告结果</p>
'
  WHERE
    app_id = 314.0 AND title = 'Описание'
;

  UPDATE download_info
  SET
    content_local = '<p>挂载镜像并启动 Open Gatekeeper friendly。</p>
<p>在终端窗口中按 Enter 键绕过 Gatekeeper。</p>
<p>将应用程序拖到“应用程序”文件夹中。</p>
<p>该应用程序已准备好使用。</p>',
    content = '<p>Смонтируйте образ и запустите Open Gatekeeper friendly.</p>
<p>Нажмите Enter для обхода Gatekeeper в окне Терминал.</p>
<p>Перетащите приложение в папку Программы (Applications).</p>
<p>Приложение готово к использованию.</p>'
  WHERE
    app_id = 314.0
;

      INSERT OR REPLACE INTO download_links (app_id, title, href, title_local, version)
      VALUES (314.0, 'Прямая ссылка на скачивание', 'https://vk.com/doc781359414_672899010', '直接链接下载安装程序', '23.1.0.23')
  ;

    UPDATE app
    SET
        name = 'Notebooks',
        bg_image = 'https://appstorrent.ru/templates/appstorrent-4ac2e09b1a/assets/img/bg.webp',
        icon = 'https://appstorrent.ru/uploads/posts/2023-02/1676912699_icon.webp',
        version = '3.3.2',
        description = 'Продвинутый блокнот',
        description_local = '高级记事本',
        detail_url = 'https://appstorrent.ru/947-notebooks.html',
        file_size = '19 MB',
        developer = 'Alfons Schmid',
        activation = 'K''ed by TNT team',
        compatibility = 'OS X 10.11及以上版本',
        architecture = 'ARMx86 (64-bit)',
        published_date = '2023/11/21',
        releaseDate = '',
        note = '',
        views = '22697',
        link = 'https://anonim.xyz/go/https://www.notebooksapp.com/mac',
        detail_version = '3.3.2',
        banner = '["https://appstorrent.ru/uploads/posts/2022-03/1646691573_notebooks-1.jpg","https://appstorrent.ru/uploads/posts/2022-03/1646691572_notebooks-2.jpg","https://appstorrent.ru/uploads/posts/2022-03/1646691572_notebooks-3.jpg","https://appstorrent.ru/uploads/posts/2022-03/1646691572_notebooks-4.jpg"]'
    WHERE
        id = 315.0
    ;

  UPDATE download_info
  SET
    content_local = '<p>挂载镜像并启动 Open Gatekeeper friendly。</p>
<p>在终端窗口中按 Enter 键绕过 Gatekeeper。</p>
<p>将应用程序拖到“应用程序”文件夹中。</p>
<p><span style="color:rgb(251,160,38);">注意力！ 必须禁用 SIP。&nbsp;</span><span style="color:rgb(13,132,251);"><a href="/510-sip.html" target="_blank">更多细节</a> &gt;</span></p>',
    content = '<p>Смонтируйте образ и запустите&nbsp;Open Gatekeeper friendly.</p>
<p>Нажмите Enter для обхода Gatekeeper в окне Терминал.</p>
<p>Перетащите приложение в папку Программы (Applications).</p>
<p><span style="color:rgb(251,160,38);">ВНИМАНИЕ! Требуется отключение SIP.&nbsp;</span><span style="color:rgb(13,132,251);"><a href="/510-sip.html" target="_blank">Подробнее</a> &gt;</span></p>'
  WHERE
    app_id = 315.0
;

      INSERT OR REPLACE INTO download_links (app_id, title, href, title_local, version)
      VALUES (315.0, 'Прямая ссылка на скачивание', 'https://vk.com/doc781359414_672823483', '直接链接下载安装程序', '3.3.2')
  ;

    UPDATE app
    SET
        name = 'Vidmore Player',
        bg_image = 'https://appstorrent.ru/uploads/posts/2022-07/1657377331_cover.jpg',
        icon = 'https://appstorrent.ru/uploads/posts/2023-02/1675511095_icon.webp',
        version = '1.0.58',
        description = 'Медиаплеер',
        description_local = '媒体播放器',
        detail_url = 'https://appstorrent.ru/1393-vidmore-player.html',
        file_size = '44 MB',
        developer = 'Vidmore',
        activation = 'K''ed by TNT team',
        compatibility = 'OS X 10.10及以上版本',
        architecture = 'x86 (64-bit)',
        published_date = '2023/11/21',
        releaseDate = '',
        note = '',
        views = '16781',
        link = 'https://anonim.xyz/go/https://www.vidmore.com/vidmore-player/',
        detail_version = '1.0.58',
        banner = '["https://appstorrent.ru/uploads/posts/2022-07/1595155646_vidmore-player_01.jpg","https://appstorrent.ru/uploads/posts/2022-07/1595155666_vidmore-player_02.jpg"]'
    WHERE
        id = 316.0
    ;

  UPDATE tabs
  SET
    content = '
<p>Vidmore Player — это универсальный медиаплеер, который не только поддерживает воспроизведение фильмов, но также поддерживает все распространенные форматы видео и аудио файлов, такие как MP4, MOV, AVI, WMV, MPEG, 3GP, M2TS, MP3, WMA. , ААС и т.д.</p>
<p><br></p>
<p>Основные функции</p>
<p><br></p>
<p>1. Воспроизведение дисков Blu-ray/папок/файлов ISO С помощью Vidmore Player вы можете воспроизводить диски Blu-ray/папки/файлы ISO с эффектом звука без потерь, а также с качеством изображения HD. Он поддерживает различные типы дисков Blu-ray, такие как BD-5, BD-9, BD-25, BD-50 и т. д. Он предоставляет функцию настройки видеоэффектов, таких как настройка оттенка/яркости/контрастности/насыщенности и гаммы.</p>
<p><br></p>
<p>2. Воспроизведение DVD-диска/папки/файлов ISO Хотите воспроизвести старые DVD-диски, которые вы собирали ранее? Вы хотите воспроизводить папки DVD? Вы хотите воспроизводить файлы ISO? Vidmore Player может сделать это за вас. Он может воспроизводить DVD-диск / папку / файлы ISO, а также позволяет изменять дорожку субтитров / звуковую дорожку.</p>
<p><br></p>
<p>3. Воспроизведение любых обычных видео. Если вы хотите воспроизводить какие-либо популярные видео- и аудиофайлы, вы можете подумать о Vidmore Player. Он может не только воспроизводить диски Blu-ray/папки/файлы ISO и DVD-диски/папки/файлы ISO, но также воспроизводить другие распространенные видео, такие как MP4, MPG, M4V, TS, MTS, M2TS, MXF, WMV, ASF, MKV, F4V, FLV, VOB и т. д. Кроме того, вы также можете наслаждаться видео 4K UHD и 1080p/720 HD.</p>
<p><br></p>
<p>4. Высокое качество вывода Благодаря передовым технологиям декодирования звука, таким как Dolby, DTS, AAC, TrueHD и другим, вы можете наслаждаться высоким качеством своих медиафайлов. Вы также можете щелкнуть значок «Снимок» или использовать горячую клавишу, чтобы сделать снимок экрана при воспроизведении фильмов.</p>
',
    content_local = '
<p>Vidmore Player是一款一体化媒体播放器，不仅支持电影播放，还支持所有常见的视频和音频文件格式，如MP4、MOV、AVI、WMV、MPEG、3GP、M2TS、MP3、WMA。 、原子吸收分光光度法等</p>
<p><br></p>
<p>主要功能</p>
<p><br></p>
<p>1. 播放蓝光光盘/文件夹/ISO文件 使用Vidmore Player，您可以播放具有无损音效和高清画质的蓝光光盘/文件夹/ISO文件。 支持BD-5、BD-9、BD-25、BD-50等多种类型蓝光光盘，提供色调/亮度/对比度/饱和度、伽玛调整等视频效果定制功能。</p>
<p><br></p>
<p>2. 播放DVD光盘/文件夹/ISO文件想要播放您以前收集的旧DVD吗？ 您想播放 DVD 文件夹吗？ 你想播放 ISO 文件吗？ Vidmore Player 可以为您做到这一点。 它可以播放 DVD 光盘/文件夹/ISO 文件，还允许您更改字幕轨道/音轨。</p>
<p><br></p>
<p>3. 播放任何常规视频。 如果您想播放任何流行的视频和音频文件，您可以考虑Vidmore Player。 它不仅可以播放蓝光光盘/文件夹/ISO文件和DVD光盘/文件夹/ISO文件，还可以播放其他常见视频，如MP4、MPG、M4V、TS、MTS、M2TS、MXF、WMV、ASF、MKV 、F4V、FLV、VOB等。此外，您还可以欣赏4K超高清和1080p/720高清视频。</p>
<p><br></p>
<p>4. 高品质输出 借助杜比、DTS、AAC、TrueHD 等先进的音频解码技术，您可以享受高品质的媒体文件。 您还可以在播放电影时单击“快照”图标或使用热键截取屏幕截图。</p>
'
  WHERE
    app_id = 316.0 AND title = 'Описание'
;

  UPDATE download_info
  SET
    content_local = '<p>挂载镜像并启动 Open Gatekeeper friendly。</p>
<p>在终端窗口中按 Enter 键绕过 Gatekeeper。</p>
<p>将应用程序拖到“应用程序”文件夹中。</p>
<p>该应用程序已准备好使用。</p>',
    content = '<p>Смонтируйте образ и запустите Open Gatekeeper friendly.</p>
<p>Нажмите Enter для обхода Gatekeeper в окне Терминал.</p>
<p>Перетащите приложение в папку Программы (Applications).</p>
<p>Приложение готово к использованию.</p>'
  WHERE
    app_id = 316.0
;

      INSERT OR REPLACE INTO download_links (app_id, title, href, title_local, version)
      VALUES (316.0, 'Прямая ссылка на скачивание', 'https://vk.com/doc781359414_672849599', '直接链接下载安装程序', '1.0.58')
  ;

    UPDATE app
    SET
        name = 'Find Any File (FAF)',
        bg_image = 'https://appstorrent.ru/uploads/posts/2021-11/1637857479_faf.jpg',
        icon = 'https://appstorrent.ru/uploads/posts/2022-12/1672397836_icon.webp',
        version = '2.4.2 beta1',
        description = 'Поиск файлов и папок',
        description_local = '搜索文件和文件夹',
        detail_url = 'https://appstorrent.ru/528-find-any-file.html',
        file_size = '16 MB',
        developer = 'Thomas Tempelmann',
        activation = 'K''ed by TNT team',
        compatibility = 'OS X 10.11及以上版本',
        architecture = 'ARMx86 (64-bit)',
        published_date = '2023/11/27',
        releaseDate = '',
        note = '',
        views = '32214',
        link = 'https://anonim.xyz/go/https://apps.tempel.org/FindAnyFile/',
        detail_version = '2.4.2 beta1',
        banner = '["https://appstorrent.ru/uploads/posts/2022-12/1619179887_1.jpg","https://appstorrent.ru/uploads/posts/2021-04/1619179875_2.jpg","https://appstorrent.ru/uploads/posts/2021-04/1619179934_3.jpg","https://appstorrent.ru/uploads/posts/2021-04/1619179911_4.jpg"]'
    WHERE
        id = 317.0
    ;

  UPDATE tabs
  SET
    content = '
<p>Недовольны Spotlight, потому что он не находит файлы, о существовании которых вы знаете? Используйте FAF, чтобы найти все файлы на ваших дисках, включая те, которые обычно скрыты. По имени файла, дате, размеру и даже текстовому содержимому.</p>
<p><br></p>
<p>Вы даже можете выполнять поиск на дисках, которые не индексируются Spotlight, включая тома серверов. Find Any File может найти файлы, которых нет в Spotlight, например те, которые находятся внутри пакетов, а также в системных папках, которые обычно исключаются из поиска Spotlight.</p>
<p><br></p>
<p>В отличие от Spotlight, он не использует базу данных, а ищет данные на диске напрямую. Это позволяет вам искать свойства файла, такие как имя, даты создания и изменения, размер файла, даже простой текст внутри файлов.</p>
<p><br></p>
<p>Еще одна полезная функция - это иерархический просмотр результатов. Он позволяет просматривать найденные элементы в соответствующих папках, что значительно упрощает просмотр сотен найденных элементов.</p>
<p><br></p>
<p><br></p>
<p>•• Примечание ••</p>
<p>FAF не может искать содержимое файла, кроме обычного (неформатированного) текста - и даже это довольно медленно, поэтому не ожидайте, что это будет хорошей заменой для Spotlight.</p>
<p><br></p>
<p>Для поиска текста в документах электронной почты, Word, PDF и подобных файлах Spotlight по-прежнему является лучшим инструментом (результаты которого можно улучшить с помощью Tembo, также доступного в App Store).</p>
',
    content_local = '
<p>对 Spotlight 感到沮丧，因为它找不到您已知存在的文件？ 使用 FAF 查找驱动器上的所有文件，包括通常隐藏的文件。 按文件名、日期、大小甚至文本内容。</p>
<p><br></p>
<p>您甚至可以搜索未由 Spotlight 索引的驱动器，包括服务器卷。 “查找任何文件”可以查找不在 Spotlight 中的文件，例如包内的文件，以及通常从 Spotlight 搜索中排除的系统文件夹中的文件。</p>
<p><br></p>
<p>与 Spotlight 不同的是，它不使用数据库，而是直接在磁盘中搜索数据。 它允许您搜索文件属性，例如名称、创建和修改日期、文件大小，甚至文件内的纯文本。</p>
<p><br></p>
<p>另一个有用的功能是结果的分层查看。 它允许您查看各自文件夹中的找到的项目，从而更轻松地浏览数百个找到的项目。</p>
<p><br></p>
<p><br></p>
<p>•• 笔记 ••</p>
<p>FAF 无法搜索除纯（未格式化）文本之外的文件内容 - 即使这样速度也相当慢，因此不要指望它能成为 Spotlight 的良好替代品。</p>
<p><br></p>
<p>对于在电子邮件文档、Word、PDF 和类似文件中搜索文本，Spotlight 仍然是最好的工具（其结果可以通过 Tembo 进行改进，Tembo 也可在 App Store 中找到）。</p>
'
  WHERE
    app_id = 317.0 AND title = 'Описание'
;

  UPDATE download_info
  SET
    content_local = '<p>挂载镜像并启动 Open Gatekeeper friendly。</p>
<p>在终端窗口中按 Enter 键绕过 Gatekeeper。</p>
<p>将应用程序拖到“应用程序”文件夹中。</p>
<p>该应用程序已准备好使用。</p>',
    content = '<p>Смонтируйте образ и запустите Open Gatekeeper friendly.</p>
<p>Нажмите Enter для обхода Gatekeeper в окне Терминал.</p>
<p>Перетащите приложение в папку Программы (Applications).</p>
<p>Приложение готово к использованию.</p>'
  WHERE
    app_id = 317.0
;

      INSERT OR REPLACE INTO download_links (app_id, title, href, title_local, version)
      VALUES (317.0, 'Прямая ссылка на скачивание', 'https://vk.com/doc781359414_673057441', '直接链接下载安装程序', '2.4.2 beta1')
  ;

    INSERT INTO older_versions (app_id, title, url, title_local)
    VALUES (317.0, 'Find Any File v2.4b12 [HCiSO] для OS X 10.11 и новее', 'https://vk.com/doc781359414_671454477', 'Find Any File v2.4b12 [HCiSO] 适用于 OS X 10.11 及以上版本')
;

    UPDATE app
    SET
        name = 'Multitouch',
        bg_image = 'https://appstorrent.ru/templates/appstorrent-4ac2e09b1a/assets/img/bg.webp',
        icon = 'https://appstorrent.ru/uploads/posts/2023-01/1673090413_icon.webp',
        version = '1.27.22',
        description = 'Мультитач',
        description_local = '多点触摸',
        detail_url = 'https://appstorrent.ru/327-multitouch.html',
        file_size = '11 MB',
        developer = 'Ryan Hanson',
        activation = 'K''ed by TNT team',
        compatibility = 'macOS 10.15及以上版本',
        architecture = 'ARMx86 (64-bit)',
        published_date = '2023/11/25',
        releaseDate = '',
        note = '',
        views = '54362',
        link = 'https://anonim.xyz/go/https://multitouch.app/',
        detail_version = '1.27.22',
        banner = '["https://appstorrent.ru/uploads/posts/2022-12/1610628639_1.jpg","https://appstorrent.ru/uploads/posts/2021-01/1610628654_2.jpg","https://appstorrent.ru/uploads/posts/2021-01/1610628651_3.jpg","https://appstorrent.ru/uploads/posts/2021-01/1610628661_4.jpg"]'
    WHERE
        id = 320.0
    ;

  UPDATE tabs
  SET
    content = '
<p>Multitouch (ранее TouchOven) связывает настраиваемое действие с Magic Trackpad или Magic Mouse. Например, щелчок тремя пальцами может выполнить вставку. Улучшите свой рабочий процесс, используя сочетания клавиш, управляя вкладками браузера, выполняя щелчок средней кнопкой мыши и многое другое.</p>
<p><br></p>
<p>Запись нажатий клавиш или вставка текста в приложение Multitouch</p>
<p>Иногда у вас возникают утомительные задачи, требующие, чтобы вы просто вводили один и тот же текст в кучу разных мест, а копировать и вставлять просто недостаточно. Теперь в Multitouch есть два варианта, которые могут вам помочь: запись нажатия клавиш и вставка текста. Оба эти параметра можно привязать к жесту или сочетанию клавиш.</p>
<p><br></p>
<p>Если вы уже пользовались этим приложением раньше, настройка любого из них должна быть довольно простой. Оба они могут быть выбраны в категории «Сочетание клавиш и ввод клавиш». Для записи нажатия клавиш начните с выбора появившейся текстовой области, а затем введите нажатия клавиш на клавиатуре. Для «Вставить текст» просто поместите нужный текст в текстовую область.</p>
<p><br></p>
<p>Несколько вещей, которые нужно знать о записи нажатия клавиш:</p>
<p><br></p>
<p>При вводе нажатий клавиш вам просто нужно знать, что это не обычный текстовый ввод - он будет записывать каждое нажатие клавиши, включая возврат.</p>
<p><br></p>
<p>Кроме того, флаги модификаторов записываются, даже если вы не видите их в текстовой области. Это означает, что он может действовать как своего рода составной регистратор сочетаний клавиш, хотя это не является предполагаемой целью. Также следует иметь в виду, что записанные нажатия клавиш будут воспроизводиться без временной задержки, независимо от времени, затрачиваемого на ввод нажатий клавиш. Если вы выполните настроенный жест / ярлык для регистратора нажатий клавиш, вы заметите, что все нажатия клавиш воспроизводятся последовательно, а не все сразу.</p>
',
    content_local = '
<p>多点触控（以前称为 TouchOven）将自定义操作与 Magic Trackpad 或 Magic Mouse 相关联。 例如，三指单击可以执行粘贴。 通过键盘快捷键、浏览器选项卡管理、中键单击等改进您的工作流程。</p>
<p><br></p>
<p>在多点触控应用程序中记录击键或粘贴文本</p>
<p>有时，您需要执行繁琐的任务，需要您在多个不同的位置键入相同的文本，而复制和粘贴是不够的。 多点触控中现在有两个选项可以帮助您：记录击键和插入文本。 这两个选项都可以绑定到手势或键盘快捷键。</p>
<p><br></p>
<p>如果您以前使用过此应用程序，那么设置任一应用程序都应该非常简单。 两者都可以在快捷键和按键输入类别下选择。 要记录击键，请首先选择出现的文本区域，然后在键盘上输入击键。 要“插入文本”，只需将所需的文本放入文本区域即可。</p>
<p><br></p>
<p>关于击键记录需要了解的一些事项：</p>
<p><br></p>
<p>当输入击键时，您只需要知道这不是正常的文本输入 - 它会记录每个击键，包括退格键。</p>
<p><br></p>
<p>此外，即使您在文本区域中看不到修饰符标志，也会记录它们。 这意味着它可以充当一种复合键盘快捷键记录器，尽管这不是预期目的。 另请记住，无论输入击键所需的时间如何，记录的击键都将无时间延迟地回放。 如果您执行自定义的击键记录器手势/快捷键，您会注意到所有击键都是按顺序播放的，而不是同时播放的。</p>
'
  WHERE
    app_id = 320.0 AND title = 'Описание'
;

  UPDATE download_info
  SET
    content_local = '<p>挂载镜像并启动 Open Gatekeeper friendly。</p>
<p>在终端窗口中按 Enter 键绕过 Gatekeeper。</p>
<p>将应用程序拖到“应用程序”文件夹中。</p>
<p>该应用程序已准备好使用。</p>',
    content = '<p>Смонтируйте образ и запустите Open Gatekeeper friendly.</p>
<p>Нажмите Enter для обхода Gatekeeper в окне Терминал.</p>
<p>Перетащите приложение в папку Программы (Applications).</p>
<p>Приложение готово к использованию.</p>'
  WHERE
    app_id = 320.0
;

      INSERT OR REPLACE INTO download_links (app_id, title, href, title_local, version)
      VALUES (320.0, 'Прямая ссылка на скачивание', 'https://vk.com/doc781359414_672997612', '直接链接下载安装程序', '1.27.22')
  ;

    INSERT INTO older_versions (app_id, title, url, title_local)
    VALUES (320.0, 'Multitouch 1.27.14 [TNT] для macOS 10.14.6 и новее', 'https://vk.com/doc781359414_665207265', 'Multitouch 1.27.14 [TNT] 适用于 macOS 10.14.6 及以上版本')
;

    UPDATE app
    SET
        name = 'eMail Address Extractor',
        bg_image = 'https://appstorrent.ru/uploads/posts/2022-07/1659281704_cover.webp',
        icon = 'https://appstorrent.ru/uploads/posts/2023-06/icon.webp',
        version = '4.5',
        description = 'Почтовый маркетинг',
        description_local = '电子邮件营销',
        detail_url = 'https://appstorrent.ru/1608-email-address-extractor.html',
        file_size = '6 MB',
        developer = 'SweetP Productions inc.',
        activation = 'K''ed by TNT team',
        compatibility = 'macOS 11及以上版本',
        architecture = 'ARMx86 (64-bit)',
        published_date = '2023/11/22',
        releaseDate = '',
        note = '',
        views = '11962',
        link = 'https://anonim.xyz/go/https://emailaddressextractor.sweetpproductions.com/',
        detail_version = '4.5',
        banner = '["https://appstorrent.ru/uploads/posts/2023-06/1.webp","https://appstorrent.ru/uploads/posts/2023-06/2.webp","https://appstorrent.ru/uploads/posts/2023-06/3.webp"]'
    WHERE
        id = 322.0
    ;

  UPDATE tabs
  SET
    content = '
<p>Интуитивно понятное средство извлечения адресов электронной почты: просто выберите формат выходного файла, а затем перетащите файлы данных или целые каталоги в зону перетаскивания вручную, чтобы быстро создать неповторяющийся список всех действительных адресов электронной почты.</p>
<p><br></p>
<p>eMail Address Extractor может сканировать многие распространенные типы файлов. Pages, Keynote, Numbers, Microsoft Office, PDF, emlx, базы данных SQL — практически любой файл, содержащий обычный текст в формате acsii, можно отсканировать. Zip-архивы можно обрабатывать напрямую — нет необходимости расширять их перед сканированием. Учетные записи электронной почты Mail.app также легко сканируются с помощью удобной панели инструментов.</p>
<p><br></p>
<p>Выберите выходной файл .csv или .txt для ваших списков рассылки. Экономьте время, создавая фильтры для игнорирования определенных типов файлов или адресов электронной почты при сканировании. Быстро сканируйте заголовки в учетных записях Mail.app. Или запустите глубокое сканирование, чтобы также включить содержимое. Обрабатывайте файлы через меню или с помощью перетаскивания — выберите то, что лучше всего подходит для вашего рабочего процесса.</p>
<p><br></p>
<p>Интеллектуальный скребок URL-адресов включен в панель инструментов для быстрого сканирования веб-страниц или целых доменов. Нет необходимости вручную просматривать веб-сайты для получения контактной информации. Подайте URL-адрес для извлечения адресов электронной почты, выберите сканирование страницы или всего домена и настройте его на работу. Все обнаруженные электронные письма будут аккуратно упакованы в выбранный вами формат.</p>
',
    content_local = '
<p>直观的电子邮件地址提取器：只需选择输出文件格式，然后手动将数据文件或整个目录拖到拖放区域中，即可快速创建所有有效电子邮件地址的非重复列表。</p>
<p><br></p>
<p>电子邮件地址提取器可以扫描许多常见的文件类型。 Pages、Keynote、Numbers、Microsoft Office、PDF、emlx、SQL 数据库 - 几乎任何包含 acsii 格式纯文本的文件都可以扫描。 Zip 存档可以直接处理 - 扫描前无需扩展它们。 Mail.app 电子邮件帐户也可以使用用户友好的工具栏轻松扫描。</p>
<p><br></p>
<p>为您的邮件列表选择 .csv 或 .txt 输出文件。 通过创建过滤器在扫描时忽略某些文件类型或电子邮件地址来节省时间。 快速扫描 Mail.app 帐户中的标头。 或者运行深度扫描以包含内容。 通过菜单或拖放处理文件 - 选择最适合您的工作流程的方式。</p>
<p><br></p>
<p>工具栏中包含智能 URL 抓取工具，可快速扫描网页或整个域。 无需手动浏览网站即可获取联系信息。 提交 URL 以提取电子邮件地址，选择扫描页面或整个域，然后将其设置为工作。 所有检测到的电子邮件都将以您选择的格式整齐地打包。</p>
'
  WHERE
    app_id = 322.0 AND title = 'Описание'
;

  UPDATE download_info
  SET
    content_local = '<p>挂载镜像并启动 Open Gatekeeper friendly。</p>
<p>在终端窗口中按 Enter 键绕过 Gatekeeper。</p>
<p>将应用程序拖到“应用程序”文件夹中。</p>
<p>该应用程序已准备好使用。</p>',
    content = '<p>Смонтируйте образ и запустите&nbsp;Open Gatekeeper friendly.</p>
<p>Нажмите Enter для обхода Gatekeeper в окне Терминал.</p>
<p>Перетащите приложение в папку Программы (Applications).</p>
<p>Приложение готово к использованию.</p>'
  WHERE
    app_id = 322.0
;

      INSERT OR REPLACE INTO download_links (app_id, title, href, title_local, version)
      VALUES (322.0, 'Прямая ссылка на скачивание', 'https://vk.com/doc781359414_672867843', '直接链接下载安装程序', '4.5')
  ;

    INSERT INTO older_versions (app_id, title, url, title_local)
    VALUES (322.0, 'eMail Address Extractor 4.2 [TNT] для macOS 10.12 и новее', 'https://vk.com/s/v1/doc/TBrd9AmYp81qXMbGvZs1cKnhrbhocUDvAjWphs-h-ifq-g7I7NE', 'eMail Address Extractor 4.2 [TNT] 适用于 macOS 10.12 及以上版本')
;

    UPDATE app
    SET
        name = 'Timemator',
        bg_image = 'https://appstorrent.ru/templates/appstorrent-4ac2e09b1a/assets/img/bg.webp',
        icon = 'https://appstorrent.ru/uploads/posts/2022-12/1671028105_icon.webp',
        version = '3.0.4',
        description = 'Отслеживание времени',
        description_local = '时间跟踪',
        detail_url = 'https://appstorrent.ru/667-timemator.html',
        file_size = '28 MB',
        developer = 'Catforce Studio',
        activation = 'K''ed by TNT team',
        compatibility = 'macOS 10.15及以上版本',
        architecture = 'ARMx86 (64-bit)',
        published_date = '2023/11/24',
        releaseDate = '',
        note = '',
        views = '24831',
        link = 'https://anonim.xyz/go/https://timemator.com/',
        detail_version = '3.0.4',
        banner = '["https://appstorrent.ru/uploads/posts/2022-12/1627672616_1625057803-60dc6a0b47428.jpg","https://appstorrent.ru/uploads/posts/2021-07/1627672617_1625057804-60dc6a0cb4944.jpg","https://appstorrent.ru/uploads/posts/2021-07/1627672619_1625057796-60dc6a044177a.png","https://appstorrent.ru/uploads/posts/2021-07/1627672620_1625057796-60dc6a043f694.jpg"]'
    WHERE
        id = 332.0
    ;

  UPDATE tabs
  SET
    content = '
<p>Примечания к выпуску доступны на официальном сайте <span style="color:rgb(13,132,251);"><a href="https://anonim.xyz/go/https://timemator.com/updates/" target="_blank" rel="noopener external noreferrer">timemator.com</a> &gt;</span></p>
',
    content_local = '
<p>发行说明可在官方网站上找到 <span style="color:rgb(13,132,251);"><a href="https://anonim.xyz/go/https://timemator.com/updates/" target="_blank" rel="noopener external noreferrer">timemator.com</a> &gt;</span></p>
'
  WHERE
    app_id = 332.0 AND title = 'Что нового'
;

  UPDATE download_info
  SET
    content_local = '<p>挂载镜像并启动 Open Gatekeeper friendly。</p>
<p>在终端窗口中按 Enter 键绕过 Gatekeeper。</p>
<p>将应用程序拖到“应用程序”文件夹中。</p>
<p>该应用程序已准备好使用。</p>',
    content = '<p>Смонтируйте образ и запустите&nbsp;Open Gatekeeper friendly.</p>
<p>Нажмите Enter для обхода Gatekeeper в окне Терминал.</p>
<p>Перетащите приложение в папку Программы (Applications).</p>
<p>Приложение готово к использованию.</p>'
  WHERE
    app_id = 332.0
;

      INSERT OR REPLACE INTO download_links (app_id, title, href, title_local, version)
      VALUES (332.0, 'Прямая ссылка на скачивание', 'https://vk.com/doc781359414_672946172', '直接链接下载安装程序', '3.0.4')
  ;

    UPDATE app
    SET
        name = 'Coherence X',
        bg_image = 'https://appstorrent.ru/templates/appstorrent-4ac2e09b1a/assets/img/bg.webp',
        icon = 'https://appstorrent.ru/uploads/posts/2023-01/1674745682_icon.webp',
        version = '4.5.2',
        description = 'Сайт в приложение',
        description_local = '网站到应用程序',
        detail_url = 'https://appstorrent.ru/733-coherence-x.html',
        file_size = '13 MB',
        developer = 'BZG',
        activation = 'K''ed by TNT team',
        compatibility = 'macOS 10.15及以上版本',
        architecture = 'ARMx86 (64-bit)',
        published_date = '2023/11/18',
        releaseDate = '',
        note = '',
        views = '30515',
        link = 'https://anonim.xyz/go/https://www.bzgapps.com/coherence',
        detail_version = '4.5.2',
        banner = '["https://appstorrent.ru/uploads/posts/2022-12/1633099463_1.jpeg","https://appstorrent.ru/uploads/posts/2021-10/1633099464_2.jpeg","https://appstorrent.ru/uploads/posts/2021-10/1633099464_3.jpeg","https://appstorrent.ru/uploads/posts/2021-10/1633099465_4.jpeg"]'
    WHERE
        id = 373.0
    ;

  UPDATE tabs
  SET
    content = '
<p>Coherence X позволит превратить фактически любой веб сайт в приложение на вашем Mac. Каждая программа создается полностью независимой, изолированной и имеет опции настройки. Основываясь на Chrome, приложение отлично работает фактически со всеми веб сайтами и позволяет вам переносить свои расширения и профили. Выберите определенный тип приложения и создавайте бесчисленное количество программ.</p>
<p><br></p>
<p>Отдельное приложение за секунды</p>
<p>Используя Chrome в качестве движка, Coherence Pro позволяет вам работать с преимуществами Chrome, такими, как Canary или веб плеер Spotify, и создавать полностью независимые приложения. Можно массово создавать программы, если вам потребуется больше одной, перенося настройки между приложениями.</p>
<p><br></p>
<p>Расширения и профили Chrome</p>
<p>Позвольте Coherence Pro автоматически импортировать расширения и профили из ваших версий Chrome. Так, создавая программу для социальных сетей, вы можете добавить 1Password, Pocket и другие полезные расширения, усиливая свое приложение. Кроме того, Coherence Pro будет отслеживать ваши любимые расширения.</p>
<p><br></p>
<p>Переключайтесь между режимами приложения</p>
<p>Программа идет с тремя разными UI вариантами: "одно окно", традиционный вид Chrome и многооконный дизайн. Выбирайте предпочтительный тип, будь то нативный многоаспектный интерфейс или пространство для многозадачности. При необходимости, копируйте настройки между приложениями.</p>
<p><br></p>
<p>Сила многооконного дизайна</p>
<p>Приложения с несколькими окнами дают вам свободу с точки зрения функциональности. Например, вы можете создать нативный почтовый клиент при помощи приложения Unite. Однако, только с многооконным дизайном Coherence Pro можно добавить несколько почтовых аккаунтов и переключаться между ними в самом приложении.</p>
<p><br></p>
<p>Рабочие области внутри программы</p>
<p>Coherence Pro дает вам пространство для креатива. Набор различных функциональных возможностей позволяет вам создавать приложения, являющиеся рабочими областями. К примеру, если вам надоело переключаться между платформами, вы можете использовать многооконный интерфейс Coherence Pro, заключив наиболее посещаемые сайты в приложение.</p>
',
    content_local = '
<p>Coherence X 允许您将几乎任何网站变成 Mac 上的应用程序。 每个程序都是完全独立、隔离地创建的，并且具有定制选项。 该应用程序基于 Chrome，几乎适用于所有网站，并允许您传输扩展程序和配置文件。 选择特定的应用程序类型并创建无数的程序。</p>
<p><br></p>
<p>几秒钟内完成一次申请</p>
<p>使用 Chrome 作为引擎，Coherence Pro 允许您利用 Chrome 的功能（例如 Canary 或 Spotify 网络播放器）并创建完全独立的应用程序。 如果您需要多个程序，您可以批量创建程序，并在应用程序之间传输设置。</p>
<p><br></p>
<p>Chrome 扩展程序和配置文件</p>
<p>让 Coherence Pro 自动从您的 Chrome 版本导入扩展程序和配置文件。 因此，在创建社交网络程序时，您可以添加 1Password、Pocket 和其他有用的扩展，增强您的应用程序。 此外，Coherence Pro 将跟踪您最喜欢的扩展。</p>
<p><br></p>
<p>应用模式切换</p>
<p>该程序提供三种不同的 UI 选项：“单窗口”、传统 Chrome 外观和多窗口设计。 选择您喜欢的类型，无论是本机多方面界面还是多任务空间。 如有必要，在应用程序之间复制设置。</p>
<p><br></p>
<p>多窗口设计的力量</p>
<p>多窗口应用程序为您提供功能方面的自由。 例如，您可以使用 Unite 应用程序创建本机电子邮件客户端。 然而，只有利用 Coherence Pro 的多窗口设计，您才能添加多个电子邮件帐户并在应用程序本身内进行切换。</p>
<p><br></p>
<p>程序内的工作区</p>
<p>Coherence Pro 为您提供发挥创意的空间。 一系列不同的功能允许您创建工作区应用程序。 例如，如果您厌倦了在平台之间切换，您可以通过将最常访问的网站包装在应用程序中来使用 Coherence Pro 的多窗口界面。</p>
'
  WHERE
    app_id = 373.0 AND title = 'Описание'
;

  UPDATE tabs
  SET
    content = '
<p>Примечания к выпуску доступны на официальном сайте <span style="color:rgb(13,132,251);"><a href="https://anonim.xyz/go/https://www.bzgapps.com/downloads" target="_blank" rel="noopener external noreferrer">www.bzgapps.com</a> &gt;</span></p>
',
    content_local = '
<p>发行说明可在官方网站上找到 <span style="color:rgb(13,132,251);"><a href="https://anonim.xyz/go/https://www.bzgapps.com/downloads" target="_blank" rel="noopener external noreferrer">www.bzgapps.com</a> &gt;</span></p>
'
  WHERE
    app_id = 373.0 AND title = 'Что нового'
;

  UPDATE download_info
  SET
    content_local = '<p>挂载镜像并启动 Open Gatekeeper friendly。</p>
<p>在终端窗口中按 Enter 键绕过 Gatekeeper。</p>
<p>将应用程序拖到“应用程序”文件夹中。</p>
<p>该应用程序已准备好使用。</p>',
    content = '<p>Смонтируйте образ и запустите Open Gatekeeper friendly.</p>
<p>Нажмите Enter для обхода Gatekeeper в окне Терминал.</p>
<p>Перетащите приложение в папку Программы (Applications).</p>
<p>Приложение готово к использованию.</p>'
  WHERE
    app_id = 373.0
;

      INSERT OR REPLACE INTO download_links (app_id, title, href, title_local, version)
      VALUES (373.0, 'Прямая ссылка на скачивание', 'https://vk.com/doc781359414_672720004', '直接链接下载安装程序', '4.5.2')
  ;

    UPDATE app
    SET
        name = 'Sensei',
        bg_image = 'https://appstorrent.ru/uploads/posts/2020-07/1593846997_sensei.jpg',
        icon = 'https://appstorrent.ru/uploads/posts/2022-12/1670942803_icon.png',
        version = '1.5.8',
        description = 'Очистка Мака',
        description_local = '清洁你的 Mac',
        detail_url = 'https://appstorrent.ru/368-sensei.html',
        file_size = '36 MB',
        developer = 'Cindori AB',
        activation = 'K''ed by TNT team',
        compatibility = 'macOS 10.15及以上版本',
        architecture = 'ARMx86 (64-bit)',
        published_date = '2023/11/24',
        releaseDate = '',
        note = '',
        views = '123908',
        link = 'https://anonim.xyz/go/https://sensei.app/',
        detail_version = '1.5.8',
        banner = '["https://appstorrent.ru/uploads/posts/2022-12/1593847000_1.png","https://appstorrent.ru/uploads/posts/2020-07/1593846971_2.png","https://appstorrent.ru/uploads/posts/2020-07/1593846951_3.png","https://appstorrent.ru/uploads/posts/2020-07/1593846946_4.png"]'
    WHERE
        id = 503.0
    ;

  UPDATE tabs
  SET
    content = '
<p>Sensei — это новое приложение для Mac, предназначенное для оптимизации компьютера, которое предлагает чистый интерфейс и набор инструментов для очистки дисков, мониторинга состояния аккумулятора, мониторинга графического чипа, процессора и оперативной памяти. Также есть опции для контроля температуры, включения Trim в SSD, удаления приложений, управления вентиляторами и многое другое...</p>
',
    content_local = '
<p>Sensei 是一款新的 Mac 优化应用程序，提供干净的界面和一组用于磁盘清理、电池监控、图形芯片监控、CPU 监控和 RAM 监控的工具。 还有控制温度、启用 SSD 修剪、删除应用程序、控制风扇等等的选项...</p>
'
  WHERE
    app_id = 503.0 AND title = 'Описание'
;

  UPDATE download_info
  SET
    content_local = '<p>挂载镜像并启动 Open Gatekeeper friendly。</p>
<p>在终端窗口中按 Enter 键绕过 Gatekeeper。</p>
<p>将应用程序拖到“应用程序”文件夹中。</p>
<p>该应用程序已准备好使用。</p>',
    content = '<p>Смонтируйте образ и запустите&nbsp;Open Gatekeeper friendly.</p>
<p>Нажмите Enter для обхода Gatekeeper в окне Терминал.</p>
<p>Перетащите приложение в папку Программы (Applications).</p>
<p>Приложение готово к использованию.</p>'
  WHERE
    app_id = 503.0
;

      INSERT OR REPLACE INTO download_links (app_id, title, href, title_local, version)
      VALUES (503.0, 'Прямая ссылка на скачивание', 'https://vk.com/doc781359414_672967521', '直接链接下载安装程序', '1.5.8')
  ;

    UPDATE app
    SET
        name = 'CAPS Wizard',
        bg_image = 'https://appstorrent.ru/templates/appstorrent-4ac2e09b1a/assets/img/bg.webp',
        icon = 'https://appstorrent.ru/uploads/posts/2023-11/12d.webp',
        version = '5.0',
        description = 'Предупреждение Caps Lock',
        description_local = '大写锁定警告',
        detail_url = 'https://appstorrent.ru/2047-caps-wizard.html',
        file_size = '10 MB',
        developer = 'John Woodward',
        activation = 'k''ed by BTCR',
        compatibility = 'macOS 10.12及以上版本',
        architecture = 'ARMx86 (64-bit)',
        published_date = '2023/11/20',
        releaseDate = '',
        note = '',
        views = '3301',
        link = 'https://anonim.xyz/go/https://thewoodwards.us/sw/CAPSWizard/',
        detail_version = '5.0',
        banner = '["https://appstorrent.ru/uploads/posts/2022-12/1671589986_xnapper-2022-12-21-05_03_08_result.jpg","https://appstorrent.ru/uploads/posts/2022-12/1671589986_xnapper-2022-12-21-05_02_53_result.jpg"]'
    WHERE
        id = 512.0
    ;

  UPDATE tabs
  SET
    content = '
<p>CAPS Wizard предназначен для людей, которые нажимают Caps Lock по ошибке, или для тех, кто использует ввод с помощью липких клавиш. Он может ПОКАЗАТЬ вам визуально или иным образом предупредить вас при определенных условиях.</p>
<p><br></p>
<p>Он показывает:</p>
<p>- Маленькую стрелку (на самом деле значок CAPS), которая становится красной при нажатии CAPS Lock и/или Shift. Стрелка может отображаться в строке меню и/или на док-станции.</p>
<p><span style="white-space:pre;">-&nbsp;</span>Квадратный блок, который может отображать все модификаторы. Он может отображаться слева от Apple в строке меню или в док-станции.</p>
<p><span style="white-space:pre;">-&nbsp;</span>БОЛЬШОЕ, почти прозрачное изображение в центре экрана при нажатии CAPS Lock.</p>
<p><br></p>
<p>Он предупреждает:</p>
<p>- когда вы включили Caps Lock и/или Num Lock.</p>
<p>- когда вы набрали указанное количество клавиш с помощью клавиши Shift (или липких клавиш Shift) или Caps Lock и/или включили Caps Lock. Мастер ввода заглавных букв предупреждает вас независимо от того, в какое приложение вы вводите текст.</p>
<p><br></p>
<p>Предупреждение может быть визуальным, путем мигания экрана или с помощью уведомлений Mac OS, или звуковым с помощью звука и громкости по вашему выбору. Звуковые предупреждения могут быть непрерывными при включенной Caps Lock.</p>
',
    content_local = '
<p>CAPS Wizard 专为误按 Caps Lock 或使用粘滞键输入的用户而设计。 在某些情况下，它可能会以视觉方式向您显示或以其他方式警告您。</p>
<p><br></p>
<p>他显示：</p>
<p>- 当您按下 CAPS Lock 和/或 Shift 时，小箭头（实际上是大写字母图标）会变成红色。 该箭头可能出现在菜单栏和/或扩展坞上。</p>
<p><span style="white-space:pre;">-&nbsp;</span>一个可以显示所有修饰符的方块。 它可能出现在菜单栏或 Dock 中 Apple 的左侧。</p>
<p><span style="white-space:pre;">-&nbsp;</span>当您按下大写锁定键时，屏幕中央会出现几乎透明的大图像。</p>
<p><br></p>
<p>他警告说：</p>
<p>- 当您启用 Caps Lock 和/或 Num Lock 时。</p>
<p>- 当您使用 Shift 键（或粘滞 Shift 键）或 Caps Lock 键入指定数量的按键和/或启用 Caps Lock 时。 无论您在哪个应用程序中输入内容，大写向导都会提醒您。</p>
<p><br></p>
<p>警报可以是视觉的（通过屏幕闪烁或 Mac OS 通知），也可以是听觉的（通过您选择的声音和音量）。 当大写锁定打开时，声音警告可能会持续存在。</p>
'
  WHERE
    app_id = 512.0 AND title = 'Описание'
;

  UPDATE tabs
  SET
    content = '
<p>Примечания к выпуску доступны на официальном сайте <a href="https://anonim.xyz/go/https://thewoodwards.us/sw/CAPSWizard/#releasenotes" target="_blank" rel="noopener external noreferrer">thewoodwards.us</a> <span style="color:rgb(44,130,201);">&gt;</span></p>
',
    content_local = '
<p>发行说明可在官方网站上找到 <a href="https://anonim.xyz/go/https://thewoodwards.us/sw/CAPSWizard/#releasenotes" target="_blank" rel="noopener external noreferrer">thewoodwards.us</a> <span style="color:rgb(44,130,201);">&gt;</span></p>
'
  WHERE
    app_id = 512.0 AND title = 'Что нового'
;

  UPDATE download_info
  SET
    content_local = '<p>要激活，请使用存档中的工具和说明 <a href="https://vk.com/s/v1/doc/y0UEE7qer8K5w5MqgELV9bkcjMY9Tbr_bwHgjpmFqsv6cytOu4k" rel="external noopener noreferrer">关联</a></p>',
    content = '<p>Для активации воспользуйтесь инструментами и инструкцией в архиве по <a href="https://vk.com/s/v1/doc/y0UEE7qer8K5w5MqgELV9bkcjMY9Tbr_bwHgjpmFqsv6cytOu4k" rel="external noopener noreferrer">ссылке</a></p>'
  WHERE
    app_id = 512.0
;

      INSERT OR REPLACE INTO download_links (app_id, title, href, title_local, version)
      VALUES (512.0, 'Прямая ссылка на скачивание', 'https://vk.com/doc781359414_672794447', '直接链接下载安装程序', '5.0')
  ;

    UPDATE app
    SET
        name = 'Paste Wizard',
        bg_image = 'https://appstorrent.ru/templates/appstorrent-4ac2e09b1a/assets/img/bg.webp',
        icon = 'https://appstorrent.ru/uploads/posts/2023-11/111a.webp',
        version = '13.0',
        description = 'Менеджер буфера обмена',
        description_local = '剪贴板管理器',
        detail_url = 'https://appstorrent.ru/2046-paste-wizard.html',
        file_size = '12 MB',
        developer = 'John Woodward',
        activation = 'k''ed by BTCR',
        compatibility = 'macOS 10.12及以上版本',
        architecture = 'ARMx86 (64-bit)',
        published_date = '2023/11/20',
        releaseDate = '',
        note = '',
        views = '4377',
        link = 'https://anonim.xyz/go/https://thewoodwards.us/sw/PasteWizard/',
        detail_version = '13.0',
        banner = '["https://appstorrent.ru/uploads/posts/2022-12/1671588683_jekrana-2022-12-21-v-04_59_55_result.jpg","https://appstorrent.ru/uploads/posts/2022-12/1671588682_jekrana-2022-12-21-v-05_01_11_result.jpg","https://appstorrent.ru/uploads/posts/2022-12/1671588682_jekrana-2022-12-21-v-05_00_37_result.jpg","https://appstorrent.ru/uploads/posts/2022-12/1671588683_jekrana-2022-12-21-v-05_00_08_result.jpg"]'
    WHERE
        id = 519.0
    ;

  UPDATE tabs
  SET
    content = '
<p>Paste Wizard - это простой в использовании менеджер буфера обмена, который позволяет сохранять несколько буферов обмена и вставлять их позже. Его также можно использовать в качестве базы данных быстрого доступа, маркируя буфер обмена.</p>
<p><br></p>
<p>Он имеет следующие преимущества:</p>
<p><br></p>
<p>- Компактное отображение сетки позволяет вам видеть и выбирать из множества сохраненных буферов обмена одновременно.</p>
<p>- Обрабатывает все типы буферов обмена.</p>
<p>- Буфер обмена, создаваемый многими утилитами автоматического набора текста (такими как TextExpander, Butler, TypeIt4Me, Typinator, Keyboard Maestro, 1Password и т. д.), игнорируются.</p>
<p>- Распознавание специальных типов текста в буфере обмена обеспечивает удобную вставку или работу.</p>
<p>- Вы можете быстро выполнить поиск в сетке, чтобы найти нужные буферы обмена.</p>
<p>- Вы можете редактировать текстовые буферы обмена, которые вы уже сохранили.</p>
<p>- Вы можете заблокировать буфер обмена, чтобы он не был вытеснен новым.</p>
<p>- Вы можете удалить отдельные, разблокированные или ВСЕ сохраненные буферы обмена (например, если они содержат конфиденциальные данные).</p>
<p>- Вы можете быстро вставлять несколько буферов обмена с помощью трех различных механизмов.</p>
<p>- Вы можете безопасно и легко заполнять формы.</p>
<p>- Буфер обмена также дополнительно доступен с помощью значка в строке меню.</p>
<p>- Функции безопасности позволяют свести к минимуму конфиденциальные данные, хранящиеся в сохраненных буферах обмена.</p>
<p>- Вы можете поддерживать несколько наборов буферов обмена для разных целей и с разными настройками безопасности.</p>
<p>- Вы можете быстро вводить заметки прямо в буфер обмена для последующего использования.</p>
<p>- Вы можете зашифровать сохраненное содержимое буфера обмена.</p>
<p>- Вы можете использовать Dropbox для резервного копирования или синхронизации содержимого буфера обмена на нескольких компьютерах.</p>
<p><br></p>
<p>Мастер вставки позволяет отображать до 99 буферов обмена (в каждом наборе) в компактном виде, что позволяет легко быстро найти, какой из них вы хотите вставить снова. Мастер вставки распознает определенные типы текста так же, как Детекторы данных Apple, и позволяет вам вставлять их или работать с ними особым образом. Эта функция очень полезна при работе с веб-формами или базами данных, которые вынуждают вас вводить такие вещи, как адреса, номера телефонов или номера социального страхования в отдельных полях, или вынуждают вас вводить телефонные номера только с десятичными цифрами. Кроме того, вы можете вставлять буферы обмена как неформатированный текст, даже если они отформатированы. Это полезно, если вы хотите, чтобы вставляемый текст наследовал форматирование приложения, в которое вы вставляете.</p>
',
    content_local = '
<p>粘贴向导是一个易于使用的剪贴板管理器，允许您保存多个剪贴板并稍后粘贴。 它还可以通过标记剪贴板用作快速访问数据库。</p>
<p><br></p>
<p>它具有以下优点：</p>
<p><br></p>
<p>- 紧凑的网格显示使您可以一次查看许多保存的剪贴板并从中进行选择。</p>
<p>- 处理所有类型的剪贴板。</p>
<p>- 由许多自动打字实用程序（例如 TextExpander、Butler、TypeIt4Me、Typinator、Keyboard Maestro、1Password 等）创建的剪贴板将被忽略。</p>
<p>- 识别剪贴板上的特殊类型文本可确保方便的粘贴或工作。</p>
<p>- 您可以快速搜索网格以找到您需要的剪贴板。</p>
<p>- 您可以编辑已保存的文本剪贴板。</p>
<p>- 您可以锁定剪贴板，以免被新剪贴板覆盖。</p>
<p>- 您可以删除单个、解锁或所有已保存的剪贴板（例如，如果它们包含敏感数据）。</p>
<p>- 您可以使用三种不同的机制快速粘贴多个剪贴板。</p>
<p>- 您可以安全、轻松地填写表格。</p>
<p>- 还可以通过菜单栏图标访问剪贴板。</p>
<p>- 安全功能允许您最大程度地减少保存在已保存剪贴板中的敏感数据。</p>
<p>- 您可以支持多组剪贴板用于不同的目的和不同的安全设置。</p>
<p>- 您可以快速地将笔记直接输入到剪贴板中以供以后使用。</p>
<p>- 您可以加密保存的剪贴板内容。</p>
<p>- 您可以使用 Dropbox 在多台计算机之间备份或同步剪贴板内容。</p>
<p><br></p>
<p>粘贴向导允许您以紧凑的格式显示最多 99 个剪贴板（每组），以便您轻松快速地找到要再次粘贴的剪贴板。 粘贴向导可以识别某些类型的文本，就像 Apple 的数据检测器一样，并允许您粘贴它们或以特殊方式使用它们。 当使用网络表单或数据库时，此功能非常有用，这些表单或数据库强制您在单独的字段中输入地址、电话号码或社会安全号码等内容，或者强制您输入仅包含十进制数字的电话号码。 此外，您可以将剪贴板粘贴为未格式化的文本，即使它们已格式化。 如果您希望粘贴的文本继承要粘贴到的应用程序的格式，这非常有用。</p>
'
  WHERE
    app_id = 519.0 AND title = 'Описание'
;

  UPDATE tabs
  SET
    content = '
<p>Примечания к выпуску доступны на официальном сайте <a href="https://anonim.xyz/go/https://thewoodwards.us/sw/PasteWizard/#releasenotes" target="_blank" rel="noopener external noreferrer">thewoodwards.us</a> <span style="color:rgb(44,130,201);">&gt;</span></p>
',
    content_local = '
<p>发行说明可在官方网站上找到 <a href="https://anonim.xyz/go/https://thewoodwards.us/sw/PasteWizard/#releasenotes" target="_blank" rel="noopener external noreferrer">thewoodwards.us</a> <span style="color:rgb(44,130,201);">&gt;</span></p>
'
  WHERE
    app_id = 519.0 AND title = 'Что нового'
;

  UPDATE download_info
  SET
    content_local = '<p>要激活，请使用存档中的工具和说明&nbsp;<a href="https://vk.com/s/v1/doc/y0UEE7qer8K5w5MqgELV9bkcjMY9Tbr_bwHgjpmFqsv6cytOu4k" rel="external noopener noreferrer">点击此链接</a></p>',
    content = '<p>Для активации воспользуйтесь инструментами и инструкцией в архиве&nbsp;<a href="https://vk.com/s/v1/doc/y0UEE7qer8K5w5MqgELV9bkcjMY9Tbr_bwHgjpmFqsv6cytOu4k" rel="external noopener noreferrer">по этой ссылке</a></p>'
  WHERE
    app_id = 519.0
;

      INSERT OR REPLACE INTO download_links (app_id, title, href, title_local, version)
      VALUES (519.0, 'Прямая ссылка на скачивание', 'https://vk.com/doc781359414_672784802', '直接链接下载安装程序', '13.0')
  ;

    UPDATE app
    SET
        name = 'Rocket Typist Pro',
        bg_image = 'https://appstorrent.ru/templates/appstorrent-4ac2e09b1a/assets/img/bg.webp',
        icon = 'https://appstorrent.ru/uploads/posts/2023-10/mmmmmmmmmmmmmmm.webp',
        version = '3.0.8',
        description = 'Расширения текста',
        description_local = '文本扩展',
        detail_url = 'https://appstorrent.ru/1902-rocket-typist-pro.html',
        file_size = '10 MB',
        developer = 'Daniel Witt',
        activation = 'K''ed by TNT team',
        compatibility = 'macOS 13及以上版本',
        architecture = 'ARMx86 (64-bit)',
        published_date = '2023/11/18',
        releaseDate = '',
        note = '',
        views = '12213',
        link = 'https://anonim.xyz/go/https://www.witt-software.com/rockettypist/',
        detail_version = '3.0.8',
        banner = '["https://appstorrent.ru/uploads/posts/2022-12/1666007736_rocket_typist_3_en2x-min.jpeg","https://appstorrent.ru/uploads/posts/2022-10/1666007735_32-min.jpeg","https://appstorrent.ru/uploads/posts/2022-10/1666007735_111-min.jpeg","https://appstorrent.ru/uploads/posts/2022-10/1666007736_rocket_typist_2_en2x-min.jpeg","https://appstorrent.ru/uploads/posts/2022-10/1666007737_rocket_typist_4_en2x-min.jpeg","https://appstorrent.ru/uploads/posts/2022-10/1666007738_rocket_typist_6_en2x-min.jpeg"]'
    WHERE
        id = 534.0
    ;

  UPDATE download_info
  SET
    content_local = '<p>挂载镜像并启动 Open Gatekeeper friendly。</p>
<p>在终端窗口中按 Enter 键绕过 Gatekeeper。</p>
<p>将应用程序拖到“应用程序”文件夹中。</p>
<p><span style="color:rgb(251,160,38);">注意力！ 必须禁用 SIP。&nbsp;</span><span style="color:rgb(13,132,251);"><a href="/510-sip.html" target="_blank">更多细节</a> &gt;</span></p>',
    content = '<p>Смонтируйте образ и запустите&nbsp;Open Gatekeeper friendly.</p>
<p>Нажмите Enter для обхода Gatekeeper в окне Терминал.</p>
<p>Перетащите приложение в папку Программы (Applications).</p>
<p><span style="color:rgb(251,160,38);">ВНИМАНИЕ! Требуется отключение SIP.&nbsp;</span><span style="color:rgb(13,132,251);"><a href="/510-sip.html" target="_blank">Подробнее</a> &gt;</span></p>'
  WHERE
    app_id = 534.0
;

      INSERT OR REPLACE INTO download_links (app_id, title, href, title_local, version)
      VALUES (534.0, 'Прямая ссылка на скачивание', 'https://vk.com/doc781359414_672720015', '直接链接下载安装程序', '3.0.8')
  ;

    UPDATE app
    SET
        name = 'Renamer',
        bg_image = 'https://appstorrent.ru/uploads/posts/2020-10/1603367886_renamer.jpg',
        icon = 'https://appstorrent.ru/uploads/posts/2020-10/1603367883_renamer.png',
        version = '7.0.14',
        description = 'Пакетное переименование',
        description_local = '批量重命名',
        detail_url = 'https://appstorrent.ru/417-renamer.html',
        file_size = '162 MB',
        developer = 'Incredible Bee Ltd.',
        activation = 'В комплекте',
        compatibility = 'macOS 12.3及以上版本',
        architecture = 'ARMx86 (64-bit)',
        published_date = '2023/11/20',
        releaseDate = '',
        note = '',
        views = '16805',
        link = 'https://anonim.xyz/go/https://renamer.com/',
        detail_version = '7.0.14',
        banner = '["https://appstorrent.ru/uploads/posts/2022-12/1603367966_1.png","https://appstorrent.ru/uploads/posts/2020-10/1603367912_2.png","https://appstorrent.ru/uploads/posts/2020-10/1603367901_3.png","https://appstorrent.ru/uploads/posts/2020-10/1603367955_4.png"]'
    WHERE
        id = 544.0
    ;

  UPDATE tabs
  SET
    content = '
<p>Что, если бы вы смогли переименовать множество файлов по одному щелчку? Звучит прекрасно, не так ли? Renamer делает это возможным! Это надежное приложение принимает на себя тяжесть переименования и управления десятками файлов. Теперь вы можете скопом изменять имена файлов и папок. Более того, программа поможет организовать файлы на вашем Mac удобным и умным способом. Это элементарное приложение имеет все необходимые вам возможности для переименования. Попробуйте его сейчас же!</p>
<p><br></p>
<p>Множество способов переименовать файлы</p>
<p>Приложение Renamer было разработано специально, чтобы помочь вам с утомительной задачей массового переименования файлов. Его простой, минималистичный пользовательский интерфейс позволяет вам запускать пакетные задания за секунды. Создание цепной связи решает сложную задачу по переименованию файлов в одно мгновение.</p>
<p><br></p>
<p>Интерактивный просмотр</p>
<p>Проверяйте, как будут переименованы файлы до фактических изменений, благодаря интерактивному просмотру -- он идеально подходит для тонкой настройки и отслеживания ошибок. Приложение фантастически экономит время в случае, если вам нужен профессиональный подход.</p>
<p><br></p>
<p>Поиск и замена текста без усилий</p>
<p>У вас есть десятки файлов с неправильными именами? Найдите их по щелчку мыши и мгновенно переименуйте. Нет необходимости добавлять, что параметры переименования в этом приложении включают файлы музыки и фото. Так что, с этих пор вам не придется проводить долгие часы за утомительным набором текста и щелканьем мышью для переименования файлов. Все готово за пару кликов.</p>
<p><br></p>
<p>Упорядочивайте свою музыку</p>
<p>Организуйте свою музыкальную библиотеку так, как вам нравится. Держите все структурированно и упорядоченно для скорейшего поиска и наслаждения от прослушивания. Легко группируйте песни по альбомам, названию, номеру трека и исполнителю. Объединяйте музыкальные файлы согласно их ID3 тэгам. При необходимости вставляйте значения ширины и высоты в файлы изображений.</p>
<p><br></p>
<p>Преобразовывайте заглавные и строчные буквы</p>
<p>Вы все знаем, что НАЗВАНИЯ, НАПИСАННЫЕ ЗАГЛАВНЫМИ БУКВАМИ, могут раздражать. С Renamer, вы легко можете конвертировать ЗАГЛАВНЫЕ, строчные и Смешанные буквы. Без проблем преобразуйте заглавные и строчные буквы имен файлов. Renamer прост, быстр и забавен в использовании, и у вас останется больше времени на интересные вещи!</p>
<p><br></p>
<p>Умные исправления и резервное копирование файлов</p>
<p>Хватит волноваться о потере данных - Renamer может похвастаться такими крутыми опциями, как умная отмена действия и резервное копирование файлов. Не бойтесь экспериментировать и искать лучшие способы работы с вашими файлами, поскольку вы всегда сможете вернуться назад.</p>
',
    content_local = '
<p>如果您可以一键重命名许多文件怎么办？ 听起来不错，不是吗？ 重命名器使之成为可能！ 这个强大的应用程序承担了重命名和管理数十个文件的负担。 现在您可以批量更改文件和文件夹名称。 此外，该程序将帮助您以方便、智能的方式组织 Mac 上的文件。 这个基本的应用程序具有您需要的所有重命名功能。 现在就试试！</p>
<p><br></p>
<p>重命名文件的多种方法</p>
<p>重命名器应用程序经过专门设计，可以帮助您完成批量文件重命名的繁琐任务。 其简单、简约的用户界面允许您在几秒钟内运行批处理作业。 创建链链接可以立即解决重命名文件的复杂任务。</p>
<p><br></p>
<p>互动视图</p>
<p>在进行实际更改之前，使用实时预览检查文件将如何重命名 - 非常适合微调和错误跟踪。 如果您需要专业的方法，该应用程序可以节省大量时间。</p>
<p><br></p>
<p>轻松查找和替换文本</p>
<p>您是否有数十个名称不正确的文件？ 单击即可找到它们并立即对其进行重命名。 无需添加，此应用程序中的重命名选项包括音乐和照片文件。 因此，从现在开始，您不必花费大量时间繁琐地键入和单击来重命名文件。 只需点击几下，一切就准备就绪。</p>
<p><br></p>
<p>整理你的音乐</p>
<p>按照您喜欢的方式组织您的音乐库。 保持一切结构化和井井有条，以便快速检索和聆听享受。 按专辑、标题、曲目编号和艺术家轻松对歌曲进行分组。 根据音乐文件的 ID3 标签合并音乐文件。 根据需要将宽度和高度值插入到图像文件中。</p>
<p><br></p>
<p>转换大写和小写字母</p>
<p>你们都知道大写字母的标题可能很烦人。 使用 Renamer，您可以轻松转换大写字母、小写字母和混合字母。 无缝转换大写和小写文件名。 Renamer 使用简单、快速且有趣，让您有更多时间做有趣的事情！</p>
<p><br></p>
<p>智能补丁和文件备份</p>
<p>不用担心丢失数据 - Renamer 拥有很酷的选项，例如智能撤消和文件备份。 不要害怕尝试并找到更好的方法来处理您的文件，因为您随时可以返回。</p>
'
  WHERE
    app_id = 544.0 AND title = 'Описание'
;

  UPDATE download_info
  SET
    content_local = '<p>启动下载的图像并将应用程序拖到“应用程序”文件夹快捷方式中。<br>复制完成后，可以通过 Launchpad 启动应用程序。</p>',
    content = '<p>Запустите скачанный образ и перетащите приложение в ярлык папки Программы (Applications).<br>После завершения копирования, приложение можно запустить через Launchpad.</p>'
  WHERE
    app_id = 544.0
;

      INSERT OR REPLACE INTO download_links (app_id, title, href, title_local, version)
      VALUES (544.0, 'Прямая ссылка на скачивание', 'https://vk.com/doc781359414_672783872', '直接链接下载安装程序', '7.0.14')
  ;

    INSERT INTO older_versions (app_id, title, url, title_local)
    VALUES (544.0, 'Renamer 6.2.0 [TNT] для macOS 12.3 и новее', 'https://vk.com/doc781359414_671626564', 'Renamer 6.2.0 [TNT] 适用于 macOS 12.3 及以上版本')
;

    INSERT INTO older_versions (app_id, title, url, title_local)
    VALUES (544.0, 'Keygen и ключи для приложений от Incredible Bee', 'https://vk.com/doc249553273_618603977', 'Keygen和令人难以置信的蜜蜂应用')
;

    INSERT INTO older_versions (app_id, title, url, title_local)
    VALUES (544.0, 'Renamer 6.0.6 [KG+SN] для macOS 10.14 и новее', 'https://vk.com/doc249553273_618828457', 'Renamer 6.0.6 [KG+SN] 适用于 macOS 10.14 及以上版本')
;

    UPDATE app
    SET
        name = 'ForkLift',
        bg_image = 'https://appstorrent.ru/templates/appstorrent-4ac2e09b1a/assets/img/bg.webp',
        icon = 'https://appstorrent.ru/uploads/posts/2023-10/1697690915_fdsfsdfsd.webp',
        version = '4.0.5',
        description = 'Файловый менеджер',
        description_local = '文件管理器',
        detail_url = 'https://appstorrent.ru/361-forklift.html',
        file_size = '15 MB',
        developer = 'BinaryNights LLC',
        activation = 'K''ed by Antibiotics',
        compatibility = 'macOS 12及以上版本',
        architecture = 'ARMx86 (64-bit)',
        published_date = '2023/11/20',
        releaseDate = '',
        note = '',
        views = '50379',
        link = 'https://anonim.xyz/go/https://binarynights.com/',
        detail_version = '4.0.5',
        banner = '["https://appstorrent.ru/uploads/posts/2022-03/1647955097_1.jpg","https://appstorrent.ru/uploads/posts/2022-03/1647955097_2.jpg","https://appstorrent.ru/uploads/posts/2022-03/1647955098_3.jpg"]'
    WHERE
        id = 604.0
    ;

  UPDATE tabs
  SET
    content = '
<p>Примечания к выпуску доступны на официальном сайте <span style="color:rgb(13,132,251);"><a href="https://anonim.xyz/go/https://blog.binarynights.com/" target="_blank" rel="noopener external noreferrer">blog.binarynights.com</a></span></p>
',
    content_local = '
<p>发行说明可在官方网站上找到 <span style="color:rgb(13,132,251);"><a href="https://anonim.xyz/go/https://博客.binarynights.com/" target="_blank" rel="noopener external noreferrer">blog.binarynights.com</a></span></p>
'
  WHERE
    app_id = 604.0 AND title = 'Что нового'
;

  UPDATE download_info
  SET
    content_local = '<p>安装图像。</p>
<p><span>将应用程序拖到“应用程序”文件夹中。</span></p>
<p>该应用程序已准备好使用。</p>',
    content = '<p>Смонтируйте образ.</p>
<p><span>Перетащите приложение в папку Программы (Applications).</span></p>
<p>Приложение готово к использованию.</p>'
  WHERE
    app_id = 604.0
;

      INSERT OR REPLACE INTO download_links (app_id, title, href, title_local, version)
      VALUES (604.0, 'Прямая ссылка на скачивание', 'https://vk.com/doc781359414_672782444', '直接链接下载安装程序', '4.0.5')
  ;

    UPDATE app
    SET
        name = 'Firetask',
        bg_image = 'https://appstorrent.ru/uploads/posts/2022-03/1648571263_firetask.jpg',
        icon = 'https://appstorrent.ru/uploads/posts/2022-03/1648570736_icon.png',
        version = '4.8.1',
        description = 'Диспетчер задач',
        description_local = '任务管理器',
        detail_url = 'https://appstorrent.ru/1035-firetask.html',
        file_size = '10 MB',
        developer = 'Elemental Tools GmbH',
        activation = 'K''ed by TNT team',
        compatibility = 'OS X 10.10及以上版本',
        architecture = 'ARMx86 (64-bit)',
        published_date = '2023/11/23',
        releaseDate = '',
        note = '',
        views = '7786',
        link = 'https://anonim.xyz/go/https://elemental-tools.com/firetask/overview.html',
        detail_version = '4.8.1',
        banner = '["https://appstorrent.ru/uploads/posts/2022-03/1648570740_1.jpg","https://appstorrent.ru/uploads/posts/2022-03/1648570740_2.jpg","https://appstorrent.ru/uploads/posts/2022-03/1648570741_3.jpg","https://appstorrent.ru/uploads/posts/2022-03/1648570741_4.jpg"]'
    WHERE
        id = 623.0
    ;

  UPDATE tabs
  SET
    content = '
<p>Firetask позволяет занятым людям выполнять задачи в стиле Канбан. От записи ваших мыслей и управления вашими личными делами до организации и сосредоточения внимания на ваших самых важных задачах, Firetask уникальным образом сочетает в себе Kanban и GTD.</p>
<p><br></p>
<p>Ключевая особенность</p>
<p>- Интуитивно понятный рабочий процесс GTD. Простая, логичная навигация, основанная на основных этапах GTD: Сбор (Захват), Фокус, Управление и Обзор.</p>
<p>- Очистить представление «Сегодня». Единый обзор всех ваших задач, которые должны быть выполнены, а также задач, находящихся в центре внимания, а также, при необходимости, отображения текущих задач и задач, завершенных ранее сегодня.</p>
<p>- Ожидание списка. Автоматически управляемый список ожидающих GTD — сгруппированный по исполнителям всех ваших делегированных задач.</p>
<p>- Несколько просмотров канбан. Перетаскивайте канбан-представления по статусам, предстоящим и запланированным задачам, приоритетам и категориям.</p>
<p>- Визуализация календаря. Представление «Практические даты» показывает ежемесячный обзор ваших задач в календаре — поддерживает режимы выполнения и расписания.</p>
<p>- Проекты и портфолио. Всесторонняя поддержка списков задач проекта с визуализацией хода выполнения и дополнительными портфолио</p>
<p>- Действия и контрольные списки. Разделяйте сложные задачи на более мелкие действия и сохраняйте повторно используемые задачи в виде контрольных списков многократного использования.</p>
<p>- Интеграции и API. Интеграция со встроенными приложениями «Календарь» и «Напоминания» — простой API на основе схемы URL</p>
<p>- Синхронизация через iCloud. Прозрачная синхронизация через iCloud от Apple — отдельная учетная запись не требуется</p>
<p>- Конфиденциальность по дизайну. Ваши задачи остаются на ваших устройствах и только в вашей учетной записи iCloud.</p>
',
    content_local = '
<p>Firetask 允许忙碌的人们以看板方式完成任务。 从记录您的想法和管理您的个人事务到组织和专注于您最重要的任务，Firetask 以独特的方式将看板和 GTD 结合在一起。</p>
<p><br></p>
<p>关键特点</p>
<p>- 直观的 GTD 工作流程。 基于 GTD 主要阶段的简单逻辑导航：收集（捕获）、聚焦、控制和审查。</p>
<p>- 清除今日视图。 需要完成的所有任务以及重点任务的单一概述，如有必要，还显示当前任务和今天早些时候完成的任务。</p>
<p>- 等待名单。 自动管理 GTD 等待名单 - 按所有委派任务的执行者分组。</p>
<p>- 几个看板视图。 按状态、即将到来的和计划的任务、优先级和类别拖放看板视图。</p>
<p>- 日历的可视化。 练习日期视图在日历上显示任务的每月概览 - 支持截止日期和时间表。</p>
<p>- 项目和作品集。 通过进度可视化和附加项目组合全面支持项目任务列表</p>
<p>- 行动和清单。 将复杂的任务分解为较小的活动，并将可重复使用的任务保存为可重复使用的清单。</p>
<p>- 集成和 API。 与内置日历和提醒应用程序集成 - 基于 URL 方案的简单 API</p>
<p>- 通过 iCloud 同步。 通过 Apple 的 iCloud 进行透明同步 - 无需单独的帐户</p>
<p>- 隐私设计。 您的任务保留在您的设备上，并且仅保留在您的 iCloud 帐户中。</p>
'
  WHERE
    app_id = 623.0 AND title = 'Описание'
;

  UPDATE download_info
  SET
    content_local = '<p>挂载镜像并启动 Open Gatekeeper friendly。<br>在终端窗口中按 Enter 键绕过 Gatekeeper。<br>将应用程序拖到“应用程序”文件夹中。<br>该应用程序已准备好使用。</p>
<p><span style="color:rgb(251,160,38);">注意力！ 必须禁用 SIP。&nbsp;</span><span style="color:rgb(13,132,251);"><a href="/510-sip.html" target="_blank">更多细节</a> &gt;</span></p>',
    content = '<p>Смонтируйте образ и запустите Open Gatekeeper friendly.<br>Нажмите Enter для обхода Gatekeeper в окне Терминал.<br>Перетащите приложение в папку Программы (Applications).<br>Приложение готово к использованию.</p>
<p><span style="color:rgb(251,160,38);">ВНИМАНИЕ! Требуется отключение SIP.&nbsp;</span><span style="color:rgb(13,132,251);"><a href="/510-sip.html" target="_blank">Подробнее</a> &gt;</span></p>'
  WHERE
    app_id = 623.0
;

      INSERT OR REPLACE INTO download_links (app_id, title, href, title_local, version)
      VALUES (623.0, 'Прямая ссылка на скачивание', 'https://vk.com/doc781359414_672909914', '直接链接下载安装程序', '4.8.1')
  ;

    UPDATE app
    SET
        name = 'Keyboard Maestro',
        bg_image = 'https://appstorrent.ru/uploads/posts/2022-07/1658560298_cover.jpg',
        icon = 'https://appstorrent.ru/uploads/posts/2022-07/1658560303_icon.png',
        version = '11.0.1',
        description = 'Мультифункциональная утилита',
        description_local = '多功能实用工具',
        detail_url = 'https://appstorrent.ru/1471-keyboard-maestro.html',
        file_size = '33,4 MB',
        developer = 'Stairways Software Pty Ltd.',
        activation = 'В комплекте',
        compatibility = 'macOS 10.13及以上版本',
        architecture = 'ARMx86 (64-bit)',
        published_date = '2023/11/20',
        releaseDate = '',
        note = '',
        views = '10791',
        link = 'https://anonim.xyz/go/https://www.keyboardmaestro.com/main/#WhatsNew',
        detail_version = '11.0.1',
        banner = '["https://appstorrent.ru/uploads/posts/2022-07/1505827346_keyboard-maestro_01.jpeg","https://appstorrent.ru/uploads/posts/2022-07/1505827348_keyboard-maestro_03.jpeg","https://appstorrent.ru/uploads/posts/2022-07/1505827416_keyboard-maestro_02.jpeg"]'
    WHERE
        id = 624.0
    ;

  UPDATE tabs
  SET
    content = '
<p>Keyboard Maestro - мультифункциональная утилита, которая может создавать макросы, для автоматицации каких-либо повторяющихся действий, вызываемых с помощью клавиатурных сочетаний, для приложений, окон, документов, буфера обмена и т.д.</p>
<p><br></p>
<p>Улучшите свою производительность</p>
<p>Являетесь ли вы опытным пользователем или только начинаете, ваше время драгоценно. Так что не тратьте его. Вы можете быстро воспользоваться преимуществами Keyboard Maestro. Позвольте Keyboard Maestro сделать вашу жизнь на Mac более приятной и эффективной.</p>
<p><br></p>
<p>Быстро автоматизируйте любую задачу</p>
<p>Если вы можете выполнить это вручную, Keyboard Maestro почти наверняка автоматизирует это для вас. Будь то ввод адреса электронной почты, переход в Gmail или Facebook, запуск страниц или дублирование строки, Keyboard Maestro может помочь.</p>
<p><br></p>
<p>Приложения управления</p>
<p>Запускайте часто используемые приложения, открывайте определенные документы, меняйте порядок окон, воспроизводите музыку, работайте с электронной почтой — все это можно делать с помощью Keyboard Maestro, быстрее, проще и намного надежнее.</p>
<p><br></p>
<p>Работа с текстом и изображениями</p>
<p>Создавайте отчеты, преобразовывайте текст, изображения OCR, загружайте файлы, расширяйте текстовые фрагменты, выполняйте вычисления, фильтруйте буфер обмена и работайте с историей буфера обмена с несколькими записями.&nbsp;</p>
<p><br></p>
<p>Контролировать веб-сайты</p>
<p>Keyboard Maestro может помочь вам заполнять веб-формы, посещать часто читаемые страницы, загружать отчеты или банковские выписки, форматировать веб-страницы и в целом сделать работу в Интернете более эффективной.</p>
<p><br></p>
<p>Сотни встроенных действий</p>
<p>С таким количеством возможных действий, которые вы можете комбинировать вместе, включая управление потоком, условия и циклические действия, вы можете автоматизировать практически любую задачу, от тривиальной до очень сложных систем отчетности с несколькими приложениями.</p>
',
    content_local = '
<p>Keyboard Maestro 是一个多功能实用程序，可以创建宏来自动执行任何重复操作，称为使用应用程序、窗口、文档、剪贴板等的键盘快捷键。</p>
<p><br></p>
<p>提高你的表现</p>
<p>无论您是经验丰富的用户还是刚刚起步的用户，您的时间都很宝贵。 所以不要浪费它。 您可以快速利用 Keyboard Maestro。 让 Keyboard Maestro 让您的 Mac 生活更加愉快和高效。</p>
<p><br></p>
<p>快速自动化任何任务</p>
<p>如果您可以手动执行此操作，Keyboard Maestro 几乎肯定会为您自动执行此操作。 无论是输入电子邮件地址、导航到 Gmail 或 Facebook、启动页面还是复制一行，Keyboard Maestro 都可以提供帮助。</p>
<p><br></p>
<p>管理应用程序</p>
<p>启动常用的应用程序、打开特定文档、重新排列窗口、播放音乐、处理电子邮件 - 您可以使用 Keyboard Maestro 完成这一切，更快、更轻松、更安全。</p>
<p><br></p>
<p>处理文本和图像</p>
<p>创建报告、转换文本、OCR 图像、上传文件、展开文本片段、执行计算、过滤剪贴板以及使用具有多个条目的剪贴板历史记录。&nbsp;</p>
<p><br></p>
<p>监控网站</p>
<p>Keyboard Maestro 可以帮助您填写 Web 表单、访问经常阅读的页面、下载报告或银行对账单、格式化网页，总体上使您的 Web 体验更加高效。</p>
<p><br></p>
<p>数百个内置动作</p>
<p>通过可以组合在一起的多种可能的操作（包括流程控制、条件和循环操作），您可以自动化几乎任何任务，从琐碎到高度复杂的多应用程序报告系统。</p>
'
  WHERE
    app_id = 624.0 AND title = 'Описание'
;

  UPDATE download_info
  SET
    content_local = '<p>启动下载的图像并将应用程序拖到“应用程序”文件夹快捷方式中。</p>
<p>复制完成后，可以通过 Launchpad 启动应用程序。</p>
<p>官方更新可能会导致激活失败。 <span style="color:rgb(13,132,251);"><a href="/67-update.html">更多细节</a> &gt;</span></p>',
    content = '<p>Запустите скачанный образ и перетащите приложение в ярлык папки Программы (Applications).</p>
<p>После завершения копирования, приложение можно запустить через Launchpad.</p>
<p>Официальные обновления могут привести к потере активации. <span style="color:rgb(13,132,251);"><a href="/67-update.html">Подробнее</a> &gt;</span></p>'
  WHERE
    app_id = 624.0
;

      INSERT OR REPLACE INTO download_links (app_id, title, href, title_local, version)
      VALUES (624.0, 'Прямая ссылка на скачивание', 'https://vk.com/doc781359414_672784034', '直接链接下载安装程序', '11.0.1')
  ;

    INSERT INTO older_versions (app_id, title, url, title_local)
    VALUES (624.0, 'Keyboard Maestro 10.2 [HCiSO] для macOS 10.13 и новее', 'https://vk.com/s/v1/doc/NZkx_rvsfMcDCIQFHgW_C3P2hLovfQphvXxiIRxji-UQM62z4HA', 'Keyboard Maestro 10.2 [HCiSO] 适用于 macOS 10.13 及以上版本')
;

    UPDATE app
    SET
        name = 'iMazing',
        bg_image = 'https://appstorrent.ru/uploads/posts/2022-03/1646582217_imazing.jpg',
        icon = 'https://appstorrent.ru/uploads/posts/2023-02/1676359795_icon.webp',
        version = '2.17.5',
        description = 'Управление iOS',
        description_local = 'iOS控制',
        detail_url = 'https://appstorrent.ru/146-imazing.html',
        file_size = '192 MB',
        developer = 'DigiDNA SARL',
        activation = 'Не требуется',
        compatibility = 'OS X 10.10及以上版本',
        architecture = 'x86 (64-bit)',
        published_date = '2023/11/22',
        releaseDate = '',
        note = '',
        views = '338417',
        link = 'https://anonim.xyz/go/https://imazing.com/ru',
        detail_version = '2.17.5',
        banner = '["https://appstorrent.ru/uploads/posts/2022-03/1646581859_1-min.jpg","https://appstorrent.ru/uploads/posts/2022-03/1646581860_2-min.jpg","https://appstorrent.ru/uploads/posts/2022-03/1646581860_3-min.jpg","https://appstorrent.ru/uploads/posts/2022-03/1646581861_4-min.jpg"]'
    WHERE
        id = 722.0
    ;

  UPDATE tabs
  SET
    content = '
<p>Перенос музыки, сообщений, файлов и данных на другие устройства. Резервное копирование данных iPhone, iPad и iPod touch. Надежность, мощь и удобство. iMazing — лучшая программа для управления устройствами iOS для Mac.</p>
<p><br></p>
<p>Это больше, чем iTunes. Это iMazing.</p>
<p><br></p>
<p>Перенос приложений и данных со старого iPhone или iPad на новый — полностью или выборочно. Миграция данных с надежной защитой и гибкой настройкой параметров. Без iTunes и iCloud.</p>
<p><br></p>
<p>Отлаженная технология резервного копирования iMazing позволяет не беспокоиться о конфиденциальности данных iOS. iMazing — лучшее решение для автоматического беспроводного создания резервных копий данных с iPhone и iPad на Mac и ПК.</p>
<p><br></p>
<p>Быстрое копирование музыки и медиафайлов с компьютера на устройство iOS и обратно без iTunes.</p>
<p><br></p>
<p>Настройте звонки и звуки уведомлений iPhone на свой вкус! С iMazing это легко, весело и абсолютно бесплатно.</p>
<p><br></p>
<p>Быстрый и удобный импорт книг (ePub и PDF) в программу «Книги» и экспорт их на компьютер. Синхронизация библиотеки с компьютером Mac или Windows.</p>
<p><br></p>
<p>Удобный экспорт фотографий и видео без iCloud или iTunes. Доступ к ним с компьютера через USB или Wi-Fi. Надежное резервное копирование.</p>
<p><br></p>
<p>Гибкое управление программами для iOS. Загрузка программ (.ipa) на компьютер и перенос на устройства iOS. Экспорт и восстановление документов, настроек и набранных в играх очков.</p>
<p><br></p>
<p>Благодаря новой функции iMazing «Быстрый перенос» копировать музыку, фото, фильмы, текстовые документы и файлы с Mac и ПК на iPhone или iPad легко и удобно как никогда.&nbsp;</p>
<p><br></p>
<p>Перенос закладок Safari с iPhone или iPad на ПК или Mac без iCloud. Резервное копирование списков чтения. Извлечение истории браузера из резервных копий.</p>
<p><br></p>
<p>Копирование текстовых сообщений и присланных вложений с iPhone на компьютер или на новый телефон. Возможность сохранить и распечатать важную переписку.</p>
<p><br></p>
<p>Перенос сообщений и вложений WhatsApp на новый iPhone. Возможность распечатать важную переписку и сохранить ее на Mac или PC.</p>
<p><br></p>
<p>Удобный экспорт журналов вызовов в формате CSV. Сохранение сообщений автоответчика в виде аудиофайлов с возможностью прослушать их на Mac или ПК.</p>
<p><br></p>
<p>Возможность копировать контакты с iPhone на Mac или ПК — в обход iTunes и облачных хранилищ. Быстрый перенос группы контактов на iPhone. Объединение нескольких адресных книг.</p>
<p><br></p>
<p>Удобный перенос календарей с iPhone на Mac или ПК. Экспорт всех календарей или выбранных событий на компьютер в формате ICS или CSV. Восстановление потерянных данных календаря из любой резервной копии.</p>
<p><br></p>
<p>Передача записей с iPhone и iPad на компьютер и возможность просмотреть или прослушать их в любой момент. С iMazing работа с данными из программ iOS «Заметки» и «Диктофон» становится простой и легкой.</p>
<p><br></p>
<p>Возможность использовать iPhone, iPad или iPod как флэшку. Импорт документов в мобильные приложения и обратно на компьютер в обход iCloud и iTunes. Подключение по Wi-Fi или через USB. Версия для Mac и Windows.</p>
<p><br></p>
<p>Работа с файловой системой и данными из резервных копий iPhone и iPad на Mac или ПК. Модификация и восстановление любых файлов&nbsp;— даже из зашифрованных копий.</p>
<p><br></p>
<p>Специально для системных администраторов, разработчиков и продвинутых пользователей. Расширенные возможности подключения, резервное копирование и диагностика мобильных устройств.</p>
<p><br></p>
<p><br></p>
',
    content_local = '
<p>将音乐、消息、文件和数据传输到其他设备。 备份 iPhone、iPad 和 iPod touch 数据。 可靠性、动力和便利性。 iMazing 是适用于 Mac 的最佳 iOS 设备管理软件。</p>
<p><br></p>
<p>它比 iTunes 还要大。 这是 iMazing。</p>
<p><br></p>
<p>将应用程序和数据从旧 iPhone 或 iPad 完全或选择性地转移到新 iPhone 或 iPad 上。 数据迁移保护可靠，设置灵活。 没有 iTunes 和 iCloud。</p>
<p><br></p>
<p>iMazing 久经考验的备份技术让您不必担心 iOS 数据的机密性。 iMazing 是将 iPhone 和 iPad 数据无线自动备份到 Mac 和 PC 的最佳解决方案。</p>
<p><br></p>
<p>无需 iTunes，即可将音乐和媒体文件从计算机快速复制到 iOS 设备并返回。</p>
<p><br></p>
<p>根据您的喜好自定义 iPhone 铃声和通知声音！ iMazing 让它变得简单、有趣并且完全免费。</p>
<p><br></p>
<p>快速方便地将书籍（ePub 和 PDF）导入到 Books 程序中并将其导出到您的计算机。 将您的资料库与 Mac 或 Windows 计算机同步。</p>
<p><br></p>
<p>无需 iCloud 或 iTunes 即可轻松导出照片和视频。 通过 USB 或 Wi-Fi 从计算机访问它们。 可靠的备份。</p>
<p><br></p>
<p>iOS 的灵活应用程序管理。 将程序 (.ipa) 下载到您的计算机并传输到 iOS 设备。 导出和恢复文档、设置和游戏得分。</p>
<p><br></p>
<p>借助 iMazing 的全新快速传输功能，将音乐、照片、电影、文本文档和文件从 Mac 和 PC 复制到 iPhone 或 iPad 比以往更轻松、更方便。&nbsp;</p>
<p><br></p>
<p>无需 iCloud，即可将 Safari 书签从 iPhone 或 iPad 传输到 PC 或 Mac。 备份阅读清单。 从备份中检索浏览器历史记录。</p>
<p><br></p>
<p>将短信和发送的附件从 iPhone 复制到您的电脑或新手机。 能够保存和打印重要的信件。</p>
<p><br></p>
<p>将 WhatsApp 消息和附件传输到新 iPhone。 能够打印重要的信件并将其保存在 Mac 或 PC 上。</p>
<p><br></p>
<p>以 CSV 格式方便地导出通话记录。 将答录机消息保存为音频文件，以便您可以在 Mac 或 PC 上收听。</p>
<p><br></p>
<p>能够绕过 iTunes 和云存储，将联系人从 iPhone 复制到 Mac 或 PC。 快速将一组联系人转移到 iPhone。 合并多个地址簿。</p>
<p><br></p>
<p>轻松将日历从 iPhone 传输到 Mac 或 PC。 以 ICS 或 CSV 格式将所有日历或选定的事件导出到您的计算机。 从任何备份中恢复丢失的日历数据。</p>
<p><br></p>
<p>将录音从 iPhone 和 iPad 传输到您的计算机，并可以随时查看或收听它们。 iMazing 使处理来自 iOS Notes 和 Voice Recorder 应用程序的数据变得简单轻松。</p>
<p><br></p>
<p>能够使用 iPhone、iPad 或 iPod 作为闪存驱动器。 将文档导入移动应用程序并返回到计算机，绕过 iCloud 和 iTunes。 通过 Wi-Fi 或 USB 连接。 适用于 Mac 和 Windows 的版本。</p>
<p><br></p>
<p>在 Mac 或 PC 上使用 iPhone 和 iPad 备份中的文件系统和数据。 修改和恢复任何文件 - 甚至是加密副本。</p>
<p><br></p>
<p>特别适合系统管理员、开发人员和高级用户。 移动设备的高级连接、备份和诊断。</p>
<p><br></p>
<p><br></p>
'
  WHERE
    app_id = 722.0 AND title = 'Описание'
;

  UPDATE download_info
  SET
    content_local = '<p>启动下载的图像并将应用程序拖到“应用程序”文件夹快捷方式中。<br>复制完成后，可以通过 Launchpad 启动应用程序。</p>
<p><span style="color:rgb(251,160,38);">注意力！ 必须禁用 SIP。&nbsp;</span><span style="color:rgb(13,132,251);"><a href="/510-sip.html" target="_blank">更多细节</a> &gt;</span></p>',
    content = '<p>Запустите скачанный образ и перетащите приложение в ярлык папки Программы (Applications).<br>После завершения копирования, приложение можно запустить через Launchpad.</p>
<p><span style="color:rgb(251,160,38);">ВНИМАНИЕ! Требуется отключение SIP.&nbsp;</span><span style="color:rgb(13,132,251);"><a href="/510-sip.html" target="_blank">Подробнее</a> &gt;</span></p>'
  WHERE
    app_id = 722.0
;

      INSERT OR REPLACE INTO download_links (app_id, title, href, title_local, version)
      VALUES (722.0, 'Прямая ссылка на скачивание', 'https://vk.com/doc781359414_672879520', '直接链接下载安装程序', '2.17.5')
  ;

    INSERT INTO older_versions (app_id, title, url, title_local)
    VALUES (722.0, 'iMazing 2.14.6 [TNT] для OS X 10.10 и новее', 'https://vk.com/doc154826112_631425169', 'iMazing 2.14.6 [TNT] 适用于 OS X 10.10 及以上版本')
;

    UPDATE app
    SET
        name = 'Lunar Pro',
        bg_image = 'https://appstorrent.ru/uploads/posts/2021-11/1637076157_lunar-pro.jpg',
        icon = 'https://appstorrent.ru/uploads/posts/2021-11/1637075041_icon.png',
        version = '6.2.2',
        description = 'Адаптивная яркость',
        description_local = '自适应亮度',
        detail_url = 'https://appstorrent.ru/781-lunar-pro.html',
        file_size = '21 MB',
        developer = 'Alin Panaitiu',
        activation = 'В комплекте',
        compatibility = 'macOS 11及以上版本',
        architecture = 'ARMx86 (64-bit)',
        published_date = '2023/11/23',
        releaseDate = '',
        note = '',
        views = '16342',
        link = 'https://anonim.xyz/go/https://lunar.fyi/',
        detail_version = '6.2.2',
        banner = '["https://appstorrent.ru/uploads/posts/2021-11/1637075843_1.jpg","https://appstorrent.ru/uploads/posts/2021-11/1637075844_2.jpg","https://appstorrent.ru/uploads/posts/2021-11/1637075844_3.jpg","https://appstorrent.ru/uploads/posts/2021-11/1637075844_4.jpg"]'
    WHERE
        id = 731.0
    ;

  UPDATE tabs
  SET
    content = '
<p>Интеллектуальная адаптивная яркость внешнего дисплея. Lunar управляет такой же яркостью, которую вы можете изменить с помощью физических кнопок монитора.</p>
<p><br></p>
<p>Адаптивная яркость (и контраст) на основе сенсора на основе внешнего светового сенсора</p>
<p>Адаптивная яркость (и контраст) на основе синхронизации на основе встроенного датчика освещенности Macbook или iMac</p>
<p>Адаптивная яркость (и контраст) на основе местоположения на основе времени восхода / захода солнца в вашем местоположении</p>
<p>Список исключений приложений, если вам нужно больше яркости для определенных действий (просмотр фильмов, дизайн)</p>
<p>Индивидуальные настройки для каждого дисплея</p>
<p>Ручное управление и горячие клавиши для настройки яркости и контрастности с учетом минимальных / максимальных значений для каждого монитора</p>
<p>Это совершенно не мешает встроенной адаптивной яркости, которую macOS реализует для встроенного дисплея.</p>
<p><br></p>
<p>Он хорошо работает в режимах Night Shift и True Tone (и f.lux, если не используются элементы управления Gamma / Software)</p>
',
    content_local = '
<p>智能自适应外接显示器亮度。 月球控制相同的亮度，您可以使用显示器的物理按钮更改亮度。</p>
<p><br></p>
<p>基于传感器的自适应亮度（和对比度）基于外部光传感器</p>
<p>基于 Macbook 或 iMac 内置光传感器的定时自适应亮度（和对比度）</p>
<p>基于位置的自适应亮度（和对比度）基于您所在位置的日出/日落时间</p>
<p>如果您需要更高的亮度来进行某些活动（看电影、设计），则应用程序例外列表</p>
<p>每个显示器的单独设置</p>
<p>手动控制和热键可根据每台显示器的最小/最大值调整亮度和对比度</p>
<p>这完全不会干扰 macOS 为内置显示屏实现的内置自适应亮度。</p>
<p><br></p>
<p>它在 Night Shift 和 True Tone 模式下运行良好（如果不使用 Gamma/软件控制，则在 f.lux 下）</p>
'
  WHERE
    app_id = 731.0 AND title = 'Описание'
;

  UPDATE tabs
  SET
    content = '
<p>Примечания к выпуску доступны на официальном сайте <span style="color:rgb(13,132,251);"><a href="https://anonim.xyz/go/https://lunar.fyi/changelog" target="_blank" rel="noopener external noreferrer">lunar.fyi</a> &gt;</span></p>
',
    content_local = '
<p>发行说明可在官方网站上找到 <span style="color:rgb(13,132,251);"><a href="https://anonim.xyz/go/https://农历仅供参考/changelog" target="_blank" rel="noopener external noreferrer">lunar.fyi</a> &gt;</span></p>
'
  WHERE
    app_id = 731.0 AND title = 'Что нового'
;

  UPDATE download_info
  SET
    content_local = '<p>安装和激活说明包含在套件（内部）中。</p>',
    content = '<p>Инструкция по установке и активации поставляется в комплекте (внутри).</p>'
  WHERE
    app_id = 731.0
;

      INSERT OR REPLACE INTO download_links (app_id, title, href, title_local, version)
      VALUES (731.0, 'Прямая ссылка на скачивание', 'https://vk.com/doc781359414_672950614', '直接链接下载安装程序', '6.2.2')
  ;

    INSERT INTO older_versions (app_id, title, url, title_local)
    VALUES (731.0, 'Lunar Pro 5.3.3 [TNT] для macOS 10.15 и новее', 'https://vk.com/doc154826112_629950781', 'Lunar Pro 5.3.3 [TNT] 适用于 macOS 10.15 及以上版本')
;

    UPDATE app
    SET
        name = 'Byword',
        bg_image = 'https://appstorrent.ru/templates/appstorrent-4ac2e09b1a/assets/img/bg.webp',
        icon = 'https://appstorrent.ru/uploads/posts/2023-11/1700337303_icon.webp',
        version = '2.9.6 [MAS]',
        description = 'Редактор Markdown',
        description_local = 'Markdown 编辑器',
        detail_url = 'https://appstorrent.ru/571-byword.html',
        file_size = '6 MB',
        developer = 'Metaclassy Lda.',
        activation = 'K''ed by TNT team',
        compatibility = 'OS X 10.10及以上版本',
        architecture = 'x86 (64-bit)',
        published_date = '2023/11/18',
        releaseDate = '',
        note = '',
        views = '8698',
        link = 'https://anonim.xyz/go/https://metaclassy.com/',
        detail_version = '2.9.6 [MAS]',
        banner = '["https://appstorrent.ru/uploads/posts/2023-11/1700337319_1286x0w.webp","https://appstorrent.ru/uploads/posts/2023-11/1700337320_1286x0w-1.webp","https://appstorrent.ru/uploads/posts/2023-11/1700337321_1286x0w-2.webp","https://appstorrent.ru/uploads/posts/2023-11/1700337322_1286x0w-3.webp"]'
    WHERE
        id = 739.0
    ;

  UPDATE tabs
  SET
    content = '
<p>Главным преимуществом Byword является как раз функциональность. Помимо уже привычных функций автофокуса, здесь есть режим «печатной машинки», при котором вводимая строка всегда находится по центру экрана. Вроде бы мелочь, но на практике куда востребованный, чем всякие «замыливания» текста. Byword полностью поддерживает все новые возможности Lion. В распоряжении писателя роскошный полноэкранный режим работы, возможность откатиться на прежнюю версию документа (используются Versions), автоматические сохранение данных.</p>
<p><br></p>
<p>Особенности:</p>
<p>Полноэкранный режим</p>
<p>Режим фокусировки, чтобы выделить только несколько строк рядом с курсором</p>
<p>5 красивых пресетов типографии оптимизирована для разборчивости и читаемости</p>
<p>Обычный текст (TXT) и форматированный текст (RTF) редактирование</p>
<p>Специальные функции выбора для облегчения манипуляций с текстом</p>
<p>Удобные горячие клавиши для быстрого внесения изменений</p>
<p>На месте форматирования вариантов, представленных в контекстной пирог</p>
<p>Пользовательский интерфейс просмотра аксессуар исчезают при наборе</p>
<p>Комплексная найти и заменить</p>
<p>Печать и экспорт в PDF</p>
',
    content_local = '
<p>Byword 的主要优点是它的功能。 除了已经熟悉的自动对焦功能外，还有“打字机”模式，其中输入的行始终位于屏幕中央。 这看起来似乎是一件小事，但在实践中，它比任何文本的“模糊”需求要大得多。 Byword 完全支持所有新的 Lion 功能。 作者可以使用豪华的全屏模式、回滚到文档的先前版本（使用的版本）以及自动数据保存的能力。</p>
<p><br></p>
<p>特点：</p>
<p>全屏模式</p>
<p>焦点模式仅突出显示光标附近的几行</p>
<p>5 个精美的排版预设，针对易读性和可读性进行了优化</p>
<p>纯文本 (TXT) 和富文本 (RTF) 编辑</p>
<p>特殊的选择功能，更容易进行文本操作</p>
<p>方便的热键可快速更改</p>
<p>上下文饼图中显示的就地格式选项</p>
<p>打字时 UI 查看附件消失</p>
<p>集成查找和替换</p>
<p>打印并导出为 PDF</p>
'
  WHERE
    app_id = 739.0 AND title = 'Описание'
;

  UPDATE tabs
  SET
    content = '
<p>Byword has been updated for macOS 14 Sonoma.</p>
',
    content_local = '
<p>Byword 已针对 macOS 14 Sonoma 进行了更新。</p>
'
  WHERE
    app_id = 739.0 AND title = 'Что нового'
;

  UPDATE download_info
  SET
    content_local = '<p>挂载镜像并启动 Open Gatekeeper friendly。</p>
<p>在终端窗口中按 Enter 键绕过 Gatekeeper。</p>
<p>将应用程序拖到“应用程序”文件夹中。</p>
<p>该应用程序已准备好使用。</p>',
    content = '<p>Смонтируйте образ и запустите&nbsp;Open Gatekeeper friendly.</p>
<p>Нажмите Enter для обхода Gatekeeper в окне Терминал.</p>
<p>Перетащите приложение в папку Программы (Applications).</p>
<p>Приложение готово к использованию.</p>'
  WHERE
    app_id = 739.0
;

      INSERT OR REPLACE INTO download_links (app_id, title, href, title_local, version)
      VALUES (739.0, 'Прямая ссылка на скачивание', 'https://vk.com/doc781359414_672703832', '直接链接下载安装程序', '2.9.6 [MAS]')
  ;

    UPDATE app
    SET
        name = 'Wirecast Pro',
        bg_image = 'https://appstorrent.ru/templates/appstorrent-4ac2e09b1a/assets/img/bg.webp',
        icon = 'https://appstorrent.ru/uploads/posts/2023-05/1684165720_icon.webp',
        version = '16.0.3',
        description = 'Видеотрансляция',
        description_local = '视频直播',
        detail_url = 'https://appstorrent.ru/166-wirecast.html',
        file_size = '558 MB',
        developer = 'Telestream',
        activation = 'K''ed by TNT team',
        compatibility = 'macOS 11及以上版本',
        architecture = 'ARMx86 (64-bit)',
        published_date = '2023/11/18',
        releaseDate = '',
        note = '',
        views = '52297',
        link = 'https://anonim.xyz/go/https://www.telestream.net/wirecast/overview.htm',
        detail_version = '16.0.3',
        banner = '["https://appstorrent.ru/uploads/posts/2019-05/1558869431_1.png","https://appstorrent.ru/uploads/posts/2019-05/1558869410_2.png","https://appstorrent.ru/uploads/posts/2019-05/1558869340_3.png","https://appstorrent.ru/uploads/posts/2019-05/1558869416_4.png"]'
    WHERE
        id = 812.0
    ;

  UPDATE tabs
  SET
    content = '
<p>Wirecast Pro - программа, позволяющая быстро организовать видеотрансляцию и запись любых событий, таких как спортивные состязания, торжества, конференции, концерты и т.п. Он используется в качестве ядра студийного комплекса небольших телевизионных и продюсерских компаний и применяется для записи интервью, музыкальных видеоклипов, телепрограмм и шоу. Оптимальное решение для пользователей YouTube.</p>
<p><br></p>
<p>Графическое оформление включает в себя титры, элементы графики (подложки, каше и т.п.), шаблоны таблиц для ведения счета спортивных состязаний в реальном времени, размещение логотипа на выходном видеосигнале.</p>
<p>&nbsp;</p>
<p>Telestream Wirecast Pro предоставляет тридцать встроенных профессиональных стилей оформления титров и подписей с возможностью простого и быстрого добавления/изменения текста непосредственно во время трансляции.</p>
',
    content_local = '
<p>Wirecast Pro 是一个程序，可让您快速组织任何事件的视频广播和录制，例如体育比赛、庆典、会议、音乐会等。 它被用作小型电视和制作公司演播室综合体的核心，用于录制采访、音乐视频、电视节目和节目。 YouTube 用户的最佳解决方案。</p>
<p><br></p>
<p>图形设计包括标题、图形元素（背景、粥等）、用于实时记录体育比赛得分的表格模板以及在输出视频信号上放置徽标。</p>
<p>&nbsp;</p>
<p>Telestream Wirecast Pro 提供了 30 种内置的专业标题和字幕样式，能够在广播过程中直接轻松快速地添加/更改文本。</p>
'
  WHERE
    app_id = 812.0 AND title = 'Описание'
;

  UPDATE download_info
  SET
    content_local = '<p>挂载镜像并启动 Open Gatekeeper friendly。</p>
<p>在终端窗口中按 Enter 键绕过 Gatekeeper。</p>
<p>将应用程序拖到“应用程序”文件夹中。</p>
<p>该应用程序已准备好使用。</p>',
    content = '<p>Смонтируйте образ и запустите&nbsp;Open Gatekeeper friendly.</p>
<p>Нажмите Enter для обхода Gatekeeper в окне Терминал.</p>
<p>Перетащите приложение в папку Программы (Applications).</p>
<p>Приложение готово к использованию.</p>'
  WHERE
    app_id = 812.0
;

      INSERT OR REPLACE INTO download_links (app_id, title, href, title_local, version)
      VALUES (812.0, 'Прямая ссылка на скачивание', 'https://vk.com/doc781359414_672703774', '直接链接下载安装程序', '16.0.3')
  ;

    INSERT INTO older_versions (app_id, title, url, title_local)
    VALUES (812.0, 'Wirecast Pro 14.1.2 [TNT] для macOS 10.14 и новее', 'https://vk.com/doc154826112_598361480', 'Wirecast Pro 14.1.2 [TNT] 适用于 macOS 10.14 及以上版本')
;

    INSERT INTO older_versions (app_id, title, url, title_local)
    VALUES (812.0, 'Wirecast Pro 13.1.3 для macOS 10.14 и новее ', 'https://vk.com/doc154826112_563078900', 'Wirecast Pro 13.1.3 适用于 macOS 10.14 及以上版本 ')
;

    UPDATE app
    SET
        name = 'PasteNow',
        bg_image = 'https://appstorrent.ru/uploads/posts/2021-04/1619274738_pastenow.jpg',
        icon = 'https://appstorrent.ru/uploads/posts/2023-11/ffffffff.webp',
        version = '2.15.3',
        description = 'Менеджер буфера обмена',
        description_local = '剪贴板管理器',
        detail_url = 'https://appstorrent.ru/532-pastenow.html',
        file_size = '4 MB',
        developer = 'Ding Zhou',
        activation = 'Не требуется',
        compatibility = 'macOS 12及以上版本',
        architecture = 'ARMx86 (64-bit)',
        published_date = '2023/11/22',
        releaseDate = '',
        note = '',
        views = '18201',
        link = 'https://anonim.xyz/go/https://apps.apple.com/app/pastenow-instant-clipboard/id1552536109',
        detail_version = '2.15.3',
        banner = '["https://appstorrent.ru/uploads/posts/2021-04/1619195208_pastenow_screenshot_1-min.png","https://appstorrent.ru/uploads/posts/2021-04/1619195281_pastenow_screenshot_2-min.png","https://appstorrent.ru/uploads/posts/2021-04/1619195215_pastenow_screenshot_3-min.png","https://appstorrent.ru/uploads/posts/2021-04/1619195235_pastenow_screenshot_4-min.png"]'
    WHERE
        id = 813.0
    ;

  UPDATE tabs
  SET
    content = '
<p dir="ltr">PasteNow - это приложение для управления буфером обмена, которое упрощает и ускоряет вашу повседневную работу.&nbsp;Вы можете использовать его для хранения всех видов временных данных: текста, ссылки, изображения и даже кода.</p>
<p dir="ltr"></p>
<p dir="ltr">Он поддерживает следующие функции:</p>
<p dir="ltr">- Синхронизация данных между несколькими устройствами</p>
<p dir="ltr">- Создавайте умные списки для удобной фильтрации и поиска контента</p>
<p dir="ltr">- Просмотр различного контента в разных стилях просмотра списка</p>
<p dir="ltr">- Используйте ярлыки для мгновенной вставки рядом с курсором</p>
',
    content_local = '
<p dir="ltr">PasteNow 是一款剪贴板管理应用程序，可让您的日常工作变得更加轻松快捷。 您可以使用它来存储各种临时数据：文本、链接、图像，甚至代码。</p>
<p dir="ltr"></p>
<p dir="ltr">它支持以下功能：</p>
<p dir="ltr">- 多设备间数据同步</p>
<p dir="ltr">- 创建智能列表以轻松过滤和搜索内容</p>
<p dir="ltr">- 以不同的列表视图样式查看不同的内容</p>
<p dir="ltr">- 使用快捷方式立即粘贴到光标旁边</p>
'
  WHERE
    app_id = 813.0 AND title = 'Описание'
;

  UPDATE tabs
  SET
    content = '
<p>## 2.15.3 Update</p>
<p><br>- Fixed the issue where screenshot content was pasted as text.</p>
<p>- Enhanced the scrolling list experience with the mouse wheel for third-party brands.</p>
<p><br>## 2.15 Update</p>
<p><br>PasteNow 2.15 brings several updates, mainly multi-language support, text formatting, and more.</p>
<p><br>### New Features</p>
<p><br>When performing "Copy" and "Paste" actions, there''s an added feature to format or un-format text with "bullet list". For example, you can copy or paste multi-line text "xxx. yyy. zzz." as "1. xxx. 2. yyy. 3. zzz" and vice versa. This feature can be triggered by right-clicking after selecting the content.</p>
<p><br>If the clipboard content is a link, you can also copy or paste it as a Markdown text in the “[title](url)” format. We believe this capability will make your daily text editing tasks more convenient.</p>
<p><br>### Experience Improvements</p>
<p><br>This version brings localization support for Japanese, Korean, Russian, and Slovak. This is the first time PasteNow has added support for these languages, and some terminology might not be accurate. We appreciate your feedback and will continuously improve in the upcoming versions.</p>
<p><br>Additionally, the following features have been improved:</p>
<p><br>- Quick select list: Now you can also trigger and make selections by right-clicking on "All";</p>
<p>- If set for PasteNow to appear at the last position, this behavior is now consistent when clicking the status bar icon;</p>
<p>- Under "Database View", you can now export selected content (or all) as plain text (requires macOS 14).</p>
<p><br>### Bug Fixes</p>
<p><br>- Fixed an issue where rich text might have oversized fonts;</p>
<p>- Fixed a potential problem with the background color of rich text;</p>
<p>- Editing Text: Fixed an issue where saving rich text as plain text would fail.</p>
<p><br>These are the main updates for this version. We will continue to improve PasteNow. If you like PasteNow, please give us a positive review. Enjoy!</p>
',
    content_local = '
<p>## 2.15.3 更新</p>
<p><br>- 修复了屏幕截图内容粘贴为文本的问题。</p>
<p>- 增强了第三方品牌的鼠标滚轮滚动列表体验。</p>
<p><br>## 2.15 更新</p>
<p><br>PasteNow 2.15带来了多项更新，主要是多语言支持、文本格式设置等。</p>
<p><br>＃＃＃新功能</p>
<p><br>执行“复制”和“粘贴”操作时，有一个附加功能可以使用“项目符号列表”格式化或取消格式化文本。 例如，您可以复制或粘贴多行文本“xxx.yyy.zzz”。 如“1.xxx.2.yyy.3.zzz”，反之亦然。 选择内容后右键单击即可触发此功能。</p>
<p><br>如果剪贴板内容是链接，您还可以将其复制或粘贴为“[标题](url)”格式的 Markdown 文本。 我们相信此功能将使您的日常文本编辑任务更加方便。</p>
<p><br>### 体验改进</p>
<p><br>此版本带来了日语、韩语、俄语和斯洛伐克语的本地化支持。 这是 PasteNow 第一次添加对这些语言的支持，某些术语可能不准确。 我们感谢您的反馈，并将在即将推出的版本中不断改进。</p>
<p><br>此外，还改进了以下功能：</p>
<p><br>- 快速选择列表：现在您也可以通过右键“全部”来触发并进行选择；</p>
<p>- 如果设置PasteNow出现在最后一个位置，现在单击状态栏图标时此行为是一致的；</p>
<p>- 在“数据库视图”下，您现在可以将选定的内容（或全部）导出为纯文本（需要 macOS 14）。</p>
<p><br>＃＃＃Bug修复</p>
<p><br>- 修复了富文本可能出现字体过大的问题；</p>
<p>- 修复了富文本背景颜色的潜在问题；</p>
<p>- 编辑文本：修复了将富文本保存为纯文本失败的问题。</p>
<p><br>这些是该版本的主要更新。 我们将继续改进 PasteNow。 如果您喜欢 PasteNow，请给我们积极的评价。 享受！</p>
'
  WHERE
    app_id = 813.0 AND title = 'Что нового'
;

  UPDATE download_info
  SET
    content_local = '<p>请遵循标准安装程序。</p>',
    content = '<p>Выполните стандартную процедуру установки.</p>'
  WHERE
    app_id = 813.0
;

      INSERT OR REPLACE INTO download_links (app_id, title, href, title_local, version)
      VALUES (813.0, 'Прямая ссылка на скачивание', 'https://vk.com/doc781359414_672878607', '直接链接下载安装程序', '2.15.3')
  ;

    INSERT INTO older_versions (app_id, title, url, title_local)
    VALUES (813.0, 'PasteNow 1.1 MAS [HCiSO] для macOS 10.15 и новее', 'https://vk.com/doc249553273_597199423', 'PasteNow 1.1 MAS [HCiSO] 适用于 macOS 10.15 及以上版本')
;

    UPDATE app
    SET
        name = 'DxO PhotoLab 7',
        bg_image = 'https://appstorrent.ru/templates/appstorrent-4ac2e09b1a/assets/img/bg.webp',
        icon = 'https://appstorrent.ru/uploads/posts/2023-01/1673586138_icon.webp',
        version = '7.1.1.38',
        description = 'Фоторедактор',
        description_local = '照片编辑器',
        detail_url = 'https://appstorrent.ru/1092-dxo-photolab.html',
        file_size = '753 MB',
        developer = 'DxO Labs',
        activation = 'K''ed by TNT team',
        compatibility = 'macOS 12.6及以上版本',
        architecture = 'x86 (64-bit)',
        published_date = '2023/11/20',
        releaseDate = '',
        note = '',
        views = '43456',
        link = 'https://anonim.xyz/go/https://www.dxo.com/dxo-photolab/',
        detail_version = '7.1.1.38',
        banner = '["https://appstorrent.ru/uploads/posts/2022-12/1653116172_1.jpg","https://appstorrent.ru/uploads/posts/2022-05/1653116172_2.jpg","https://appstorrent.ru/uploads/posts/2022-05/1653116172_3.jpg"]'
    WHERE
        id = 1776.0
    ;

  UPDATE download_info
  SET
    content_local = '<p>挂载镜像并启动 Open Gatekeeper friendly。</p>
<p>在终端窗口中按 Enter 键绕过 Gatekeeper。</p>
<p>将应用程序拖到“应用程序”文件夹中。</p>
<p>该应用程序已准备好使用。</p>',
    content = '<p>Смонтируйте образ и запустите&nbsp;Open Gatekeeper friendly.</p>
<p>Нажмите Enter для обхода Gatekeeper в окне Терминал.</p>
<p>Перетащите приложение в папку Программы (Applications).</p>
<p>Приложение готово к использованию.</p>'
  WHERE
    app_id = 1776.0
;

      INSERT OR REPLACE INTO download_links (app_id, title, href, title_local, version)
      VALUES (1776.0, 'Прямая ссылка на скачивание', 'https://vk.com/doc781359414_672868613', '直接链接下载安装程序', '7.1.1.38')
  ;

    INSERT INTO older_versions (app_id, title, url, title_local)
    VALUES (1776.0, 'DxO PhotoLab 6 ELITE Edition 6.11.0.59 [TNT] для macOS 11.6 и новее', 'https://vk.com/doc781359414_672252756', 'DxO PhotoLab 6 ELITE Edition 6.11.0.59 [TNT] 适用于 macOS 11.6 及以上版本')
;

    UPDATE app
    SET
        name = 'Swish for Mac',
        bg_image = 'https://appstorrent.ru/templates/appstorrent-4ac2e09b1a/assets/img/bg.webp',
        icon = 'https://appstorrent.ru/uploads/posts/2023-09/bez-nazvanija.webp',
        version = '1.10.3',
        description = 'Управление окнами жестами',
        description_local = '使用手势管理窗口',
        detail_url = 'https://appstorrent.ru/2563-swish-for-mac.html',
        file_size = '10 MB',
        developer = 'highlyopinionated',
        activation = 'Не требуется',
        compatibility = 'macOS 10.13及以上版本',
        architecture = 'ARMx86 (64-bit)',
        published_date = '2023/11/27',
        releaseDate = '',
        note = '',
        views = '7883',
        link = 'https://anonim.xyz/go/https://highlyopinionated.co/swish/',
        detail_version = '1.10.3',
        banner = '["https://www.youtube.com/embed/kr-UAfenIQc?si=fJymXgCkRcRhfz4W?enablejsapi=1","https://appstorrent.ru/uploads/posts/2023-09/1694605532_3.webp","https://appstorrent.ru/uploads/posts/2023-09/1694605529_2.webp","https://appstorrent.ru/uploads/posts/2023-09/1694605534_1600-na-1000-2.webp"]'
    WHERE
        id = 1778.0
    ;

  UPDATE download_info
  SET
    content_local = '<p>启动下载的图像并将应用程序拖到“应用程序”文件夹快捷方式中。<br>复制完成后，可以通过 Launchpad 启动应用程序。</p>',
    content = '<p>Запустите скачанный образ и перетащите приложение в ярлык папки Программы (Applications).<br>После завершения копирования, приложение можно запустить через Launchpad.</p>'
  WHERE
    app_id = 1778.0
;

      INSERT OR REPLACE INTO download_links (app_id, title, href, title_local, version)
      VALUES (1778.0, 'Прямая ссылка на скачивание', 'https://vk.com/doc781359414_673057401', '直接链接下载安装程序', '1.10.3')
  ;

    UPDATE app
    SET
        name = 'Native Instruments Komplete Kontrol',
        bg_image = 'https://appstorrent.ru/templates/appstorrent-4ac2e09b1a/assets/img/bg.webp',
        icon = NULL,
        version = '3.0.3',
        description = '
VST, FL Studio
',
        description_local = '
VST、FL 工作室
',
        detail_url = 'https://appstorrent.ru/2399-native-instruments-komplete-kontrol.html',
        file_size = '386 MB',
        developer = 'Native Instruments',
        activation = 'K''ed by TEAM HCiSO',
        compatibility = 'macOS 12及以上版本',
        architecture = 'ARMx86 (64-bit)',
        published_date = '2023/11/22',
        releaseDate = '',
        note = '',
        views = '4411',
        link = 'https://anonim.xyz/go/https://www.native-instruments.com/en/products/komplete/bundles/komplete-kontrol/',
        detail_version = '3.0.3',
        banner = '["https://www.youtube.com/embed/Zu2eQrkwrMI?enablejsapi=1","https://appstorrent.ru/uploads/posts/2023-07/av.webp"]'
    WHERE
        id = 1904.0
    ;

  UPDATE tabs
  SET
    content = '
<p>KOMPLETE KONTROL — это простой в использовании инструмент, который упорядочивает ваш рабочий процесс. Он упорядочивает все ваши инструменты, эффекты, пресеты, лупы и сэмплы, разумно сопоставляя все с вашим оборудованием, чтобы вы могли находить, воспроизводить и настраивать все свои звуки в одном месте. Этот бесплатный плагин работает в любой DAW и без проблем работает с любым MIDI-контроллером, а также с вашей надежной мышью и клавиатурой.</p>
<p><span style="font-size:13.6px;">&nbsp;</span></p>
<p><span style="font-size:13.6px;">РАБОТАЕТ С СОТНИ ИНСТРУМЕНТОВ И ЭФФЕКТОВ</span></p>
<p><span style="font-size:13.6px;">KOMPLETE KONTROL объединяет все инструменты и эффекты KOMPLETE, а также более 750 других плагинов от 90 ведущих разработчиков, таких как Waves, Spitfire Audio, Softube, Arturia и Output, в один интуитивно понятный рабочий процесс. Все благодаря расширенному формату подключаемых модулей NI, Native Kontrol Standard (NKS).</span></p>
<p><span style="font-size:13.6px;">&nbsp;</span></p>
<p><span style="font-size:13.6px;">NKS теперь также распространяется на лупы и сэмплы. Это означает, что KOMPLETE KONTROL синхронизирует все ваши коллекции с Sounds.com одним щелчком мыши и аккуратно помечает все тегами для удобного просмотра в вашей DAW, а также работает со всеми звуками в библиотеке MASCHINE и расширениях. Вы можете воспроизводить все с помощью встроенного сэмплера, перетаскивать петли и ваншоты на временную шкалу DAW или перетаскивать их в инструменты, использующие сэмплы, такие как BATTERY, TRK-01 и FLESH.</span></p>
<p><span style="font-size:13.6px;">&nbsp;</span></p>
<p><span style="font-size:13.6px;">БЫСТРО НАЙТИ И ПРОСЛУШИВАТЬ ВАШИ ЗВУКИ</span></p>
<p><span style="font-size:13.6px;">KOMPLETE KONTROL сортирует все ваши звуки для удобного просмотра по тегам, поэтому найти идеальный «аналоговый» бас-синтезатор, «мрачный» пресет звукового ландшафта или сэмпл бочки так же просто, как описать его. Кроме того, с мгновенным предварительным просмотром каждого звука при прокрутке вам не нужно загружать отдельные плагины, чтобы услышать, как что-то звучит.</span></p>
<p><span style="font-size:13.6px;">&nbsp;</span></p>
<p><span style="font-size:13.6px;">Благодаря Smart Play KOMPLETE KONTROL предлагает вам новые и вдохновляющие способы исполнения. Сопоставьте свою клавиатуру с любой из более чем 100 различных гамм и режимов, играйте аккорды одним пальцем, без особых усилий создавайте выразительные арпеджио и многое другое. А если у вас есть одна из наших клавиатур серии S, вы получите всю необходимую визуальную обратную связь прямо из световода.</span></p>
<p><span style="font-size:13.6px;">&nbsp;</span></p>
<p><span style="font-size:13.6px;">С помощью NKS KOMPLETE KONTROL мгновенно и интуитивно сопоставляет все ваши инструменты и эффекты с вашим оборудованием. Отображение делают люди, которые знают их лучше всего — сами разработчики инструментов. Поэтому, когда вы загружаете пресет синтезатора, например, основные параметры, такие как отсечки фильтра и элементы управления огибающей, находятся именно там, где они вам нужны на вашем оборудовании, а дополнительные элементы управления интуитивно разделены на страницы.</span></p>
',
    content_local = '
<p>KOMPLETE KONTROL 是一款易于使用的工具，可简化您的工作流程。 它组织您的所有乐器、效果、预设、循环和样本，将所有内容智能地映射到您的硬件，以便您可以在一个地方查找、播放和自定义所有声音。 这个免费的插件适用于任何 DAW，并与任何 MIDI 控制器以及您值得信赖的鼠标和键盘无缝协作。</p>
<p><span style="font-size:13.6px;">&nbsp;</span></p>
<p><span style="font-size:13.6px;">可与数百种工具和效果配合使用</span></p>
<p><span style="font-size:13.6px;">KOMPLETE KONTROL 将 KOMPLETE 的所有乐器和效果器以及来自 90 位领先开发人员的 750 多个其他插件（例如 Waves、Spitfire Audio、Softube、Arturia 和 Output）结合到一个直观的工作流程中。 这一切都归功于 NI 的高级插件格式 Native Kontrol Standard (NKS)。</span></p>
<p><span style="font-size:13.6px;">&nbsp;</span></p>
<p><span style="font-size:13.6px;">NKS 现在还涵盖循环和样本。 这意味着 KOMPLETE KONTROL 只需单击一下即可将您的所有收藏同步到 Sounds.com，并整齐地标记所有内容，以便在 DAW 中轻松查看，以及使用 MASCHINE 库和扩展中的所有声音。 您可以使用内置采样器回放所有内容，将循环和单次拖动到 DAW 时间线中，或者将它们拖动到基于样本的乐器（例如 BATTERY、TRK-01 和 FLESH）中。</span></p>
<p><span style="font-size:13.6px;">&nbsp;</span></p>
<p><span style="font-size:13.6px;">快速找到并聆听您的声音</span></p>
<p><span style="font-size:13.6px;">KOMPLETE KONTROL 可组织您的所有声音，以便通过标签轻松浏览，因此找到完美的“模拟”低音合成器、“黑暗”音景预设或底鼓样本就像描述它一样简单。 另外，通过滚动时即时预览每种声音，您无需下载单独的插件即可听到声音。</span></p>
<p><span style="font-size:13.6px;">&nbsp;</span></p>
<p><span style="font-size:13.6px;">通过 Smart Play，KOMPLETE KONTROL 为您提供新颖且鼓舞人心的表演方式。 将您的键盘映射到 100 多种不同的音阶和模式中的任何一种，用一根手指弹奏和弦，轻松创建富有表现力的琶音等等。 如果您拥有我们的 S 系列键盘之一，您将直接从光导获得所需的所有视觉反馈。</span></p>
<p><span style="font-size:13.6px;">&nbsp;</span></p>
<p><span style="font-size:13.6px;">借助 NKS，KOMPLETE KONTROL 可以立即直观地将您的所有乐器和效果与您的硬件相匹配。 映射是由最了解他们的人（工具开发人员本身）完成的。 因此，例如，当您加载合成器预设时，滤波器截止和包络控制等基本参数就位于您硬件上需要的位置，而高级控制则直观地分为多个页面。</span></p>
'
  WHERE
    app_id = 1904.0 AND title = 'Описание'
;

  UPDATE download_info
  SET
    content_local = '<p>启动下载的图像并将应用程序拖到“应用程序”文件夹快捷方式中。</p>
<p>复制完成后，可以通过 Launchpad 启动应用程序。</p>',
    content = '<p>Запустите скачанный образ и перетащите приложение в ярлык папки Программы (Applications).</p>
<p>После завершения копирования, приложение можно запустить через Launchpad.</p>'
  WHERE
    app_id = 1904.0
;

      INSERT OR REPLACE INTO download_links (app_id, title, href, title_local, version)
      VALUES (1904.0, 'Прямая ссылка на скачивание', 'https://vk.com/doc781359414_672867677', '直接链接下载安装程序', '3.0.3')
  ;

    INSERT INTO older_versions (app_id, title, url, title_local)
    VALUES (1904.0, 'Native Instruments Komplete Kontrol 3.0.2 [HCiSO] для macOS 12 и новее', 'https://vk.com/doc781359414_672315023', 'Native Instruments Komplete Kontrol 3.0.2 [HCiSO] 适用于 macOS 12 及以上版本')
;

    INSERT INTO older_versions (app_id, title, url, title_local)
    VALUES (1904.0, 'Native Instruments Komplete Kontrol 3.0.0 [HCiSO] для macOS 12 и новее', 'https://vk.com/doc781359414_671383335', 'Native Instruments Komplete Kontrol 3.0.0 [HCiSO] 适用于 macOS 12 及以上版本')
;

    INSERT INTO older_versions (app_id, title, url, title_local)
    VALUES (1904.0, 'Native Instruments Komplete Kontrol 2.9.6 [HCiSO] для macOS 10.15 и новее', 'https://vk.com/doc781359414_672314832', 'Native Instruments Komplete Kontrol 2.9.6 [HCiSO] 适用于 macOS 10.15 及以上版本')
;

    INSERT INTO older_versions (app_id, title, url, title_local)
    VALUES (1904.0, 'Native Instruments Komplete Kontrol 2.9.4 [HCiSO] для macOS 10.15 и новее', 'https://vk.com/s/v1/doc/n8h51aeizMugsZKh1crgoXdjwbV6rgQdjNvKc3IuH1hiaVu_G94', 'Native Instruments Komplete Kontrol 2.9.4 [HCiSO] 适用于 macOS 10.15 及以上版本')
;

    UPDATE app
    SET
        name = 'KORG Software Modwave Native',
        bg_image = 'https://appstorrent.ru/templates/appstorrent-4ac2e09b1a/assets/img/bg.webp',
        icon = NULL,
        version = '1.1.3',
        description = '
VST, FL Studio
',
        description_local = '
VST、FL 工作室
',
        detail_url = 'https://appstorrent.ru/2014-korg-software-modwave-native.html',
        file_size = '116 MB',
        developer = 'KORG',
        activation = 'Не требуется',
        compatibility = 'macOS 10.12及以上版本',
        architecture = '',
        published_date = '2023/11/16',
        releaseDate = '',
        note = '',
        views = '2935',
        link = 'https://anonim.xyz/go/https://www.korg.com/ro/products/software/modwave_native/',
        detail_version = '1.1.3',
        banner = '["https://www.youtube.com/embed/NYzk3sjh0gU?enablejsapi=1","https://appstorrent.ru/uploads/posts/2022-12/1670579012_8c5384bb11a3984600526760e37394af_pc-kopija.webp"]'
    WHERE
        id = 2165.0
    ;

  UPDATE download_info
  SET
    content_local = '<p>安装下载的映像并遵循标准安装过程。</p>',
    content = '<p>Смонтируйте скачанный образ и выполните стандартную процедуру установки.</p>'
  WHERE
    app_id = 2165.0
;

      INSERT OR REPLACE INTO download_links (app_id, title, href, title_local, version)
      VALUES (2165.0, 'Прямая ссылка на скачивание', 'https://vk.com/doc781359414_672623314', '直接链接下载安装程序', '1.1.3')
  ;

    INSERT INTO older_versions (app_id, title, url, title_local)
    VALUES (2165.0, 'KORG Software Modwave Native 1.0.0', 'https://vk.com/s/v1/doc/tGGKYWfkpyYcGyVWrYrzN1LXF8jTFR0rtgk6LNqnG_9PZOKeHUI', 'KORG软件Modwave National 1.0.0')
;

    UPDATE app
    SET
        name = 'Adobe After Effects 2024',
        bg_image = 'https://appstorrent.ru/uploads/posts/2022-01/1643538036_ae.jpg',
        icon = 'https://appstorrent.ru/uploads/posts/2022-04/1650030385_after-effects.png',
        version = '24.0.3',
        description = 'Adobe',
        description_local = '土坯',
        detail_url = 'https://appstorrent.ru/95-adobe-after-effects.html',
        file_size = '3 GB',
        developer = 'Adobe',
        activation = 'K''ed by Monter Group',
        compatibility = 'macOS 12及以上版本',
        architecture = 'ARMx86 (64-bit)',
        published_date = '2023/11/17',
        releaseDate = '',
        note = '',
        views = '612795',
        link = 'https://anonim.xyz/go/https://www.adobe.com/ru/products/aftereffects.html',
        detail_version = '24.0.3',
        banner = '["https://appstorrent.ru/uploads/posts/2019-12/1575362877_1.jpg","https://appstorrent.ru/uploads/posts/2019-12/1575362858_2.jpg","https://appstorrent.ru/uploads/posts/2019-12/1575362869_3.jpg","https://appstorrent.ru/uploads/posts/2019-12/1575362853_4.jpg"]'
    WHERE
        id = 2474.0
    ;

  UPDATE tabs
  SET
    content = '
<p>Узнайте о новых возможностях в последнем выпуске After Effects <span style="color:rgb(13,132,251);"><a href="https://anonim.xyz/go/https://helpx.adobe.com/ru/after-effects/using/whats-new.html" target="_blank" rel="noopener external noreferrer">на официальном сайте Adobe</a></span></p>
<p>Примечания к выпуску доступны на официальном сайте <a href="https://anonim.xyz/go/https://helpx.adobe.com/after-effects/kb/fixed-issues.html" target="_blank" rel="noopener external noreferrer">helpx.adobe.com</a></p>
',
    content_local = '
<p>了解 After Effects 最新版本中的新增功能 <span style="color:rgb(13,132,251);"><a href="https://anonim.xyz/go/https://helpx.adobe.com/ru/after-effects/using/whats-new.html" target="_blank" rel="noopener external noreferrer">在 Adob​​e 官方网站上</a></span></p>
<p>发行说明可在官方网站上找到 <a href="https://anonim.xyz/go/https://helpx.adobe.com/after-effects/kb/fixed-issues.html" target="_blank" rel="noopener external noreferrer">helpx.adobe.com</a></p>
'
  WHERE
    app_id = 2474.0 AND title = 'Что нового'
;

  UPDATE download_info
  SET
    content_local = '<p>安装和激活说明包含在套件（内部）中。</p>
<p><br></p>
<p><span style="color:rgb(230,126,35);">下载 Camera Raw 您可以下载</span>&nbsp;<a href="https://download.adobe.com/pub/adobe/photoshop/cameraraw/mac/16.x/CameraRaw_16_0.dmg" target="_blank" rel="noopener external noreferrer">这里</a></p>
<p><br></p>
<p>以前版本的安装说明可在以下位置找到：&nbsp;<span style="color:rgb(13,132,251);"><a href="https://www.youtube.com/watch?v=1M5xrMcNQkw" target="_blank" rel="noopener external noreferrer">YouTube</a></span></p>',
    content = '<p>Инструкция по установке и активации поставляется в комплекте (внутри).</p>
<p><br></p>
<p><span style="color:rgb(230,126,35);">Скачать Camera Raw вы можете скачать</span>&nbsp;<a href="https://download.adobe.com/pub/adobe/photoshop/cameraraw/mac/16.x/CameraRaw_16_0.dmg" target="_blank" rel="noopener external noreferrer">тут</a></p>
<p><br></p>
<p>Инструкция по установке предыдущих версий доступна на&nbsp;<span style="color:rgb(13,132,251);"><a href="https://www.youtube.com/watch?v=1M5xrMcNQkw" target="_blank" rel="noopener external noreferrer">YouTube</a></span></p>'
  WHERE
    app_id = 2474.0
;

      INSERT OR REPLACE INTO download_links (app_id, title, href, title_local, version)
      VALUES (2474.0, 'Прямая ссылка на скачивание', 'https://vk.com/doc781359414_672661410', '直接链接下载安装程序', '24.0.3')
  ;

      INSERT OR REPLACE INTO download_links (app_id, title, href, title_local, version)
      VALUES (2474.0, 'Скачать с MediaFire', 'https://www.mediafire.com/file/9zlw1tlgkrs06ao/After_Effects_24.0.3_%255BMonter_Group%255D.dmg/file', '下载 MediaFire', '24.0.3')
  ;

    INSERT INTO older_versions (app_id, title, url, title_local)
    VALUES (2474.0, 'Adobe After Effects 2024 v24.0.2 [Monter Group] для macOS 12 и новее', 'https://vk.com/doc781359414_672018542', 'Adobe After Effects 2024 v24.0.2 [Monter Group] 适用于 macOS 12 及以上版本')
;

    INSERT INTO older_versions (app_id, title, url, title_local)
    VALUES (2474.0, 'Adobe After Effects 2024 v24.0.1 [Monter Group] для macOS 12 и новее', 'https://vk.com/doc781359414_671826597', 'Adobe After Effects 2024 v24.0.1 [Monter Group] 适用于 macOS 12 及以上版本')
;

    INSERT INTO older_versions (app_id, title, url, title_local)
    VALUES (2474.0, 'Adobe After Effects 2024 v24.0 [Monter Group] для macOS 12 и новее', 'https://www.mediafire.com/file/acn59cjg6py54wf/After_Effects_24.0_%255BMonter_Group%255D.dmg/file', 'Adobe After Effects 2024 v24.0 [Monter Group] 适用于 macOS 12 及以上版本')
;

    INSERT INTO older_versions (app_id, title, url, title_local)
    VALUES (2474.0, 'Adobe After Effects 2024 v24.0 [RiD] для macOS 12 и новее', 'https://www.mediafire.com/file/v6qduaxwh9yn35l/Adobe_After_Effects_2024_v24.0.zip/file', 'Adobe After Effects 2024 v24.0 [RiD] 适用于 macOS 12 及以上版本')
;

    UPDATE app
    SET
        name = 'DxO PhotoLab 7',
        bg_image = 'https://appstorrent.ru/templates/appstorrent-4ac2e09b1a/assets/img/bg.webp',
        icon = 'https://appstorrent.ru/uploads/posts/2023-01/1673586138_icon.webp',
        version = '7.1.1.38',
        description = 'Фоторедактор',
        description_local = '照片编辑器',
        detail_url = 'https://appstorrent.ru/1092-dxo-photolab.html',
        file_size = '753 MB',
        developer = 'DxO Labs',
        activation = 'K''ed by TNT team',
        compatibility = 'macOS 12.6及以上版本',
        architecture = 'x86 (64-bit)',
        published_date = '2023/11/20',
        releaseDate = '',
        note = '',
        views = '43456',
        link = 'https://anonim.xyz/go/https://www.dxo.com/dxo-photolab/',
        detail_version = '7.1.1.38',
        banner = '["https://appstorrent.ru/uploads/posts/2022-12/1653116172_1.jpg","https://appstorrent.ru/uploads/posts/2022-05/1653116172_2.jpg","https://appstorrent.ru/uploads/posts/2022-05/1653116172_3.jpg"]'
    WHERE
        id = 2479.0
    ;

  UPDATE download_info
  SET
    content_local = '<p>挂载镜像并启动 Open Gatekeeper friendly。</p>
<p>在终端窗口中按 Enter 键绕过 Gatekeeper。</p>
<p>将应用程序拖到“应用程序”文件夹中。</p>
<p>该应用程序已准备好使用。</p>',
    content = '<p>Смонтируйте образ и запустите&nbsp;Open Gatekeeper friendly.</p>
<p>Нажмите Enter для обхода Gatekeeper в окне Терминал.</p>
<p>Перетащите приложение в папку Программы (Applications).</p>
<p>Приложение готово к использованию.</p>'
  WHERE
    app_id = 2479.0
;

      INSERT OR REPLACE INTO download_links (app_id, title, href, title_local, version)
      VALUES (2479.0, 'Прямая ссылка на скачивание', 'https://vk.com/doc781359414_672868613', '直接链接下载安装程序', '7.1.1.38')
  ;

    INSERT INTO older_versions (app_id, title, url, title_local)
    VALUES (2479.0, 'DxO PhotoLab 6 ELITE Edition 6.11.0.59 [TNT] для macOS 11.6 и новее', 'https://vk.com/doc781359414_672252756', 'DxO PhotoLab 6 ELITE Edition 6.11.0.59 [TNT] 适用于 macOS 11.6 及以上版本')
;

    UPDATE app
    SET
        name = 'Adobe Premiere Pro 2024',
        bg_image = 'https://appstorrent.ru/uploads/posts/2022-02/1643798748_premiere-pro-2022.jpg',
        icon = 'https://appstorrent.ru/uploads/posts/2020-06/1592983050_pr.png',
        version = '24.0.3',
        description = 'Adobe',
        description_local = '土坯',
        detail_url = 'https://appstorrent.ru/98-adobe-premiere-pro.html',
        file_size = '3,5 GB',
        developer = 'Adobe',
        activation = 'K''ed by Monter Group',
        compatibility = 'macOS 12及以上版本',
        architecture = 'ARMx86 (64-bit)',
        published_date = '2023/11/17',
        releaseDate = '',
        note = '',
        views = '793219',
        link = 'https://anonim.xyz/go/https://www.adobe.com/ru/products/premiere.html',
        detail_version = '24.0.3',
        banner = '["https://appstorrent.ru/uploads/posts/2019-12/1575363978_1.jpg","https://appstorrent.ru/uploads/posts/2019-12/1575363949_2.jpg","https://appstorrent.ru/uploads/posts/2019-12/1575364005_3.jpg","https://appstorrent.ru/uploads/posts/2019-12/1575363962_4.jpg"]'
    WHERE
        id = 2485.0
    ;

  UPDATE download_info
  SET
    content_local = '<p>安装和激活说明包含在套件（内部）中。</p>
<p>以前版本的安装说明可在以下位置找到： <span style="color:rgb(13,132,251);"><a href="https://www.youtube.com/watch?v=1M5xrMcNQkw" target="_blank" rel="noopener external noreferrer">YouTube</a> &gt;</span></p>',
    content = '<p>Инструкция по установке и активации поставляется в комплекте (внутри).</p>
<p>Инструкция по установке предыдущих версий доступна на <span style="color:rgb(13,132,251);"><a href="https://www.youtube.com/watch?v=1M5xrMcNQkw" target="_blank" rel="noopener external noreferrer">YouTube</a> &gt;</span></p>'
  WHERE
    app_id = 2485.0
;

      INSERT OR REPLACE INTO download_links (app_id, title, href, title_local, version)
      VALUES (2485.0, 'Прямая ссылка на скачивание', 'https://vk.com/doc781359414_672686662', '直接链接下载安装程序', '24.0.3')
  ;

      INSERT OR REPLACE INTO download_links (app_id, title, href, title_local, version)
      VALUES (2485.0, 'Скачать с MediaFire', 'https://www.mediafire.com/file/m44sszjg7dmqxi5/Premiere_Pro_24.0.3_%255BMonter_Group%255D.dmg/file', '下载 MediaFire', '24.0.3')
  ;

    INSERT INTO older_versions (app_id, title, url, title_local)
    VALUES (2485.0, 'Adobe Premiere Pro 2024 v24.0 [Monter Group] для macOS 12 и новее', 'https://vk.com/doc781359414_671851547', 'Adobe Premiere Pro 2024 v24.0 [Monter Group] 适用于 macOS 12 及以上版本')
;

    INSERT INTO older_versions (app_id, title, url, title_local)
    VALUES (2485.0, 'Adobe Premiere Pro 2024 v24.0 [RiD] для macOS 12 и новее', 'https://vziq-my.sharepoint.com/:u:/g/personal/7_vziq_onmicrosoft_com/Eb4pU-euANxNtlBHuglsZfMBjV2nSo6Rc8Pm7mpRR4IHIw?e=UY2pMI', 'Adobe Premiere Pro 2024 v24.0 [RiD] 适用于 macOS 12 及以上版本')
;

    UPDATE app
    SET
        name = 'Adobe Media Encoder 2024',
        bg_image = 'https://appstorrent.ru/uploads/posts/2022-01/1643537021_me.jpg',
        icon = 'https://appstorrent.ru/uploads/posts/2020-06/1592983505_me.png',
        version = '24.0.3',
        description = 'Adobe',
        description_local = '土坯',
        detail_url = 'https://appstorrent.ru/93-media-encoder.html',
        file_size = '2 GB',
        developer = 'Adobe',
        activation = 'K''ed by Monter Group',
        compatibility = 'macOS 11及以上版本',
        architecture = 'ARMx86 (64-bit)',
        published_date = '2023/11/17',
        releaseDate = '',
        note = '',
        views = '209379',
        link = 'https://anonim.xyz/go/https://www.adobe.com/ru/products/media-encoder.html',
        detail_version = '24.0.3',
        banner = '["https://appstorrent.ru/uploads/posts/2019-12/1575362050_1.jpg","https://appstorrent.ru/uploads/posts/2019-12/1575362063_2.jpg","https://appstorrent.ru/uploads/posts/2019-12/1575362048_3.jpg","https://appstorrent.ru/uploads/posts/2019-12/1575361972_4.jpg"]'
    WHERE
        id = 2487.0
    ;

  UPDATE download_info
  SET
    content_local = '<p>安装和激活说明包含在套件（内部）中。</p>
<p>以前版本的安装说明可在以下位置找到： <span style="color:rgb(13,132,251);"><a href="https://www.youtube.com/watch?v=1M5xrMcNQkw" target="_blank" rel="noopener external noreferrer">YouTube</a></span></p>',
    content = '<p>Инструкция по установке и активации поставляется в комплекте (внутри).</p>
<p>Инструкция по установке предыдущих версий доступна на <span style="color:rgb(13,132,251);"><a href="https://www.youtube.com/watch?v=1M5xrMcNQkw" target="_blank" rel="noopener external noreferrer">YouTube</a></span></p>'
  WHERE
    app_id = 2487.0
;

      INSERT OR REPLACE INTO download_links (app_id, title, href, title_local, version)
      VALUES (2487.0, 'Прямая ссылка на скачивание', 'https://vk.com/doc781359414_672690706', '直接链接下载安装程序', '24.0.3')
  ;

      INSERT OR REPLACE INTO download_links (app_id, title, href, title_local, version)
      VALUES (2487.0, 'Скачать с MediaFire', 'https://www.mediafire.com/file/04hvubsjuk112j1/Media_Encoder_24.0.3_%255BMonter_Group%255D.dmg/file', '下载 MediaFire', '24.0.3')
  ;

    INSERT INTO older_versions (app_id, title, url, title_local)
    VALUES (2487.0, 'Adobe Media Encoder 2024 v24.0.2 [Monter Group] для macOS 11 и новее', 'https://vk.com/doc781359414_672318794', 'Adobe Media Encoder 2024 v24.0.2 [Monter Group] 适用于 macOS 11 及以上版本')
;

    INSERT INTO older_versions (app_id, title, url, title_local)
    VALUES (2487.0, 'Adobe Media Encoder 2024 v24.0 [Monter Group] для macOS 11 и новее', 'https://vk.com/doc781359414_671827079', 'Adobe Media Encoder 2024 v24.0 [Monter Group] 适用于 macOS 11 及以上版本')
;

    UPDATE app
    SET
        name = 'Doppler',
        bg_image = 'https://appstorrent.ru/templates/appstorrent-4ac2e09b1a/assets/img/bg.webp',
        icon = 'https://appstorrent.ru/uploads/posts/2023-11/1112.webp',
        version = '2.1.17',
        description = 'Аудио плеер',
        description_local = '音频播放器',
        detail_url = 'https://appstorrent.ru/2652-doppler.html',
        file_size = '12 MB',
        developer = 'Brushed Type Ltd',
        activation = 'K''ed by TNT team',
        compatibility = 'macOS 11及以上版本',
        architecture = 'ARMx86 (64-bit)',
        published_date = '2023/11/25',
        releaseDate = '',
        note = '',
        views = '2607',
        link = 'https://anonim.xyz/go/https://brushedtype.co/doppler/',
        detail_version = '2.1.17',
        banner = '["https://appstorrent.ru/uploads/posts/2023-10/1697219132_4_result.webp","https://appstorrent.ru/uploads/posts/2023-10/1697219133_3_result.webp","https://appstorrent.ru/uploads/posts/2023-10/1697219133_2_result.webp","https://appstorrent.ru/uploads/posts/2023-10/1697219134_1_result.webp"]'
    WHERE
        id = 2494.0
    ;

              INSERT INTO languages (app_id, name, link, type)
              VALUES (2494.0, 'Английский', 'https://appstorrent.ru/info-lang/%D0%B0%D0%BD%D0%B3%D0%BB%D0%B8%D0%B9%D1%81%D0%BA%D0%B8%D0%B9/', 1.0)
          ;

  INSERT INTO categories (app_id, content, href, content_local)
  VALUES (2494.0, 'Программы', 'https://appstorrent.ru/programs/', NULL)
;

  INSERT INTO categories (app_id, content, href, content_local)
  VALUES (2494.0, 'Музыка', 'https://appstorrent.ru/programs/music/', NULL)
;

      INSERT INTO tabs (app_id, title, content, content_local)
      VALUES (2494.0, 'Описание', '
<p>Doppler - это красиво оформленный FLAC-плеер и MP3-плеер с поддержкой многих форматов файлов. Импортируйте музыку и плейлисты для прослушивания в автономном режиме, а также редактируйте обложки песен и альбомов и информацию без синхронизации.</p>
<p><br></p>
<p>Дизайн Doppler адаптируется к вашей музыке и обеспечивает быстрый доступ к вашей очереди воспроизведения в данный момент. Нажмите прямо на недавно добавленный альбом или воспользуйтесь поиском для просмотра вашей музыки.</p>
<p><br></p>
<p>Музыка и плейлисты всегда хранятся локально на вашем устройстве, так что у вас есть полная библиотека, когда вам это нужно, даже в автономном режиме. Doppler даже автоматически импортирует новые файлы, чтобы ваша библиотека всегда была актуальной.</p>
<p><br></p>
<p>Doppler поддерживает широкий спектр различных форматов музыкальных файлов, включая FLAC, MP3, WAV, AAC, M4A и многие другие. Музыкальные файлы хранятся локально на вашем устройстве для автономного воспроизведения. Допплер отлично работает на рейсах и в метро, где у вас нет Wi-Fi.</p>
<p><br></p>
<p>Doppler поддерживает Bluetooth и AirPlay 2, поэтому вы можете слушать музыку в автомобиле или через AirPods, HomePod или любой другой динамик с поддержкой Bluetooth. Doppler теперь также включает в себя приложение CarPlay.</p>
<p><br></p>
<p>Чтобы помочь организовать вашу библиотеку, Doppler поддерживает редактирование метаданных для песен и альбомов — непосредственно на вашем устройстве и без использования компьютера. Doppler также предлагает возможность найти и загрузить недостающие иллюстрации.</p>
<p><br></p>
<p>Особенности:</p>
<p>- Красивый, интуитивно понятный дизайн<br>- Надежное автономное и локальное воспроизведение<br>- Поддержка MP3, FLAC, AAC, WAV и многих других аудиоформатов<br>- Создавайте и редактируйте списки воспроизведения<br>- Редактировать метаданные песни<br>- Недавно добавленные альбомы<br>- Полный поиск по библиотеке<br>- Импортируйте ваши существующие альбомы и плейлисты<br>- Редактируйте свою очередь воспроизведения по мере прослушивания<br>- Слушайте через AirPods, HomePod или любой динамик с поддержкой Bluetooth<br>- Автоматический импорт новой музыки<br>- Быстро делитесь информацией об альбоме с друзьями<br>- Поддержка для Last.fm<br>- Поиск и загрузка обложек альбомов<br>- Импорт музыки из Safari, Dropbox, Google Диска и многого другого<br>- Импорт музыки с вашего компьютера по Wi-Fi<br>- Отчеты о прослушивании / Рассматриваемый год</p>
', '
<p>Doppler 是一款设计精美的 FLAC 播放器和 MP3 播放器，支持多种文件格式。 导入音乐和播放列表以供离线收听，并编辑歌曲和专辑插图和信息而无需同步。</p>
<p><br></p>
<p>Doppler 的设计可适应您的音乐，并提供对当前播放队列的快速访问。 直接单击最近添加的专辑或使用搜索来浏览您的音乐。</p>
<p><br></p>
<p>音乐和播放列表始终存储在您的设备本地，因此您可以在需要时拥有完整的库，即使在离线状态下也是如此。 Doppler 甚至会自动导入新文件，以确保您的库始终是最新的。</p>
<p><br></p>
<p>Doppler 支持多种不同的音乐文件格式，包括 FLAC、MP3、WAV、AAC、M4A 等。 音乐文件存储在您的设备本地以供离线播放。 多普勒在没有 Wi-Fi 的航班和地铁上效果很好。</p>
<p><br></p>
<p>Doppler 支持蓝牙和 AirPlay 2，因此您可以在车内或通过 AirPods、HomePod 或任何其他支持蓝牙的扬声器聆听音乐。 Doppler 现在还包括 CarPlay 应用程序。</p>
<p><br></p>
<p>为了帮助组织您的资料库，Doppler 支持直接在您的设备上编辑歌曲和专辑的元数据，无需使用计算机。 多普勒还提供查找和下载丢失插图的功能。</p>
<p><br></p>
<p>特点：</p>
<p>- 美观、直观的设计<br>- 可靠的离线和本地播放<br>- 支持MP3、FLAC、AAC、WAV等多种音频格式<br>- 创建和编辑播放列表<br>- 编辑歌曲元数据<br>- 最近添加的专辑<br>- 完整的图书馆搜索<br>- 导入您现有的专辑和播放列表<br>- 在聆听时编辑播放队列<br>- 通过 AirPods、HomePod 或任何支持蓝牙的扬声器收听<br>- 自动导入新音乐<br>- 快速与好友分享专辑信息<br>- 支持 Last.fm<br>- 搜索并下载专辑封面<br>- 从 Safari、Dropbox、Google Drive 等导入音乐<br>- 通过 Wi-Fi 从计算机导入音乐<br>- 试镜报告/年度回顾</p>
')
  ;

      INSERT INTO tabs (app_id, title, content, content_local)
      VALUES (2494.0, 'Что нового', '
<section>
<div>
<p>Примечания к выпуску недоступны на момент публикации.</p>
<p><br></p>
</div>
</section>
', '
<section>
<div>
<p>发布说明在发布时尚未提供。</p>
<p><br></p>
</div>
</section>
')
  ;

  INSERT OR REPLACE INTO download_info (app_id, content, content_local)
  VALUES (2494.0, '<p>Смонтируйте образ и запустите Open Gatekeeper friendly.<br>Нажмите Enter для обхода Gatekeeper в окне Терминал.<br>Перетащите приложение в папку Программы (Applications).<br>Приложение готово к использованию.</p>', '<p>挂载镜像并启动 Open Gatekeeper friendly。<br>在终端窗口中按 Enter 键绕过 Gatekeeper。<br>将应用程序拖到“应用程序”文件夹中。<br>该应用程序已准备好使用。</p>')
;

      INSERT OR REPLACE INTO download_links (app_id, title, href, title_local, version)
      VALUES (2494.0, 'Прямая ссылка на скачивание', 'https://vk.com/doc781359414_672982441', '直接链接下载安装程序', '2.1.17')
  ;

    INSERT INTO older_versions (app_id, title, url, title_local)
    VALUES (2494.0, 'Doppler 2.1.15 [EDiSO] для macOS 11 и новее', 'https://vk.com/s/v1/doc/Herx9mwEFsUC2Pe6PYpfmXcSDSBxu_rOBPzkOFnpPIWVvScPkKo', 'Doppler 2.1.15 [EDiSO] 适用于 macOS 11 及以上版本')
;

    UPDATE app
    SET
        name = 'Menuwhere',
        bg_image = 'https://appstorrent.ru/templates/appstorrent-4ac2e09b1a/assets/img/bg.webp',
        icon = 'https://appstorrent.ru/uploads/posts/2023-11/11achja.webp',
        version = '2.2.1',
        description = 'Доступ к меню',
        description_local = '访问菜单',
        detail_url = 'https://appstorrent.ru/2635-menuwhere.html',
        file_size = '6 MB',
        developer = 'Many Tricks',
        activation = 'K''ed by TEAM HCiSO',
        compatibility = 'OS X 10.10及以上版本',
        architecture = 'ARMx86 (64-bit)',
        published_date = '2023/11/24',
        releaseDate = '',
        note = '',
        views = '3938',
        link = 'https://anonim.xyz/go/https://manytricks.com/menuwhere/',
        detail_version = '2.2.1',
        banner = '["https://www.youtube.com/embed/2OTpkjAG9go?si=r_Vj-9pjKSYtsz6m?enablejsapi=1","https://appstorrent.ru/uploads/posts/2023-10/1697023399_1.webp"]'
    WHERE
        id = 2495.0
    ;

              INSERT INTO languages (app_id, name, link, type)
              VALUES (2495.0, 'Английский', 'https://appstorrent.ru/info-lang/%D0%B0%D0%BD%D0%B3%D0%BB%D0%B8%D0%B9%D1%81%D0%BA%D0%B8%D0%B9/', 1.0)
          ;

  INSERT INTO categories (app_id, content, href, content_local)
  VALUES (2495.0, 'Программы', 'https://appstorrent.ru/programs/', NULL)
;

  INSERT INTO categories (app_id, content, href, content_local)
  VALUES (2495.0, 'Утилиты', 'https://appstorrent.ru/programs/utilities/', NULL)
;

      INSERT INTO tabs (app_id, title, content, content_local)
      VALUES (2495.0, 'Описание', '
<p>Единственная цель Menuwhere - вывести на экран меню самого переднего приложения в текущем местоположении мыши.</p>
<p><br></p>
<p>Ключевые особенности:</p>
<p>Детализация с помощью мыши или клавиатуры<br>- После загрузки приложения, на экране, вы можете углубиться в меню настолько, насколько вам нужно, используя клавиатуру (клавиши со стрелками и / или ввод первой буквы) или мышь. В любом случае целевой пункт меню будет найден быстро</p>
<p><br></p>
<p>Посмотри, что ты хочешь увидеть<br>- Menuwhere позволяет настраивать работу с меню. Хотите увидеть меню Apple в конце списка? Вы можете сделать это. Хотите вообще не видеть меню Apple? Вы тоже можете это сделать. Не нужно меню «Справка» или «Правка»? Хотите всегда видеть альтернативные пункты меню, которые обычно можно увидеть только с зажатой опцией и / или другими специальными клавишами? Да, ты можешь это сделать. Не хотите видеть сочетания клавиш во всплывающем меню? Да, вы тоже можете выключить их. Все эти параметры можно настроить на вкладке «Меню» в настройках Menuwhere:</p>
<p><br></p>
<p>Возможно, лучше всего, то, что вы можете скрыть все неактивные пункты меню</p>
<p>- Имея только видимые пункты меню в меню, становится намного проще настроить таргетинг на тот пункт меню, который вам действительно нужен, без визуальной навигации по неактивным пунктам меню</p>
<p><br></p>
<p>И многое другое<br>- Меню под мышкой через определяемую пользователем горячую клавишу. Вот что он делает, и делает это хорошо</p>
', '
<p>Menuwhere 的唯一目的是在当前鼠标位置显示最前面的应用程序菜单。</p>
<p><br></p>
<p>主要特征：</p>
<p>使用鼠标或键盘向下钻取<br>- 应用程序加载后，在屏幕上，您可以使用键盘（箭头键和/或第一个字母）或鼠标进入菜单。 无论如何，都会很快找到目标菜单项</p>
<p><br></p>
<p>看看你想看的<br>- Menuwhere 允许您自定义菜单体验。 想要查看列表末尾的 Apple 菜单吗？ 你能行的。 根本不想看到 Apple 菜单吗？ 你也可以做到。 不需要“帮助”或“编辑”菜单？ 想要始终看到通常只能通过按住选项和/或其他特殊键才能看到的替代菜单项吗？ 是的，你可以做到。 不想在弹出菜单中看到键盘快捷键？ 是的，您也可以将它们关闭。 所有这些选项都可以从 Menuwhere 首选项中的“菜单”选项卡进行配置：</p>
<p><br></p>
<p>也许最重要的是，您可以隐藏所有不活动的菜单项</p>
<p>- 通过在菜单中仅包含可见的菜单项，可以更轻松地定位您实际需要的菜单项，而无需在非活动菜单项中进行视觉导航</p>
<p><br></p>
<p>以及更多<br>- 通过用户定义的热键实现鼠标下菜单。 这就是他所做的，而且做得很好</p>
')
  ;

      INSERT INTO tabs (app_id, title, content, content_local)
      VALUES (2495.0, 'Что нового', '
<div id="body1" class="content-block ui-tabs ui-corner-all ui-widget ui-widget-content">
<div id="tabs-3" class="tabs-container ui-tabs-panel ui-corner-bottom ui-widget-content" role="tabpanel">
<div class="body-2 blockreadmore body-content">
<p>Примечания к выпуску доступны на официальном сайте<span>&nbsp;</span><span><a href="https://anonim.xyz/go/https://manytricks.com/menuwhere/releasenotes/" target="_blank" rel="noopener external noreferrer">manytricks.com</a></span></p>
</div>
</div>
</div>
', '
<div id="body1" class="content-block ui-tabs ui-corner-all ui-widget ui-widget-content">
<div id="tabs-3" class="tabs-container ui-tabs-panel ui-corner-bottom ui-widget-content" role="tabpanel">
<div class="body-2 blockreadmore body-content">
<p>发行说明可在官方网站上找到<span>&nbsp;</span><span><a href="https://anonim.xyz/go/https://许多技巧网站/menuwhere/releasenotes/" target="_blank" rel="noopener external noreferrer">manytricks.com</a></span></p>
</div>
</div>
</div>
')
  ;

  INSERT OR REPLACE INTO download_info (app_id, content, content_local)
  VALUES (2495.0, '<p>Запустите скачанный образ и перетащите приложение в ярлык папки Программы (Applications).</p>
<p>После завершения копирования, приложение можно запустить через Launchpad.</p>
<p>Официальные обновления могут привести к потере активации.<span>&nbsp;</span><a href="https://appstorrent.ru/67-update.html">Подробнее</a></p>', '<p>启动下载的图像并将应用程序拖到“应用程序”文件夹快捷方式中。</p>
<p>复制完成后，可以通过 Launchpad 启动应用程序。</p>
<p>官方更新可能会导致激活失败。<span>&nbsp;</span><a href="https://appstorrent.ru/67-update.html">更多细节</a></p>')
;

      INSERT OR REPLACE INTO download_links (app_id, title, href, title_local, version)
      VALUES (2495.0, 'Прямая ссылка на скачивание', 'https://vk.com/doc249553273_668559210', '直接链接下载安装程序', '2.2.1')
  ;

    INSERT INTO older_versions (app_id, title, url, title_local)
    VALUES (2495.0, 'Menuwhere 1.0 [TNT] для OS X 10.10 и новее', 'https://vk.com/doc249553273_597233756', 'Menuwhere 1.0 [TNT] 适用于 OS X 10.10 及以上版本')
;

    UPDATE app
    SET
        name = 'AutoMounter',
        bg_image = 'https://appstorrent.ru/templates/appstorrent-4ac2e09b1a/assets/img/bg.webp',
        icon = 'https://appstorrent.ru/uploads/posts/2023-11/1111f.webp',
        version = '1.7.1',
        description = 'Монтирование дисков',
        description_local = '安装盘',
        detail_url = 'https://appstorrent.ru/2644-automounter.html',
        file_size = '13 MB',
        developer = 'Pixeleyes',
        activation = 'K''ed by TEAM HCiSO',
        compatibility = 'macOS 10.12及以上版本',
        architecture = 'ARMx86 (64-bit)',
        published_date = '2023/11/23',
        releaseDate = '',
        note = '',
        views = '3055',
        link = 'https://anonim.xyz/go/https://www.pixeleyes.co.nz/automounter/',
        detail_version = '1.7.1',
        banner = '["https://appstorrent.ru/uploads/posts/2023-10/1697072284_4.webp","https://appstorrent.ru/uploads/posts/2023-10/1697072284_3.webp","https://appstorrent.ru/uploads/posts/2023-10/1697072285_2.webp","https://appstorrent.ru/uploads/posts/2023-10/1697072285_1.webp"]'
    WHERE
        id = 2496.0
    ;

              INSERT INTO languages (app_id, name, link, type)
              VALUES (2496.0, 'Русский', 'https://appstorrent.ru/info-lang/%D1%80%D1%83%D1%81%D1%81%D0%BA%D0%B8%D0%B9/', 1.0)
          ;

              INSERT INTO languages (app_id, name, link, type)
              VALUES (2496.0, 'Английский', 'https://appstorrent.ru/info-lang/%D0%B0%D0%BD%D0%B3%D0%BB%D0%B8%D0%B9%D1%81%D0%BA%D0%B8%D0%B9/', 1.0)
          ;

              INSERT INTO languages (app_id, name, link, type)
              VALUES (2496.0, 'Немецкий', 'https://appstorrent.ru/info-lang/%D0%BD%D0%B5%D0%BC%D0%B5%D1%86%D0%BA%D0%B8%D0%B9/', 1.0)
          ;

              INSERT INTO languages (app_id, name, link, type)
              VALUES (2496.0, 'Датский', 'https://appstorrent.ru/info-lang/%D0%B4%D0%B0%D1%82%D1%81%D0%BA%D0%B8%D0%B9/', 1.0)
          ;

              INSERT INTO languages (app_id, name, link, type)
              VALUES (2496.0, 'Испанский', 'https://appstorrent.ru/info-lang/%D0%B8%D1%81%D0%BF%D0%B0%D0%BD%D1%81%D0%BA%D0%B8%D0%B9/', 1.0)
          ;

              INSERT INTO languages (app_id, name, link, type)
              VALUES (2496.0, 'Итальянский', 'https://appstorrent.ru/info-lang/%D0%B8%D1%82%D0%B0%D0%BB%D1%8C%D1%8F%D0%BD%D1%81%D0%BA%D0%B8%D0%B9/', 1.0)
          ;

              INSERT INTO languages (app_id, name, link, type)
              VALUES (2496.0, 'Китайский (упр.)', 'https://appstorrent.ru/info-lang/%D0%BA%D0%B8%D1%82%D0%B0%D0%B9%D1%81%D0%BA%D0%B8%D0%B9%20%28%D1%83%D0%BF%D1%80.%29/', 1.0)
          ;

              INSERT INTO languages (app_id, name, link, type)
              VALUES (2496.0, 'Корейский', 'https://appstorrent.ru/info-lang/%D0%BA%D0%BE%D1%80%D0%B5%D0%B9%D1%81%D0%BA%D0%B8%D0%B9/', 1.0)
          ;

              INSERT INTO languages (app_id, name, link, type)
              VALUES (2496.0, 'Нидерландский', 'https://appstorrent.ru/info-lang/%D0%BD%D0%B8%D0%B4%D0%B5%D1%80%D0%BB%D0%B0%D0%BD%D0%B4%D1%81%D0%BA%D0%B8%D0%B9/', 1.0)
          ;

              INSERT INTO languages (app_id, name, link, type)
              VALUES (2496.0, 'Португальский', 'https://appstorrent.ru/info-lang/%D0%BF%D0%BE%D1%80%D1%82%D1%83%D0%B3%D0%B0%D0%BB%D1%8C%D1%81%D0%BA%D0%B8%D0%B9/', 1.0)
          ;

              INSERT INTO languages (app_id, name, link, type)
              VALUES (2496.0, 'Французский', 'https://appstorrent.ru/info-lang/%D1%84%D1%80%D0%B0%D0%BD%D1%86%D1%83%D0%B7%D1%81%D0%BA%D0%B8%D0%B9/', 1.0)
          ;

              INSERT INTO languages (app_id, name, link, type)
              VALUES (2496.0, 'Шведский', 'https://appstorrent.ru/info-lang/%D1%88%D0%B2%D0%B5%D0%B4%D1%81%D0%BA%D0%B8%D0%B9/', 1.0)
          ;

              INSERT INTO languages (app_id, name, link, type)
              VALUES (2496.0, 'Японский', 'https://appstorrent.ru/info-lang/%D1%8F%D0%BF%D0%BE%D0%BD%D1%81%D0%BA%D0%B8%D0%B9/', 1.0)
          ;

  INSERT INTO categories (app_id, content, href, content_local)
  VALUES (2496.0, 'Программы', 'https://appstorrent.ru/programs/', NULL)
;

  INSERT INTO categories (app_id, content, href, content_local)
  VALUES (2496.0, 'Утилиты', 'https://appstorrent.ru/programs/utilities/', NULL)
;

      INSERT INTO tabs (app_id, title, content, content_local)
      VALUES (2496.0, 'Описание', '
<p>Устали подключать и отключать общие ресурсы сети? AutoMounter сделает так, что общие ресурсы будут всегда доступны в нужное время.</p>
<p><br></p>
<p>Функции:<br>- Автоматическое подключение SMB / AFP / NFS / WebDAV / (FTP в режиме «только чтение»)<br>- Быстрое повторное подключение общих ресурсов, если они отключились<br>- Поддерживает множество устройств NAS и предусматривает обнаружение сервера<br>- Расширенные настройки правил соответствия WiFi, VPN, и многому другому...<br>- Пробуждение по локальной сети недоступных серверов<br>- Темная тема</p>
<p><br></p>
<p>Проф. версия:<br>- Открытие приложений и файлов при подключении общего ресурса<br>- Добавление /Volumes и другие пользовательские ресурсы (требуется приложение Помощника)<br>- Экспорт настроек в управляемый профиль</p>
', '
<p>厌倦了连接和断开网络共享？ AutoMounter 将确保共享资源始终在正确的时间可用。</p>
<p><br></p>
<p>功能：<br>- 自动连接SMB/AFP/NFS/WebDAV/(FTP只读)<br>- 如果股票下跌，可以快速重新连接<br>- 支持多个 NAS 设备并包括服务器发现<br>- WiFi、VPN 等合规性规则的高级设置...<br>- 局域网唤醒无法访问的服务器<br>- 黑暗主题</p>
<p><br></p>
<p>教授。 版本：<br>- 连接共享资源时打开应用程序和文件<br>- 添加 /Volumes 和其他自定义资源（需要 Assistant 应用程序）<br>- 将设置导出到托管配置文件</p>
')
  ;

      INSERT INTO tabs (app_id, title, content, content_local)
      VALUES (2496.0, 'Что нового', '
<p>- Added new ''Active Network Name'' mount rule, matching against network names that have an active connection</p>
<p>- Added "is not" criteria for ''Current Primary Interface'' server mount rules</p>
<p>- Added new ''Ethernet Bridged'' ''Current Primary Interface'' for use in server mount rules (to detect Thunderbolt interfaces)</p>
<p>- Previously selected mount location folders now show up in mount location bookmarks</p>
<p>- Fixes an issue where the Pro Settings Pack would not be recognised if AutoMounter starts without an internet connection</p>
<p>- Fixed crash</p>
', '
<p>- 添加了新的“活动网络名称”安装规则，与具有活动连接的网络名称进行匹配</p>
<p>- 为“当前主接口”服务器安装规则添加了“不是”条件</p>
<p>- 添加了新的“以太网桥接”“当前主接口”，用于服务器安装规则（以检测 Thunderbolt 接口）</p>
<p>- 以前选择的安装位置文件夹现在显示在安装位置书签中</p>
<p>- 修复了如果 AutoMounter 在没有互联网连接的情况下启动则无法识别 Pro 设置包的问题</p>
<p>- 修复了崩溃问题</p>
')
  ;

  INSERT OR REPLACE INTO download_info (app_id, content, content_local)
  VALUES (2496.0, '<p>Запустите скачанный образ и перетащите приложение в ярлык папки Программы (Applications).<br>После завершения копирования, приложение можно запустить через Launchpad.<br>Официальные обновления могут привести к потере активации. <a href="/67-update.html" target="_blank">Подробнее</a></p>', '<p>启动下载的图像并将应用程序拖到“应用程序”文件夹快捷方式中。<br>复制完成后，可以通过 Launchpad 启动应用程序。<br>官方更新可能会导致激活失败。 <a href="/67-update.html" target="_blank">更多细节</a></p>')
;

      INSERT OR REPLACE INTO download_links (app_id, title, href, title_local, version)
      VALUES (2496.0, 'Прямая ссылка на скачивание', 'https://vk.com/s/v1/doc/Cp9rYaV1zcyzxYD1-Ffd4MAQrJ6eePDydoCONqw4zA1DvBWu8lY', '直接链接下载安装程序', '1.7.1')
  ;

    UPDATE app
    SET
        name = 'Rhino 8',
        bg_image = 'https://appstorrent.ru/uploads/posts/2020-08/1598626055_rhinoceros.jpg',
        icon = 'https://appstorrent.ru/uploads/posts/2023-01/1673423397_icon.webp',
        version = '8.1.23325.13002',
        description = '3D моделирование',
        description_local = '3D建模',
        detail_url = 'https://appstorrent.ru/398-rhinoceros.html',
        file_size = '653 MB',
        developer = 'obert McNeel & Associates',
        activation = 'K''ed by TNT team',
        compatibility = 'macOS 12.4及以上版本',
        architecture = 'ARMx86 (64-bit)',
        published_date = '2023/11/23',
        releaseDate = '',
        note = '',
        views = '91876',
        link = 'https://anonim.xyz/go/https://www.rhino3d.com/mac',
        detail_version = '8.1.23325.13002',
        banner = '["https://appstorrent.ru/uploads/posts/2022-12/1670997572_1.webp","https://appstorrent.ru/uploads/posts/2022-12/1670997571_2.webp","https://appstorrent.ru/uploads/posts/2022-12/1670997573_3.webp","https://appstorrent.ru/uploads/posts/2022-12/1670997571_4.webp"]'
    WHERE
        id = 2497.0
    ;

              INSERT INTO languages (app_id, name, link, type)
              VALUES (2497.0, 'Русский', 'https://appstorrent.ru/info-lang/%D1%80%D1%83%D1%81%D1%81%D0%BA%D0%B8%D0%B9/', 1.0)
          ;

              INSERT INTO languages (app_id, name, link, type)
              VALUES (2497.0, 'Английский', 'https://appstorrent.ru/info-lang/%D0%B0%D0%BD%D0%B3%D0%BB%D0%B8%D0%B9%D1%81%D0%BA%D0%B8%D0%B9/', 1.0)
          ;

              INSERT INTO languages (app_id, name, link, type)
              VALUES (2497.0, 'Немецкий', 'https://appstorrent.ru/info-lang/%D0%BD%D0%B5%D0%BC%D0%B5%D1%86%D0%BA%D0%B8%D0%B9/', 1.0)
          ;

              INSERT INTO languages (app_id, name, link, type)
              VALUES (2497.0, 'Испанский', 'https://appstorrent.ru/info-lang/%D0%B8%D1%81%D0%BF%D0%B0%D0%BD%D1%81%D0%BA%D0%B8%D0%B9/', 1.0)
          ;

              INSERT INTO languages (app_id, name, link, type)
              VALUES (2497.0, 'Итальянский', 'https://appstorrent.ru/info-lang/%D0%B8%D1%82%D0%B0%D0%BB%D1%8C%D1%8F%D0%BD%D1%81%D0%BA%D0%B8%D0%B9/', 1.0)
          ;

              INSERT INTO languages (app_id, name, link, type)
              VALUES (2497.0, 'Китайский (трад.)', 'https://appstorrent.ru/info-lang/%D0%BA%D0%B8%D1%82%D0%B0%D0%B9%D1%81%D0%BA%D0%B8%D0%B9%20%28%D1%82%D1%80%D0%B0%D0%B4.%29/', 1.0)
          ;

              INSERT INTO languages (app_id, name, link, type)
              VALUES (2497.0, 'Китайский (упр.)', 'https://appstorrent.ru/info-lang/%D0%BA%D0%B8%D1%82%D0%B0%D0%B9%D1%81%D0%BA%D0%B8%D0%B9%20%28%D1%83%D0%BF%D1%80.%29/', 1.0)
          ;

              INSERT INTO languages (app_id, name, link, type)
              VALUES (2497.0, 'Корейский', 'https://appstorrent.ru/info-lang/%D0%BA%D0%BE%D1%80%D0%B5%D0%B9%D1%81%D0%BA%D0%B8%D0%B9/', 1.0)
          ;

              INSERT INTO languages (app_id, name, link, type)
              VALUES (2497.0, 'Польский', 'https://appstorrent.ru/info-lang/%D0%BF%D0%BE%D0%BB%D1%8C%D1%81%D0%BA%D0%B8%D0%B9/', 1.0)
          ;

              INSERT INTO languages (app_id, name, link, type)
              VALUES (2497.0, 'Португальский', 'https://appstorrent.ru/info-lang/%D0%BF%D0%BE%D1%80%D1%82%D1%83%D0%B3%D0%B0%D0%BB%D1%8C%D1%81%D0%BA%D0%B8%D0%B9/', 1.0)
          ;

              INSERT INTO languages (app_id, name, link, type)
              VALUES (2497.0, 'Французский', 'https://appstorrent.ru/info-lang/%D1%84%D1%80%D0%B0%D0%BD%D1%86%D1%83%D0%B7%D1%81%D0%BA%D0%B8%D0%B9/', 1.0)
          ;

              INSERT INTO languages (app_id, name, link, type)
              VALUES (2497.0, 'Чешский', 'https://appstorrent.ru/info-lang/%D1%87%D0%B5%D1%88%D1%81%D0%BA%D0%B8%D0%B9/', 1.0)
          ;

              INSERT INTO languages (app_id, name, link, type)
              VALUES (2497.0, 'Японский', 'https://appstorrent.ru/info-lang/%D1%8F%D0%BF%D0%BE%D0%BD%D1%81%D0%BA%D0%B8%D0%B9/', 1.0)
          ;

  INSERT INTO categories (app_id, content, href, content_local)
  VALUES (2497.0, 'Программы', 'https://appstorrent.ru/programs/', NULL)
;

  INSERT INTO categories (app_id, content, href, content_local)
  VALUES (2497.0, 'Проектирование', 'https://appstorrent.ru/programs/cad/', NULL)
;

      INSERT INTO tabs (app_id, title, content, content_local)
      VALUES (2497.0, 'Описание', '
<p>Rhino позволяет создавать, редактировать, анализировать, визуализировать и преобразовывать NURBS* кривые, поверхности, твердые тела, облака точек и полигональные сети. При этом нет никаких ограничений в сложности, степени или размере объектов, кроме тех, которые обусловлены используемым Вами компьютерным оборудованием.</p>
<p><br></p>
<p>С самого начала разработки Rhino была поставлена задача устранения как можно большего числа узких мест, связанных с рабочим процессом использования программы, а также внесение тысяч больших и мелких изменений. Все это должно было значительно ускорить работу Rhino и обеспечить возможность обработки очень больших моделей и совместной работы над проектами.</p>
<p><br></p>
<p>Благодаря тысячам пользователей, мы смогли провести тщательное тестирование программы и выполнить оптимизацию Rhino, что позволило в итоге получить самую быструю и стабильную версию.</p>
', '
<p>Rhino 允许您创建、编辑、分析、可视化和变换 NURBS* 曲线、曲面、实体、点云和多边形网格。 除了您使用的计算机设备所施加的限制之外，对象的复杂性、范围或大小没有任何限制。</p>
<p><br></p>
<p>从 Rhino 开发之初起，目标就是尽可能消除与软件工作流程相关的瓶颈，同时引入数千个大大小小的变更。 所有这些都应该显着加快 Rhino 的速度，并提供处理大型模型和项目协作的能力。</p>
<p><br></p>
<p>感谢成千上万的用户，我们能够彻底测试该程序并优化Rhino，最终产生了最快、最稳定的版本。</p>
')
  ;

      INSERT INTO tabs (app_id, title, content, content_local)
      VALUES (2497.0, 'Что нового', '
<p>Примечания к выпуску недоступны на момент публикации.</p>
', '
<p>发布说明在发布时尚未提供。</p>
')
  ;

  INSERT OR REPLACE INTO download_info (app_id, content, content_local)
  VALUES (2497.0, '<p>Смонтируйте образ и запустите Open Gatekeeper friendly.</p>
<p>Нажмите Enter для обхода Gatekeeper в окне Терминал.</p>
<p>Перетащите приложение в папку Программы (Applications).</p>
<p>Приложение готово к использованию.</p>', '<p>挂载镜像并启动 Open Gatekeeper friendly。</p>
<p>在终端窗口中按 Enter 键绕过 Gatekeeper。</p>
<p>将应用程序拖到“应用程序”文件夹中。</p>
<p>该应用程序已准备好使用。</p>')
;

      INSERT OR REPLACE INTO download_links (app_id, title, href, title_local, version)
      VALUES (2497.0, 'Прямая ссылка на скачивание', 'https://vk.com/doc781359414_672928934', '直接链接下载安装程序', '8.1.23325.13002')
  ;

    INSERT INTO older_versions (app_id, title, url, title_local)
    VALUES (2497.0, 'Rhino 7 7.34.23267.11002 [TNT] для macOS 10.14 и новее', 'https://vk.com/s/v1/doc/O5KkV0ocDY7GCiYNNjSKCfBMZD3WoMxa4iamrvWww350fJLRrQU', 'Rhino 7 7.34.23267.11002 [TNT] 适用于 macOS 10.14 及以上版本')
;

    INSERT INTO older_versions (app_id, title, url, title_local)
    VALUES (2497.0, 'Rhino 7 7.25.22326.19002 [HCiSO] для macOS 10.14 и новее', 'https://vk.com/s/v1/doc/VrRY3f9zRZCL_COZngAAMLdr1hMmM8nxsN9kcufDwIsUhE0p5Eg', 'Rhino 7 7.25.22326.19002 [HCiSO] 适用于 macOS 10.14 及以上版本')
;

    INSERT INTO older_versions (app_id, title, url, title_local)
    VALUES (2497.0, 'Rhino 7 7.24.22308.15002 [HCiSO] для macOS 10.14 и новее', 'https://vk.com/s/v1/doc/pNBh_y9smKXfSpXOPkkcOpBb0lJncoUx28dJCdP_40r1bkgvHTA', 'Rhino 7 7.24.22308.15002 [HCiSO] 适用于 macOS 10.14 及以上版本')
;

    INSERT INTO older_versions (app_id, title, url, title_local)
    VALUES (2497.0, 'Rhino 6 6.31 (20315) для macOS 10.13 и новее', 'https://vk.com/doc154826112_577146385', 'Rhino 6 6.31 (20315) 适用于 macOS 10.13 及以上版本')
;

    INSERT INTO older_versions (app_id, title, url, title_local)
    VALUES (2497.0, 'Rhino 5 5.5.4 для OS X 10.8 и новее', 'https://vk.com/doc249553273_599102792', 'Rhino 5 5.5.4 适用于 OS X 10.8 及以上版本')
;

    UPDATE app
    SET
        name = 'PhoneRescue for iOS',
        bg_image = 'https://appstorrent.ru/templates/appstorrent-4ac2e09b1a/assets/img/bg.webp',
        icon = 'https://appstorrent.ru/uploads/posts/2023-10/phonerescue-icon.webp',
        version = '4.2.6.20231019',
        description = 'Восстановление данных с iOS',
        description_local = '从 iOS 恢复数据',
        detail_url = 'https://appstorrent.ru/2638-phonerescue-for-ios.html',
        file_size = '77 MB',
        developer = 'iMobie Inc.',
        activation = 'K''ed by TNT team',
        compatibility = 'OS X 10.9及以上版本',
        architecture = 'x86 (64-bit)',
        published_date = '2023/11/23',
        releaseDate = '',
        note = '',
        views = '2276',
        link = 'https://anonim.xyz/go/https://www.imobie.com/phonerescue/ios-data-recovery.htm',
        detail_version = '4.2.6.20231019',
        banner = '["https://appstorrent.ru/uploads/posts/2023-10/1697027360_2_result.webp","https://appstorrent.ru/uploads/posts/2023-10/1697027360_1_result.webp","https://appstorrent.ru/uploads/posts/2023-10/1697027359_3_result.webp","https://appstorrent.ru/uploads/posts/2023-10/1697027359_4_result.webp"]'
    WHERE
        id = 2498.0
    ;

              INSERT INTO languages (app_id, name, link, type)
              VALUES (2498.0, 'Английский', 'https://appstorrent.ru/info-lang/%D0%B0%D0%BD%D0%B3%D0%BB%D0%B8%D0%B9%D1%81%D0%BA%D0%B8%D0%B9/', 1.0)
          ;

              INSERT INTO languages (app_id, name, link, type)
              VALUES (2498.0, 'Немецкий', 'https://appstorrent.ru/info-lang/%D0%BD%D0%B5%D0%BC%D0%B5%D1%86%D0%BA%D0%B8%D0%B9/', 1.0)
          ;

              INSERT INTO languages (app_id, name, link, type)
              VALUES (2498.0, 'Арабский', 'https://appstorrent.ru/info-lang/%D0%B0%D1%80%D0%B0%D0%B1%D1%81%D0%BA%D0%B8%D0%B9/', 1.0)
          ;

              INSERT INTO languages (app_id, name, link, type)
              VALUES (2498.0, 'Испанский', 'https://appstorrent.ru/info-lang/%D0%B8%D1%81%D0%BF%D0%B0%D0%BD%D1%81%D0%BA%D0%B8%D0%B9/', 1.0)
          ;

              INSERT INTO languages (app_id, name, link, type)
              VALUES (2498.0, 'Итальянский', 'https://appstorrent.ru/info-lang/%D0%B8%D1%82%D0%B0%D0%BB%D1%8C%D1%8F%D0%BD%D1%81%D0%BA%D0%B8%D0%B9/', 1.0)
          ;

              INSERT INTO languages (app_id, name, link, type)
              VALUES (2498.0, 'Китайский (упр.)', 'https://appstorrent.ru/info-lang/%D0%BA%D0%B8%D1%82%D0%B0%D0%B9%D1%81%D0%BA%D0%B8%D0%B9%20%28%D1%83%D0%BF%D1%80.%29/', 1.0)
          ;

              INSERT INTO languages (app_id, name, link, type)
              VALUES (2498.0, 'Португальский', 'https://appstorrent.ru/info-lang/%D0%BF%D0%BE%D1%80%D1%82%D1%83%D0%B3%D0%B0%D0%BB%D1%8C%D1%81%D0%BA%D0%B8%D0%B9/', 1.0)
          ;

              INSERT INTO languages (app_id, name, link, type)
              VALUES (2498.0, 'Французский', 'https://appstorrent.ru/info-lang/%D1%84%D1%80%D0%B0%D0%BD%D1%86%D1%83%D0%B7%D1%81%D0%BA%D0%B8%D0%B9/', 1.0)
          ;

              INSERT INTO languages (app_id, name, link, type)
              VALUES (2498.0, 'Японский', 'https://appstorrent.ru/info-lang/%D1%8F%D0%BF%D0%BE%D0%BD%D1%81%D0%BA%D0%B8%D0%B9/', 1.0)
          ;

  INSERT INTO categories (app_id, content, href, content_local)
  VALUES (2498.0, 'Программы', 'https://appstorrent.ru/programs/', NULL)
;

  INSERT INTO categories (app_id, content, href, content_local)
  VALUES (2498.0, 'Утилиты', 'https://appstorrent.ru/programs/utilities/', NULL)
;

      INSERT INTO tabs (app_id, title, content, content_local)
      VALUES (2498.0, 'Описание', '
<p>PhoneRescue - полезное приложение для восстановления удаленных данных на iOS-устройствах. С его помощью можно восстановить контакты, сообщения, фотографии, медиафайлы и т.д. удаленные по ошибке, потерянные в результате повреждения устройства или в следствии заражения вредоносными программами. Поддерживает все модели iPhone, iPad и iPod touch. Имеет удобный и понятный интерфейс.</p>
<p><br></p>
<p>В общей сложности есть 22 различных типов файлов из различных приложений, которые можно восстановить PhoneRescue, таких, как контакты, вызов журнала, SMS, заметки, напоминания, Safari истории, фотографии, музыка, видео, плейлисты и многие другие. Если вы боитесь потерять файлы с вашего iPhone или iPad, PhoneRescue — это программа, разработанная для вас. С этой службой можно восстановить некоторые данные из устройства Apple и транспортировать их на компьютер.</p>
<p><br></p>
<p>С PhoneRescue вы можете восстановить широкий спектр различных файлов, который определенно является основной характеристикой PhoneRescue. Будь то фотографии, текстовые сообщения, историю сафари или журналы вызовов, среди многих других видов данных, вы можете найти их легко здесь (даже если они были удалены довольно долгое время).</p>
<p><br></p>
<p>Простой интерфейс также помогает весь процесс, особенно для объяснения хорошо, которые являются функции, и ясно, что все имеющиеся возможности для восстановления данных, будь то на устройствах iOS или iTunes. Несмотря на то, что полностью в Englisg, это не сложно использовать PhoneRescue благодаря организации значок.</p>
<p><br></p>
<p>Особенности PhoneRescue:<br>- Восстановление потерянных данные на iOS-устройствах при помощи резервных копий.<br>- 3 способа восстановления в зависимости от требований.<br>- Настройка поиска потерянных данных по формату и местоположению.<br>- Распознает и восстанавливает 22 типа файлов, в том числе контакты, сообщения, голосовую почту, календарь, - напоминания, фотографии, аудио и видео файлы, историю и закладки в браузере Safari, а также данные из различных приложений.<br>- Проверка и ручной выбор восстанавливаемых данных.</p>
', '
<p>PhoneRescue 是一款用于恢复 iOS 设备上已删除数据的有用应用程序。 您可以使用它来恢复联系人、消息、照片、媒体文件等。 被错误删除、因设备损坏或恶意软件感染而丢失。 支持所有 iPhone、iPad 和 iPod touch 型号。 它有一个方便直观的界面。</p>
<p><br></p>
<p>PhoneRescue 可以从各种应用程序中恢复总共 22 种不同类型的文件，例如联系人、通话记录、短信、笔记、提醒、Safari 故事、照片、音乐、视频、播放列表等等。 如果您担心丢失 iPhone 或 iPad 中的文件，PhoneRescue 是一款专为您设计的程序。 通过此服务，您可以从 Apple 设备恢复一些数据并将其传输到您的计算机。</p>
<p><br></p>
<p>使用PhoneRescue，您可以恢复各种不同的文件，这绝对是PhoneRescue的主要功能。 无论是照片、短信、旅行历史记录还是通话记录，以及许多其他类型的数据，您都可以在这里轻松找到它们（即使它们已被删除相当长一段时间）。</p>
<p><br></p>
<p>简单的界面也有助于整个过程，特别是可以很好地解释功能是什么，并且清楚所有可用于数据恢复的选项，无论是在 iOS 还是 iTunes 设备上。 虽然完全是英文，但由于图标组织，使用 PhoneRescue 并不困难。</p>
<p><br></p>
<p>电话救援的特点：<br>- 使用备份恢复 iOS 设备上丢失的数据。<br>- 3 种恢复方法，具体取决于要求。<br>- 设置按格式和位置搜索丢失的数据。<br>- 识别和恢复22种类型的文件，包括联系人、消息、语音邮件、日历、提醒、照片、音频和视频文件、Safari浏览器中的历史记录和书签，以及来自各种应用程序的数据。<br>- 检查并手动选择要恢复的数据。</p>
')
  ;

  INSERT OR REPLACE INTO download_info (app_id, content, content_local)
  VALUES (2498.0, '<p>Смонтируйте образ и запустите Open Gatekeeper friendly.</p>
<p>Нажмите Enter для обхода Gatekeeper в окне Терминал.</p>
<p>Перетащите приложение в папку Программы (Applications).</p>
<p>Приложение готово к использованию.</p>', '<p>挂载镜像并启动 Open Gatekeeper friendly。</p>
<p>在终端窗口中按 Enter 键绕过 Gatekeeper。</p>
<p>将应用程序拖到“应用程序”文件夹中。</p>
<p>该应用程序已准备好使用。</p>')
;

      INSERT OR REPLACE INTO download_links (app_id, title, href, title_local, version)
      VALUES (2498.0, 'Прямая ссылка на скачивание', 'https://vk.com/doc781359414_672921212', '直接链接下载安装程序', '4.2.6.20231019')
  ;

    UPDATE app
    SET
        name = 'MacGPT',
        bg_image = 'https://appstorrent.ru/templates/appstorrent-4ac2e09b1a/assets/img/bg.webp',
        icon = 'https://appstorrent.ru/uploads/posts/2023-11/1700689396_icon.webp',
        version = '3.17+',
        description = 'ChatGPT на вашем Mac',
        description_local = 'Mac 上的 ChatGPT',
        detail_url = 'https://appstorrent.ru/505-macgpt.html',
        file_size = '7,9 MB',
        developer = 'Jordi Bruin',
        activation = 'DRM-FREE (без защиты)',
        compatibility = 'macOS 12及以上版本',
        architecture = 'ARMx86 (64-bit)',
        published_date = '2023/11/23',
        releaseDate = '',
        note = '',
        views = '194757',
        link = 'https://anonim.xyz/go/https://www.macgpt.com/',
        detail_version = '3.17+',
        banner = '["https://appstorrent.ru/uploads/posts/2023-11/macgpt_image_104_5aa3_standard.webp","https://appstorrent.ru/uploads/posts/2023-11/macgpt_image_103_361d_standard.webp","https://appstorrent.ru/uploads/posts/2023-11/macgpt_image_102_0d6b_standard.webp","https://appstorrent.ru/uploads/posts/2023-11/macgpt_image_101_74b6_standard.webp","https://appstorrent.ru/uploads/posts/2023-11/macgpt_image_100_8a3e_standard.webp"]'
    WHERE
        id = 2499.0
    ;

              INSERT INTO languages (app_id, name, link, type)
              VALUES (2499.0, 'Английский', 'https://appstorrent.ru/info-lang/%D0%B0%D0%BD%D0%B3%D0%BB%D0%B8%D0%B9%D1%81%D0%BA%D0%B8%D0%B9/', 1.0)
          ;

  INSERT INTO categories (app_id, content, href, content_local)
  VALUES (2499.0, 'Программы', 'https://appstorrent.ru/programs/', NULL)
;

  INSERT INTO categories (app_id, content, href, content_local)
  VALUES (2499.0, 'Производительность', 'https://appstorrent.ru/programs/performance/', NULL)
;

      INSERT INTO tabs (app_id, title, content, content_local)
      VALUES (2499.0, 'Описание', '
<p>MacGPT — это простое собственное приложение для macOS, которое позволяет быстро получить доступ к ChatGPT из строки меню. Одним щелчком мыши вы можете открыть ChatGPT и начать общение с помощью мощной языковой модели Assistant.</p>
<p><br></p>
<p>Получите доступ к ChatGPT из любого места на своем Mac с помощью глобальной функции. Просто активируйте текстовое поле «Глобальный», которое появляется в центре экрана, и начните общаться с помощью ChatGPT.</p>
<p><br></p>
<p>Добавьте ChatGPT прямо в свои текстовые поля с помощью MacGPT Inline. Просто введите триггерную фразу и приглашение, а ChatGPT сделает все остальное!</p>
<p><br></p>
<p>Быстрый доступ к ChatGPT из строки меню, через веб-сайт или через API.</p>
<p><br></p>
<p>Как использовать</p>
<p>MacGPT загружает интерфейс чата ChatGPT в веб-браузере. Войдите в систему, используя свои учетные данные OpenAI, а затем просто щелкните значок в строке меню, чтобы начать разговор. Вы также можете назначить сочетание клавиш, щелкнув значок шестеренки, чтобы активировать MacGPT, не перемещая мышь!</p>
<p><br></p>
<p>Вы также можете использовать свой собственный ключ API OpenAI для прямого взаимодействия с ChatGPT. Обратите внимание, что для использования ключа OpenAI API необходимо привязать свою кредитную карту. Если вы хотите использовать GPT-4, вам придется подписаться в список ожидания GPT-4.</p>
', '
<p>MacGPT 是一款简单的 macOS 本机应用程序，可让您从菜单栏快速访问 ChatGPT。 只需一键点击，您就可以打开 ChatGPT 并开始使用 Assistant 强大的语言模型进行交流。</p>
<p><br></p>
<p>使用全局功能从 Mac 上的任何位置访问 ChatGPT。 只需激活屏幕中央出现的全局文本框，然后使用 ChatGPT 开始聊天。</p>
<p><br></p>
<p>使用 MacGPT Inline 将 ChatGPT 直接添加到您的文本字段。 只需输入您的触发短语和邀请，ChatGPT 就会完成剩下的工作！</p>
<p><br></p>
<p>从菜单栏、网站或 API 快速访问 ChatGPT。</p>
<p><br></p>
<p>如何使用</p>
<p>MacGPT 在网络浏览器中加载 ChatGPT 聊天界面。 使用您的 OpenAI 凭据登录，然后只需单击菜单栏中的图标即可开始对话。 您还可以通过单击齿轮图标来分配键盘快捷键，以激活 MacGPT，而无需移动鼠标！</p>
<p><br></p>
<p>您还可以使用自己的 OpenAI API 密钥直接与 ChatGPT 交互。 请注意，您必须链接您的信用卡才能使用 OpenAI API 密钥。 如果您想使用 GPT-4，则必须注册加入 GPT-4 候补名单。</p>
')
  ;

  INSERT OR REPLACE INTO download_info (app_id, content, content_local)
  VALUES (2499.0, '<p>Распакуйте скачанный архив и переместите приложение в папку Программы.</p>
<p>Официальные обновления не приводят к потере активации.</p>', '<p>解压下载的存档并将应用程序移至“应用程序”文件夹。</p>
<p>官方更新不会导致激活丢失。</p>')
;

      INSERT OR REPLACE INTO download_links (app_id, title, href, title_local, version)
      VALUES (2499.0, 'Прямая ссылка на скачивание', 'https://vk.com/doc154826112_672459323', '直接链接到下载', '3.17+')
  ;

    UPDATE app
    SET
        name = 'ON1 Photo RAW 2024',
        bg_image = 'https://appstorrent.ru/uploads/posts/2022-10/1665303270_cover.webp',
        icon = 'https://appstorrent.ru/uploads/posts/2023-11/vyayayv.webp',
        version = '18.0.4.14762',
        description = 'Фоторедактор',
        description_local = '照片编辑器',
        detail_url = 'https://appstorrent.ru/422-on1-photo-raw.html',
        file_size = '4,5 GB',
        developer = 'ON1 Inc.',
        activation = 'K''ed by TNT team',
        compatibility = 'macOS 10.15及以上版本',
        architecture = 'ARMx86 (64-bit)',
        published_date = '2023/11/22',
        releaseDate = '',
        note = '',
        views = '78198',
        link = 'https://anonim.xyz/go/https://www.on1.com/products/photo-raw/',
        detail_version = '18.0.4.14762',
        banner = '["https://appstorrent.ru/uploads/posts/2022-12/1665303731_1.webp","https://appstorrent.ru/uploads/posts/2022-10/1665303732_2.webp","https://appstorrent.ru/uploads/posts/2022-10/1665303733_3.webp","https://appstorrent.ru/uploads/posts/2022-10/1665303733_4.webp"]'
    WHERE
        id = 2500.0
    ;

              INSERT INTO languages (app_id, name, link, type)
              VALUES (2500.0, 'Русский', 'https://appstorrent.ru/info-lang/%D1%80%D1%83%D1%81%D1%81%D0%BA%D0%B8%D0%B9/', 1.0)
          ;

              INSERT INTO languages (app_id, name, link, type)
              VALUES (2500.0, 'Английский', 'https://appstorrent.ru/info-lang/%D0%B0%D0%BD%D0%B3%D0%BB%D0%B8%D0%B9%D1%81%D0%BA%D0%B8%D0%B9/', 1.0)
          ;

              INSERT INTO languages (app_id, name, link, type)
              VALUES (2500.0, 'Немецкий', 'https://appstorrent.ru/info-lang/%D0%BD%D0%B5%D0%BC%D0%B5%D1%86%D0%BA%D0%B8%D0%B9/', 1.0)
          ;

              INSERT INTO languages (app_id, name, link, type)
              VALUES (2500.0, 'Испанский', 'https://appstorrent.ru/info-lang/%D0%B8%D1%81%D0%BF%D0%B0%D0%BD%D1%81%D0%BA%D0%B8%D0%B9/', 1.0)
          ;

              INSERT INTO languages (app_id, name, link, type)
              VALUES (2500.0, 'Итальянский', 'https://appstorrent.ru/info-lang/%D0%B8%D1%82%D0%B0%D0%BB%D1%8C%D1%8F%D0%BD%D1%81%D0%BA%D0%B8%D0%B9/', 1.0)
          ;

              INSERT INTO languages (app_id, name, link, type)
              VALUES (2500.0, 'Китайский (трад.)', 'https://appstorrent.ru/info-lang/%D0%BA%D0%B8%D1%82%D0%B0%D0%B9%D1%81%D0%BA%D0%B8%D0%B9%20%28%D1%82%D1%80%D0%B0%D0%B4.%29/', 1.0)
          ;

              INSERT INTO languages (app_id, name, link, type)
              VALUES (2500.0, 'Корейский', 'https://appstorrent.ru/info-lang/%D0%BA%D0%BE%D1%80%D0%B5%D0%B9%D1%81%D0%BA%D0%B8%D0%B9/', 1.0)
          ;

              INSERT INTO languages (app_id, name, link, type)
              VALUES (2500.0, 'Нидерландский', 'https://appstorrent.ru/info-lang/%D0%BD%D0%B8%D0%B4%D0%B5%D1%80%D0%BB%D0%B0%D0%BD%D0%B4%D1%81%D0%BA%D0%B8%D0%B9/', 1.0)
          ;

              INSERT INTO languages (app_id, name, link, type)
              VALUES (2500.0, 'Португальский', 'https://appstorrent.ru/info-lang/%D0%BF%D0%BE%D1%80%D1%82%D1%83%D0%B3%D0%B0%D0%BB%D1%8C%D1%81%D0%BA%D0%B8%D0%B9/', 1.0)
          ;

              INSERT INTO languages (app_id, name, link, type)
              VALUES (2500.0, 'Французский', 'https://appstorrent.ru/info-lang/%D1%84%D1%80%D0%B0%D0%BD%D1%86%D1%83%D0%B7%D1%81%D0%BA%D0%B8%D0%B9/', 1.0)
          ;

              INSERT INTO languages (app_id, name, link, type)
              VALUES (2500.0, 'Японский', 'https://appstorrent.ru/info-lang/%D1%8F%D0%BF%D0%BE%D0%BD%D1%81%D0%BA%D0%B8%D0%B9/', 1.0)
          ;

  INSERT INTO categories (app_id, content, href, content_local)
  VALUES (2500.0, 'Программы', 'https://appstorrent.ru/programs/', NULL)
;

  INSERT INTO categories (app_id, content, href, content_local)
  VALUES (2500.0, 'Фотографии', 'https://appstorrent.ru/programs/photo/', NULL)
;

      INSERT INTO tabs (app_id, title, content, content_local)
      VALUES (2500.0, 'Описание', '
<p>Фотографы нуждаются в интегрированных программных инструментах для настольных компьютеров и мобильных устройств, которые позволяют создавать фотографии высочайшего качества без каких-либо проблем.&nbsp;Некоторые компании выпускают несколько приложений, чтобы завершить рабочий процесс фотографирования, заблокировать ваши фотографии в своей проприетарной системе и заставить вас оформлять подписку.&nbsp;Как только вы перестанете платить, они заберут ваше программное обеспечение.&nbsp;Другие слишком сложны и содержат множество функций, которые вы никогда бы не использовали по непомерно высокой цене.&nbsp;То же самое и с ON1 Photo RAW.</p>
<p><br></p>
<p>Новый ON1 Photo RAW 2021 для компьютеров - это удобный профессиональный органайзер фотографий, процессор RAW, многоуровневый редактор и приложение для создания эффектов. Он идеально подходит для тех, кто ищет ультра-удобное универсальное решение для редактирования фотографий, позволяющее получать высококачественные результаты.</p>
<p><br></p>
<p>ON1 Photo RAW 2021 обеспечивает основные потребности в редактировании фотографий для каждого фотографа независимо от того, что он снимает, без необходимости переключаться между несколькими программами. Получите профессиональные инструменты для редактирования фотографий, необходимые для получения необходимых профессиональных результатов, сохраняя при этом эффективный, мощный и простой рабочий процесс.</p>
<p><br></p>
<p>По своей сути ON1 Photo RAW включает в себя новейший механизм обработки изображений. Photo RAW оптимизирован для современных супер-мегапиксельных камер и высокопроизводительных систем компьютерной графики. Это самый быстрый, гибкий и простой в использовании фоторедактор на рынке.</p>
<p><br></p>
<p>Создатели хотят творить, а не тратить все свое время на обучение использованию инструментов редактирования.&nbsp;Photo RAW - это как Lightroom и Photoshop под одной крышей.&nbsp;Он поставляется с инструментами, необходимыми для композитинга, сотнями самых популярных встроенных пресетов и фильтров, а также инструментами маскирования мирового класса, которые сделают вашу жизнь проще.</p>
<p><br></p>
<p>ON1 Photo RAW предоставляет вам открытую систему для полного контроля над хранением, организацией, редактированием и способом покупки.&nbsp;Отсутствие долгого импорта, простая организация, неограниченное количество способов набора в вашем стиле, и ON1 также никогда не будет моделью только по подписке.</p>
<p><br></p>
<p>ON1 Portrait AI идеально подходит практически для любого рабочего процесса.&nbsp;Получите потрясающие результаты ретуши за секунды, используя ON1 Portrait AI в качестве плагина для:</p>
<ul>
<li>Adobe Photoshop</li>
<li>Adobe Lightroom Classic</li>
<li>Adobe Photoshop Elements</li>
<li>Affinity Photo</li>
<li>Capture One (скоро)</li>
<li>Фото Apple</li>
<li>Corel Paintshop Pro</li>
</ul>
', '
<p>摄影师需要适用于桌面和移动设备的集成软件工具，使他们能够轻松创建最高质量的照片。 一些公司发布了多个应用程序来完成您的摄影工作流程，将您的照片锁定到其专有系统中，并强制您注册订阅。 一旦您停止付款，他们就会拿走您的软件。 其他的则过于复杂，并且包含许多您永远不会以高昂的价格使用的功能。 ON1 Photo RAW 也是如此。</p>
<p><br></p>
<p>全新 ON1 Photo RAW 2021 PC 版是一款用户友好的专业照片管理器、RAW 处理器、多级编辑器和效果应用程序。 对于那些寻求超级用户友好、一体化照片编辑解决方案并提供高质量结果的人来说，它是理想的选择。</p>
<p><br></p>
<p>ON1 Photo RAW 2021 满足每位摄影师的基本照片编辑需求，无论他们拍摄什么，无需在多个程序之间切换。 获取所需的专业照片编辑工具，获得所需的专业效果，同时保持高效、强大且简单的工作流程。</p>
<p><br></p>
<p>ON1 Photo RAW 的核心包括最新的图像处理引擎。 Photo RAW 针对当今的超百万像素相机和高性能计算机图形系统进行了优化。 它是市场上最快、最灵活且易于使用的照片编辑器。</p>
<p><br></p>
<p>创作者想要创作，而不是花所有时间学习如何使用编辑工具。 Photo RAW 就像 Lightroom 和 Photoshop 合二为一。 它配备了合成所需的工具、数百种最流行的内置预设和滤镜以及世界一流的遮罩工具，让您的生活更轻松。</p>
<p><br></p>
<p>ON1 Photo RAW 为您提供了一个开放的系统，可以完全控制存储、组织、编辑和购买方式。 无需耗时的导入，简单的组织，无限的方式来调整你的风格，ON1 也永远不会是一个仅限订阅的模型。</p>
<p><br></p>
<p>ON1 Portrait AI 几乎适用于任何工作流程。 使用 ON1 Portrait AI 作为插件，在几秒钟内获得令人惊叹的修饰效果：</p>
<ul>
<li>Adobe Photoshop</li>
<li>Adobe Lightroom 经典版</li>
<li>Adobe Photoshop 元素</li>
<li>亲和照片</li>
<li>捕获一号（即将推出）</li>
<li>苹果照片</li>
<li>Corel Paintshop Pro</li>
</ul>
')
  ;

      INSERT INTO tabs (app_id, title, content, content_local)
      VALUES (2500.0, 'Что нового', '
<p>Узнайте о новых возможностях&nbsp;ON1 Photo RAW <span style="color:rgb(13,132,251);"><a href="https://anonim.xyz/go/https://www.on1.com/products/photo-raw/whats-new/" target="_blank" rel="noopener external noreferrer">на официальном сайте</a> &gt;</span></p>
', '
<p>了解 ON1 Photo RAW 的新功能 <span style="color:rgb(13,132,251);"><a href="https://anonim.xyz/go/https://www.on1.com/products/photo-raw/whats-new/" target="_blank" rel="noopener external noreferrer">在官方网站上</a> &gt;</span></p>
')
  ;

  INSERT OR REPLACE INTO download_info (app_id, content, content_local)
  VALUES (2500.0, '<p>Смонтируйте образ и запустите Open Gatekeeper friendly.</p>
<p>Нажмите Enter для обхода Gatekeeper в окне Терминал.</p>
<p>Выполните стандартную процедуру установки.</p>
<p>Приложение готово к использованию.</p>', '<p>挂载镜像并启动 Open Gatekeeper friendly。</p>
<p>在终端窗口中按 Enter 键绕过 Gatekeeper。</p>
<p>请遵循标准安装程序。</p>
<p>该应用程序已准备好使用。</p>')
;

      INSERT OR REPLACE INTO download_links (app_id, title, href, title_local, version)
      VALUES (2500.0, 'Скачать с Medifire', 'https://www.mediafire.com/file/8sfiufjx23xgrmt/ON1_Photo_RAW_MAX_2024_v18.0.4.14762_%255BTNT%255D.dmg/file', '下载 Medifire', '18.0.4.14762')
  ;

      INSERT OR REPLACE INTO download_links (app_id, title, href, title_local, version)
      VALUES (2500.0, 'Скачать с OneDrive', 'https://vziq-my.sharepoint.com/:u:/g/personal/7_vziq_onmicrosoft_com/ETgIeS3pcT5DnSZ1UADN28sB2Qk8BJHHdtlIWjexbI65pQ?e=BbyCKM', '下载 OneDrive', '18.0.4.14762')
  ;

    INSERT INTO older_versions (app_id, title, url, title_local)
    VALUES (2500.0, 'ON1 Photo RAW 2023 v17.5.1.14051 [TNT] для macOS 10.15 и новее', 'https://www.mediafire.com/file/xib1cogvo9cxzil/ON1_Photo_RAW_2023.5_v17.5.1.14051_%255BTNT%255D.dmg/file', 'ON1 Photo RAW 2023 v17.5.1.14051 [TNT] 适用于 macOS 10.15 及以上版本')
;

    INSERT INTO older_versions (app_id, title, url, title_local)
    VALUES (2500.0, 'ON1 Photo RAW 2023 17.0.1.12965 [HCiSO] для macOS 10.15 и новее', 'https://www.mediafire.com/file/bh60duv5lp8h8sa/ON1_Photo_RAW_2023_v17.0.1.12965_%5BTNT%5D.dmg/file', 'ON1 Photo RAW 2023 17.0.1.12965 [HCiSO] 适用于 macOS 10.15 及以上版本')
;

    INSERT INTO older_versions (app_id, title, url, title_local)
    VALUES (2500.0, 'ON1 Photo RAW 2023 17.0.0 (12912) [HCiSO] для macOS 10.15 и новее', 'https://filen.io/d/2e2f9120-e387-40e5-a5d2-7ea13ecdf0ba#!TpOlO5jIPWxfzMgZcNeU8r2omAicLi3n', 'ON1 Photo RAW 2023 17.0.0 (12912) [HCiSO] 适用于 macOS 10.15 及以上版本')
;

    INSERT INTO older_versions (app_id, title, url, title_local)
    VALUES (2500.0, 'ON1 Photo RAW 2022 16.5.1(12526) [HCiSO] для macOS 10.14 и новее', 'https://filen.io/d/a67490cf-09d2-4d7f-8a67-ff48f60a9b25#!5GWCu0QL6NIoz2yaLDkn4RjbksnOCr7E', 'ON1 Photo RAW 2022 16.5.1(12526) [HCiSO] 适用于 macOS 10.14 及以上版本')
;

    INSERT INTO older_versions (app_id, title, url, title_local)
    VALUES (2500.0, 'ON1 Photo RAW 2022 v16.5.1 [HCiSO] для macOS 10.14 и новее', 'https://filen.io/d/cdfe6c36-63cf-4218-9ebf-8dd7b9a3c215#!1cyF6WDPKHdUYBXkvf6LpAJ04mPOEPQV', 'ON1 Photo RAW 2022 v16.5.1 [HCiSO] 适用于 macOS 10.14 及以上版本')
;

    INSERT INTO older_versions (app_id, title, url, title_local)
    VALUES (2500.0, 'ON1 Photo RAW 2022 v16.0.1.11212 [TNT] для macOS 10.14 и новее', 'https://vk.com/doc154826112_616510509', 'ON1 Photo RAW 2022 v16.0.1.11212 [TNT] 适用于 macOS 10.14 及以上版本')
;

    INSERT INTO older_versions (app_id, title, url, title_local)
    VALUES (2500.0, '15.5.1 (10737) | OS: 10.13+', 'https://vk.com/doc154826112_606242708', '15.5.1（10737）| OS：10.13+')
;

    INSERT INTO older_versions (app_id, title, url, title_local)
    VALUES (2500.0, '15.5.0 (10362) | OS: 10.13+', 'https://vk.com/doc154826112_598259902', '15.5.0（10362）| OS：10.13+')
;

    INSERT INTO older_versions (app_id, title, url, title_local)
    VALUES (2500.0, '14.5.1.9231 | OS: 10.12 +', 'https://vk.com/doc154826112_574876783', '14.5.1.9231 | OS：10.12 +')
;

    UPDATE app
    SET
        name = 'Energiza Pro',
        bg_image = 'https://appstorrent.ru/templates/appstorrent-4ac2e09b1a/assets/img/bg.webp',
        icon = 'https://appstorrent.ru/uploads/posts/2023-10/ormilor.webp',
        version = '1.3.1',
        description = 'Управление аккумулятором',
        description_local = '电池管理',
        detail_url = 'https://appstorrent.ru/2564-energiza-pro.html',
        file_size = '22 MB',
        developer = 'Appgineers',
        activation = 'K''ed by TNT team',
        compatibility = 'macOS 10.13及以上版本',
        architecture = 'x86 (64-bit)',
        published_date = '2023/11/20',
        releaseDate = '',
        note = '',
        views = '5411',
        link = 'https://anonim.xyz/go/https://appgineers.de/index.html',
        detail_version = '1.3.1',
        banner = '["https://appstorrent.ru/uploads/posts/2023-10/1286x0w.webp","https://appstorrent.ru/uploads/posts/2023-10/1286x0w-1.webp","https://appstorrent.ru/uploads/posts/2023-10/1286x0w-2.webp","https://appstorrent.ru/uploads/posts/2023-10/1286x0w-3.webp"]'
    WHERE
        id = 2501.0
    ;

              INSERT INTO languages (app_id, name, link, type)
              VALUES (2501.0, 'Английский', 'https://appstorrent.ru/info-lang/%D0%B0%D0%BD%D0%B3%D0%BB%D0%B8%D0%B9%D1%81%D0%BA%D0%B8%D0%B9/', 1.0)
          ;

              INSERT INTO languages (app_id, name, link, type)
              VALUES (2501.0, 'Немецкий', 'https://appstorrent.ru/info-lang/%D0%BD%D0%B5%D0%BC%D0%B5%D1%86%D0%BA%D0%B8%D0%B9/', 1.0)
          ;

  INSERT INTO categories (app_id, content, href, content_local)
  VALUES (2501.0, 'Программы', 'https://appstorrent.ru/programs/', NULL)
;

  INSERT INTO categories (app_id, content, href, content_local)
  VALUES (2501.0, 'Утилиты', 'https://appstorrent.ru/programs/utilities/', NULL)
;

      INSERT INTO tabs (app_id, title, content, content_local)
      VALUES (2501.0, 'Описание', '
<p>С Energiza вы всегда будете в курсе текущего состояния вашего аккумулятора. Energiza предоставляет информацию о текущем состоянии аккумулятора по кончику пальца, прямо из строки меню:</p>
<p><br>- Оставшееся время до разрядки или полной зарядки аккумулятора</p>
<p>- Состояние аккумулятора</p>
<p>- Количество циклов зарядки, которые аккумулятор уже выполнил</p>
<p>- Температура батареи (Вы получите уведомление, если батарея перегреется или переохладится).</p>
<p>- Потребляемая мощность MacBook при работе от аккумулятора</p>
<p>- Мощность, которую выдает зарядное устройство во время зарядки.</p>
<p><br>Вы можете настроить Energiza в соответствии со своими потребностями и отображать наиболее важную информацию прямо в строке меню.</p>
', '
<p>使用 Energiza，您将始终了解电池的当前状态。 Energiza 直接从菜单栏提供有关当前电池状态的信息，触手可及：</p>
<p><br>- 电池放电或充满电之前的剩余时间</p>
<p>- 电池状态</p>
<p>- 电池已完成的充电周期数</p>
<p>- 电池温度（如果电池过热或过冷，您将收到通知）。</p>
<p>- MacBook 使用电池运行时的功耗</p>
<p>- 充电器在充电期间产生的功率。</p>
<p><br>您可以自定义 Energiza 以满足您的需求，并在菜单栏中显示最重要的信息。</p>
')
  ;

  INSERT OR REPLACE INTO download_info (app_id, content, content_local)
  VALUES (2501.0, '<p>Смонтируйте образ и запустите&nbsp;Open Gatekeeper friendly.</p>
<p>Нажмите Enter для обхода Gatekeeper в окне Терминал.</p>
<p>Перетащите приложение в папку Программы (Applications).</p>
<p><span style="color:rgb(251,160,38);">ВНИМАНИЕ! Требуется отключение SIP.&nbsp;</span><span style="color:rgb(13,132,251);"><a href="/510-sip.html" target="_blank">Подробнее</a> &gt;</span></p>', '<p>挂载镜像并启动 Open Gatekeeper friendly。</p>
<p>在终端窗口中按 Enter 键绕过 Gatekeeper。</p>
<p>将应用程序拖到“应用程序”文件夹中。</p>
<p><span style="color:rgb(251,160,38);">注意力！ 必须禁用 SIP。&nbsp;</span><span style="color:rgb(13,132,251);"><a href="/510-sip.html" target="_blank">更多细节</a> &gt;</span></p>')
;

      INSERT OR REPLACE INTO download_links (app_id, title, href, title_local, version)
      VALUES (2501.0, 'Прямая ссылка на скачивание', 'https://vk.com/doc781359414_672796270', '直接链接下载安装程序', '1.3.1')
  ;

    UPDATE app
    SET
        name = 'Barotrauma',
        bg_image = 'https://appstorrent.ru/uploads/posts/2023-11/1699433487_fdfdf.webp',
        icon = 'https://appstorrent.ru/uploads/posts/2023-11/vavava11.webp',
        version = '1.0.8',
        description = '
ИгрыСимуляторыСтратегии
',
        description_local = '
游戏模拟策略
',
        detail_url = 'https://appstorrent.ru/2685-barotrauma.html',
        file_size = '928 MB',
        developer = 'FakeFishUndertow Games',
        activation = 'Не требуется',
        compatibility = '',
        architecture = 'ARMx86 (64-bit)',
        published_date = '2023/11/24',
        releaseDate = '',
        note = '',
        views = '3823',
        link = 'https://anonim.xyz/go/https://barotraumagame.com/',
        detail_version = '1.0.8',
        banner = '["https://appstorrent.ru/uploads/posts/2023-11/ss_cdf5cbde141fb93a0b23c6adca5378f73e1beeca_1920x1080.webp","https://appstorrent.ru/uploads/posts/2023-11/ss_c56f6f41ab1ec9f98bd449fa7167ec3456dcd306_1920x1080.webp","https://appstorrent.ru/uploads/posts/2023-11/ss_c8981179f796ee409114b19ba553cdfbe5aee149_1920x1080.webp","https://appstorrent.ru/uploads/posts/2023-11/ss_e90d75e5b722707d823af77ef4e57ecd63636c03_1920x1080.webp"]'
    WHERE
        id = 2502.0
    ;

              INSERT INTO languages (app_id, name, link, type)
              VALUES (2502.0, 'Русский', 'https://appstorrent.ru/info-lang/%D1%80%D1%83%D1%81%D1%81%D0%BA%D0%B8%D0%B9/', 1.0)
          ;

              INSERT INTO languages (app_id, name, link, type)
              VALUES (2502.0, 'Английский', 'https://appstorrent.ru/info-lang/%D0%B0%D0%BD%D0%B3%D0%BB%D0%B8%D0%B9%D1%81%D0%BA%D0%B8%D0%B9/', 1.0)
          ;

              INSERT INTO languages (app_id, name, link, type)
              VALUES (2502.0, 'Немецкий', 'https://appstorrent.ru/info-lang/%D0%BD%D0%B5%D0%BC%D0%B5%D1%86%D0%BA%D0%B8%D0%B9/', 1.0)
          ;

              INSERT INTO languages (app_id, name, link, type)
              VALUES (2502.0, 'Испанский', 'https://appstorrent.ru/info-lang/%D0%B8%D1%81%D0%BF%D0%B0%D0%BD%D1%81%D0%BA%D0%B8%D0%B9/', 1.0)
          ;

              INSERT INTO languages (app_id, name, link, type)
              VALUES (2502.0, 'Китайский (трад.)', 'https://appstorrent.ru/info-lang/%D0%BA%D0%B8%D1%82%D0%B0%D0%B9%D1%81%D0%BA%D0%B8%D0%B9%20%28%D1%82%D1%80%D0%B0%D0%B4.%29/', 1.0)
          ;

              INSERT INTO languages (app_id, name, link, type)
              VALUES (2502.0, 'Китайский (упр.)', 'https://appstorrent.ru/info-lang/%D0%BA%D0%B8%D1%82%D0%B0%D0%B9%D1%81%D0%BA%D0%B8%D0%B9%20%28%D1%83%D0%BF%D1%80.%29/', 1.0)
          ;

              INSERT INTO languages (app_id, name, link, type)
              VALUES (2502.0, 'Корейский', 'https://appstorrent.ru/info-lang/%D0%BA%D0%BE%D1%80%D0%B5%D0%B9%D1%81%D0%BA%D0%B8%D0%B9/', 1.0)
          ;

              INSERT INTO languages (app_id, name, link, type)
              VALUES (2502.0, 'Польский', 'https://appstorrent.ru/info-lang/%D0%BF%D0%BE%D0%BB%D1%8C%D1%81%D0%BA%D0%B8%D0%B9/', 1.0)
          ;

              INSERT INTO languages (app_id, name, link, type)
              VALUES (2502.0, 'Португальский', 'https://appstorrent.ru/info-lang/%D0%BF%D0%BE%D1%80%D1%82%D1%83%D0%B3%D0%B0%D0%BB%D1%8C%D1%81%D0%BA%D0%B8%D0%B9/', 1.0)
          ;

              INSERT INTO languages (app_id, name, link, type)
              VALUES (2502.0, 'Турецкий', 'https://appstorrent.ru/info-lang/%D1%82%D1%83%D1%80%D0%B5%D1%86%D0%BA%D0%B8%D0%B9/', 1.0)
          ;

              INSERT INTO languages (app_id, name, link, type)
              VALUES (2502.0, 'Французский', 'https://appstorrent.ru/info-lang/%D1%84%D1%80%D0%B0%D0%BD%D1%86%D1%83%D0%B7%D1%81%D0%BA%D0%B8%D0%B9/', 1.0)
          ;

              INSERT INTO languages (app_id, name, link, type)
              VALUES (2502.0, 'Японский', 'https://appstorrent.ru/info-lang/%D1%8F%D0%BF%D0%BE%D0%BD%D1%81%D0%BA%D0%B8%D0%B9/', 1.0)
          ;

              INSERT INTO languages (app_id, name, link, type)
              VALUES (2502.0, 'Музыкальное сопровождение', 'https://appstorrent.ru/info-lang-voice/%D0%BC%D1%83%D0%B7%D1%8B%D0%BA%D0%B0%D0%BB%D1%8C%D0%BD%D0%BE%D0%B5%20%D1%81%D0%BE%D0%BF%D1%80%D0%BE%D0%B2%D0%BE%D0%B6%D0%B4%D0%B5%D0%BD%D0%B8%D0%B5/', 2.0)
          ;

  INSERT INTO categories (app_id, content, href, content_local)
  VALUES (2502.0, 'Игры', 'https://appstorrent.ru/games/', NULL)
;

  INSERT INTO categories (app_id, content, href, content_local)
  VALUES (2502.0, 'Симуляторы', 'https://appstorrent.ru/games/simulator/', NULL)
;

  INSERT INTO categories (app_id, content, href, content_local)
  VALUES (2502.0, 'Стратегии', 'https://appstorrent.ru/games/strategy/', NULL)
;

      INSERT INTO tabs (app_id, title, content, content_local)
      VALUES (2502.0, 'Описание', '
<p>Barotrauma — 2D-симулятор подлодки в жанре survival horror. На его создание повлияли такие игры, как FTL: Faster Than Light, RimWorld, Dwarf Fortress и Space Station 13. Эта научно-фантастическая игра — сочетание физики «тряпичной куклы», инопланетных монстров, обитающих под водой, командной работы и всепоглощающего страха.</p>
<p><br></p>
<p>ЗАГЛЯНИТЕ В БЕЗДНУ<br>В не очень далеком будущем люди отправились на спутник Юпитера. Его радиоактивная поверхность покрыта льдами, так что жизнь существует лишь в океане. Путешествуйте по суровому подводному миру, дружите или враждуйте с четырьмя местными фракциями. Узнайте, что скрывается в глубинах Европы.</p>
<p><br></p>
<p>ПОМОГИТЕ ТОВАРИЩАМ ВЫЖИТЬ ИЛИ СДЕЛАЙТЕ ТАК, ЧТОБЫ НЕ ВЫЖИЛ НИКТО<br>В Barotrauma множество способов весело провести время, но столько же — умереть. Работайте вместе со своей командой, чтобы достичь целей, или приготовьтесь к измене, если на борту есть предатель. Играйте вместе с друзьями, незнакомцами или злейшими врагами.</p>
<p><br></p>
<p>ИССЛЕДУЙТЕ, УПРАВЛЯЙТЕ, ОБЩАЙТЕСЬ<br>Путешествуйте под водой, выполняйте миссии последних представителей человечества, исследуйте руины инопланетной цивилизации, сражайтесь с монстрами или бегите от них. Управляйте сложными бортовыми системами вроде сонара, ядерного реактора, оружия, двигателей и насосов. Общение играет первостепенную роль!</p>
<p><br></p>
<p>ЭКСПЕРИМЕНТИРУЙТЕ, ИЗГОТАВЛИВАЙТЕ, СОЗДАВАЙТЕ<br>Наладьте сложную бортовую проводку, комплексную систему изготовления и медотсек. С помощью встроенных редакторов создавайте собственные подлодки и монстров, способных конкурировать с обычными. Вы даже можете проникнуть в наш программный код и все изменить.</p>
', '
<p>Barotrauma 是一款生存恐怖类型的 2D 潜艇模拟器。 受到《FTL: Faster Than Light》、《RimWorld》、《矮人要塞》和《Space Station 13》等游戏的影响，这款科幻游戏结合了布娃娃物理、水下外星怪物、团队合作和压倒性的恐惧。</p>
<p><br></p>
<p>展望深渊<br>在不远的将来，人们已经前往木星的卫星。 它的放射性表面被冰覆盖，因此生命只存在于海洋中。 穿越严酷的水下世界，与四个当地派系交朋友或战斗。 找出隐藏在欧洲深处的东西。</p>
<p><br></p>
<p>帮助你的战友生存或确保无人生存<br>气压伤有很多乐趣的方式，但也有很多死亡的方式。 与你的船员一起努力实现你的目标，或者如果船上有叛徒，就做好被背叛的准备。 与朋友、陌生人或最大的敌人一起玩。</p>
<p><br></p>
<p>探索、管理、沟通<br>水下旅行，为人类最后的代表完成任务，探索外星文明的废墟，与怪物战斗或逃离它们。 控制复杂的机载系统，如声纳、核反应堆、武器、发动机和泵。 沟通是最重要的！</p>
<p><br></p>
<p>实验、制作、创造<br>设置复杂的机载布线、复杂的制造系统和医疗室。 使用内置编辑器，创建您自己的潜艇和怪物，可以与普通潜艇和怪物竞争。 您甚至可以侵入我们的代码并更改所有内容。</p>
')
  ;

      INSERT INTO tabs (app_id, title, content, content_local)
      VALUES (2502.0, 'Мин. требования', '
<p>ОС: OSX 10.15 or newer<br>Процессор: Dual Core 2.4 GHz<br>Оперативная память: 4 GB ОЗУ<br>Видеокарта: 2 GB memory (dedicated VRAM or shared RAM), OpenGL 3.0+ support<br>Место на диске: 2 GB<br>Дополнительно: 64-bit operating system is required</p>
', '
<p>操作系统：OSX 10.15 或更高版本<br>处理器：双核 2.4 GHz<br>内存：4 GB 内存<br>显卡：2 GB 内存（专用 VRAM 或共享 RAM），OpenGL 3.0+ 支持<br>磁盘空间：2GB<br>另外：需要64位操作系统</p>
')
  ;

  INSERT OR REPLACE INTO download_info (app_id, content, content_local)
  VALUES (2502.0, '<p>Запустите скачанный образ и перетащите приложение в ярлык папки Программы (Applications).<br>После завершения копирования, приложение можно запустить через Launchpad.</p>', '<p>启动下载的图像并将应用程序拖到“应用程序”文件夹快捷方式中。<br>复制完成后，可以通过 Launchpad 启动应用程序。</p>')
;

      INSERT OR REPLACE INTO download_links (app_id, title, href, title_local, version)
      VALUES (2502.0, 'Прямая ссылка на скачивание', 'https://vk.com/doc781359414_672275760', '直接链接下载安装程序', '1.0.8')
  ;

    UPDATE app
    SET
        name = 'Barony',
        bg_image = 'https://appstorrent.ru/templates/appstorrent-4ac2e09b1a/assets/img/bg.webp',
        icon = 'https://appstorrent.ru/uploads/posts/2023-10/1698202273_fdsfsd.webp',
        version = '4.1.0 (201023)',
        description = '
ИгрыЭкшенПриключения
',
        description_local = '
游戏动作冒险
',
        detail_url = 'https://appstorrent.ru/2674-barony.html',
        file_size = '552 MB',
        developer = 'Turning Wheel LLC',
        activation = 'DRM-FREE (без защиты)',
        compatibility = '',
        architecture = 'ARMx86 (64-bit)',
        published_date = '2023/11/24',
        releaseDate = '',
        note = '',
        views = '1802',
        link = 'https://anonim.xyz/go/https://www.baronygame.com/',
        detail_version = '4.1.0 (201023)',
        banner = '["https://appstorrent.ru/uploads/posts/2023-10/ss_61538cebe5998ed66f69aed95d7109d78478ec52_1920x1080.webp","https://appstorrent.ru/uploads/posts/2023-10/ss_86ac2cb6858a5c559bd2d52125a58e77c88fc9a6_1920x1080.webp","https://appstorrent.ru/uploads/posts/2023-10/ss_172545b1d8b168ade88305545d4f2b90308ee770_1920x1080.webp","https://appstorrent.ru/uploads/posts/2023-10/ss_b1e3bd7645ae120ca71931725d42e79e287a53d9_1920x1080.webp"]'
    WHERE
        id = 2503.0
    ;

              INSERT INTO languages (app_id, name, link, type)
              VALUES (2503.0, 'Английский', 'https://appstorrent.ru/info-lang/%D0%B0%D0%BD%D0%B3%D0%BB%D0%B8%D0%B9%D1%81%D0%BA%D0%B8%D0%B9/', 1.0)
          ;

              INSERT INTO languages (app_id, name, link, type)
              VALUES (2503.0, 'Музыкальное сопровождение', 'https://appstorrent.ru/info-lang-voice/%D0%BC%D1%83%D0%B7%D1%8B%D0%BA%D0%B0%D0%BB%D1%8C%D0%BD%D0%BE%D0%B5%20%D1%81%D0%BE%D0%BF%D1%80%D0%BE%D0%B2%D0%BE%D0%B6%D0%B4%D0%B5%D0%BD%D0%B8%D0%B5/', 2.0)
          ;

  INSERT INTO categories (app_id, content, href, content_local)
  VALUES (2503.0, 'Игры', 'https://appstorrent.ru/games/', NULL)
;

  INSERT INTO categories (app_id, content, href, content_local)
  VALUES (2503.0, 'Экшен', 'https://appstorrent.ru/games/action/', NULL)
;

  INSERT INTO categories (app_id, content, href, content_local)
  VALUES (2503.0, 'Приключения', 'https://appstorrent.ru/games/adventures/', NULL)
;

      INSERT INTO tabs (app_id, title, content, content_local)
      VALUES (2503.0, 'Описание', '
<p>Barony повествует об обретшем вечное существование в посмертии чародее по имени барон Геркс, еще при жизни терроризировавшем население крошечного городка под названием Гамлет, а теперь обосновавшегося в огромных подземных чертогах, прозванных Бастионом Дьявола. Вы – герой одиночка или член отряда авантюристов, которым предстоит спуститься в обиталище бессмертного колдуна и бросить ему вызов прямо в его адском логове. Только от вас зависит, сгинете ли вы в извилистых коридорах, как и многие другие до вас, или одержите победу над Бароном и подвластными ему исчадиями Преисподней.</p>
<p><br></p>
<p>Barony представляет собой трехмерную игру в жанре roguelike с видом от первого лица и возможностью играть вместе с друзьями, создатели которой черпали вдохновение в таких классических шедеврах, как Nethack, Ultima Underworld, System Shock и Daggerfall. Высокая сложность этой игры стала ее визитной карточкой и наверняка обрадует каждого исследователя подземелий.</p>
<p><br></p>
<p>Особенности игры:<br>-Игровой процесс, вдохновленный классическими ролевыми играми наподобие Ultima Underworld, System Shock и Daggerfall</p>
<p><br></p>
<p>-Механики roguelike, такие как вечная смерть, случайно созданные подземелья, загадочные послания и так далее</p>
<p><br></p>
<p>-Подробное описание происходящих безумных событий, привычное по играм наподобие Nethack</p>
<p><br></p>
<p>-Сложный и в то же время интуитивно понятный интерфейс, который позволяет манипулировать предметами в вещмешке персонажа и его характеристиками в соответствующем окне с помощью перетягивания объектов курсором</p>
<p><br></p>
<p>-Сотни уникальных коллекционных предметов и много ценной добычи, в том числе несколько редких мистических артефактов</p>
<p><br></p>
<p>-Множество потайных областей, скрытых уровней, пасхалок от разработчиков и других секретов</p>
<p><br></p>
<p>-Идущий в комплекте редактор уровней, открытая библиотека игровых материалов и простые форматы файлов, облегчающие создание игровых модификаций</p>
', '
<p>《男爵》讲述了一位名叫赫克斯男爵的巫师的故事，他在来世获得了永恒的存在，他在生前恐吓了一个名叫哈姆雷特的小镇的居民，现在定居在巨大的地下宫殿中，绰号为“魔鬼的堡垒”。 你是一名英雄或冒险家队伍的一员，他们必须深入不朽巫师的住所，并在他地狱般的巢穴中挑战他。 你是否会像其他许多人一样在蜿蜒的走廊中灭亡，或者击败男爵和他控制下的地狱恶魔，这完全取决于你。</p>
<p><br></p>
<p>《Barony》是一款第一人称合作 3D Roguelike 游戏，其灵感源自《Nethack》、《Ultima Underworld》、《System Shock》和《Daggerfall》等经典游戏。 这款游戏的高难度已经成为它的名片，一定会令每一位地下城探险者满意。</p>
<p><br></p>
<p>游戏特色：<br>- 游戏玩法灵感源自《Ultima Underworld》、《System Shock》和《Daggerfall》等经典角色扮演游戏</p>
<p><br></p>
<p>-Roguelike 机制，例如永久死亡、随机地下城、神秘消息等。</p>
<p><br></p>
<p>- 对正在发生的疯狂事件的详细描述，类似于 Nethack 等游戏中的内容</p>
<p><br></p>
<p>- 复杂而直观的界面，允许您通过用光标拖动对象来操作角色行李袋中的物品及其在相应窗口中的特征</p>
<p><br></p>
<p>- 数百件独特的收藏品和大量珍贵的战利品，包括一些罕见的神秘文物</p>
<p><br></p>
<p>-大量秘密区域、隐藏关卡、开发商复活节彩蛋和其他秘密</p>
<p><br></p>
<p>- 包括关卡编辑器、开放的游戏材料库和简单的文件格式，可以轻松创建游戏修改</p>
')
  ;

      INSERT INTO tabs (app_id, title, content, content_local)
      VALUES (2503.0, 'Мин. требования', '
<p>ОС: macOS 10.15 Catalina<br>Процессор: Intel i5 2.5 ghz<br>Оперативная память: 4 GB ОЗУ<br>Видеокарта: Intel HD Graphics 630 (OpenGL 3.2+)<br>Место на диске: 4 GB</p>
', '
<p>操作系统：macOS 10.15 Catalina<br>处理器：英特尔 i5 2.5 GHz<br>内存：4 GB 内存<br>显卡：英特尔高清显卡 630 (OpenGL 3.2+)<br>磁盘空间：4 GB</p>
')
  ;

      INSERT INTO tabs (app_id, title, content, content_local)
      VALUES (2503.0, 'DLC', '
<p>Legends &amp; Pariahs</p>
<p>Myths &amp; Outcasts</p>
', '
<p>传奇与贱民</p>
<p>神话与流放者</p>
')
  ;

  INSERT OR REPLACE INTO download_info (app_id, content, content_local)
  VALUES (2503.0, '<p>Распакуйте архив и выполните стандартную процедуру установки.<br>Установка завершается выбором места для размещения игры.</p>', '<p>解压缩存档并按照标准安装过程进行操作。<br>安装结束后选择放置游戏的位置。</p>')
;

      INSERT OR REPLACE INTO download_links (app_id, title, href, title_local, version)
      VALUES (2503.0, 'Прямая ссылка на скачивание', 'https://vk.com/doc781359414_671670674', '直接链接下载安装程序', '4.1.0 (201023)')
  ;

    UPDATE app
    SET
        name = 'Haiku, the Robot',
        bg_image = 'https://appstorrent.ru/uploads/posts/2023-10/sdfdsfds.webp',
        icon = 'https://appstorrent.ru/uploads/posts/2023-10/fdfsdfsd.webp',
        version = '1.1.5.2',
        description = '
ИгрыЭкшенПриключения
',
        description_local = '
游戏动作冒险
',
        detail_url = 'https://appstorrent.ru/2672-haiku-the-robot.html',
        file_size = '461 MB',
        developer = 'Mister Morris Games',
        activation = 'Не требуется',
        compatibility = '',
        architecture = 'x86 (64-bit)',
        published_date = '2023/11/24',
        releaseDate = '',
        note = '',
        views = '1376',
        link = 'https://anonim.xyz/go/https://mistermorris.games/',
        detail_version = '1.1.5.2',
        banner = '["https://appstorrent.ru/uploads/posts/2023-10/ss_34f57025f49e8cf534a507b5fc3e013d98272da1_1920x1080.webp","https://appstorrent.ru/uploads/posts/2023-10/ss_35fad8caf0c1f346541d9684480f13a6625fa4ae_1920x1080.webp","https://appstorrent.ru/uploads/posts/2023-10/ss_90291fb02763ce2f1c3757c737403d4b5eed1c01_1920x1080.webp","https://appstorrent.ru/uploads/posts/2023-10/ss_b94430e24e7ec56fcf5dc1218132d37639ac0f9f_1920x1080.webp"]'
    WHERE
        id = 2504.0
    ;

              INSERT INTO languages (app_id, name, link, type)
              VALUES (2504.0, 'Английский', 'https://appstorrent.ru/info-lang/%D0%B0%D0%BD%D0%B3%D0%BB%D0%B8%D0%B9%D1%81%D0%BA%D0%B8%D0%B9/', 1.0)
          ;

              INSERT INTO languages (app_id, name, link, type)
              VALUES (2504.0, 'Немецкий', 'https://appstorrent.ru/info-lang/%D0%BD%D0%B5%D0%BC%D0%B5%D1%86%D0%BA%D0%B8%D0%B9/', 1.0)
          ;

              INSERT INTO languages (app_id, name, link, type)
              VALUES (2504.0, 'Испанский', 'https://appstorrent.ru/info-lang/%D0%B8%D1%81%D0%BF%D0%B0%D0%BD%D1%81%D0%BA%D0%B8%D0%B9/', 1.0)
          ;

              INSERT INTO languages (app_id, name, link, type)
              VALUES (2504.0, 'Китайский (упр.)', 'https://appstorrent.ru/info-lang/%D0%BA%D0%B8%D1%82%D0%B0%D0%B9%D1%81%D0%BA%D0%B8%D0%B9%20%28%D1%83%D0%BF%D1%80.%29/', 1.0)
          ;

              INSERT INTO languages (app_id, name, link, type)
              VALUES (2504.0, 'Португальский', 'https://appstorrent.ru/info-lang/%D0%BF%D0%BE%D1%80%D1%82%D1%83%D0%B3%D0%B0%D0%BB%D1%8C%D1%81%D0%BA%D0%B8%D0%B9/', 1.0)
          ;

              INSERT INTO languages (app_id, name, link, type)
              VALUES (2504.0, 'Японский', 'https://appstorrent.ru/info-lang/%D1%8F%D0%BF%D0%BE%D0%BD%D1%81%D0%BA%D0%B8%D0%B9/', 1.0)
          ;

              INSERT INTO languages (app_id, name, link, type)
              VALUES (2504.0, 'Музыкальное сопровождение', 'https://appstorrent.ru/info-lang-voice/%D0%BC%D1%83%D0%B7%D1%8B%D0%BA%D0%B0%D0%BB%D1%8C%D0%BD%D0%BE%D0%B5%20%D1%81%D0%BE%D0%BF%D1%80%D0%BE%D0%B2%D0%BE%D0%B6%D0%B4%D0%B5%D0%BD%D0%B8%D0%B5/', 2.0)
          ;

  INSERT INTO categories (app_id, content, href, content_local)
  VALUES (2504.0, 'Игры', 'https://appstorrent.ru/games/', NULL)
;

  INSERT INTO categories (app_id, content, href, content_local)
  VALUES (2504.0, 'Экшен', 'https://appstorrent.ru/games/action/', NULL)
;

  INSERT INTO categories (app_id, content, href, content_local)
  VALUES (2504.0, 'Приключения', 'https://appstorrent.ru/games/adventures/', NULL)
;

      INSERT INTO tabs (app_id, title, content, content_local)
      VALUES (2504.0, 'Описание', '
<p>Погрузитесь в глубины механического мира в этой милой приключенческом платформере!.. Исследуйте и сражайтесь на земле, полной глубоко коррумпированных роботов и машин: исследуйте умирающую землю Аркадии; сражайтесь со свирепыми машинами; подружитесь с причудливыми роботами, всё время ища ответы на тайны вокруг вас!</p>
<p><br></p>
<p>-Проложите свой собственный путь через огромный взаимосвязанный мир, полный коррумпированной техники. Нанесите на карту неизведанные пути и исследуйте скрытые глубины Аркадии.</p>
<p><br></p>
<p>-Уворачивайтесь, бросайтесь и рубите, сражаясь со свирепыми железяками. Испытайте свои навыки и рефлексы в напряженных рукопашных боях и эпических битвах с боссами!</p>
<p><br></p>
<p>-Развивайтесь с мощными предметами и способностями, чтобы достигать ранее недоступных областей. Познакомьтесь с множеством причудливых роботов, как друзей, так и врагов, и раскройте все мрачные тайны окружающего мира!</p>
', '
<p>在这款甜蜜的冒险平台游戏中潜入机械世界的深处！... 在充满深度腐败的机器人和机器的土地上探索和战斗：探索阿卡迪亚垂死的土地； 与凶猛的机器作战； 与古怪的机器人交朋友，同时寻找周围谜团的答案！</p>
<p><br></p>
<p>- 在充满腐败技术的广阔互联世界中开辟自己的道路。 绘制未知路径并探索阿卡迪亚隐藏的深处。</p>
<p><br></p>
<p>- 与凶猛的铁块战斗时，躲避、冲刺和砍杀。 在激烈的肉搏战和史诗般的 Boss 战中测试你的技能和反应能力！</p>
<p><br></p>
<p>- 使用强大的物品和能力进化，到达以前无法到达的区域。 遇见各种古怪的机器人，无论是朋友还是敌人，并揭开你周围世界的所有黑暗秘密！</p>
')
  ;

      INSERT INTO tabs (app_id, title, content, content_local)
      VALUES (2504.0, 'Мин. требования', '
<p>ОС: Mac OS X 10.9+<br>Процессор: 2,6 GHz Intel Core i3<br>Оперативная память: 4 GB ОЗУ<br>Видеокарта: Graphics card with DX9<br>Место на диске: 1 GB</p>
', '
<p>操作系统：Mac OS X 10.9+<br>处理器：2.6 GHz 英特尔酷睿 i3<br>内存：4 GB 内存<br>显卡：DX9显卡<br>磁盘空间：1 GB</p>
')
  ;

  INSERT OR REPLACE INTO download_info (app_id, content, content_local)
  VALUES (2504.0, '<p>Запустите скачанный образ и перетащите приложение в ярлык папки Программы (Applications).<br>После завершения копирования, приложение можно запустить через Launchpad.</p>', '<p>启动下载的图像并将应用程序拖到“应用程序”文件夹快捷方式中。<br>复制完成后，可以通过 Launchpad 启动应用程序。</p>')
;

      INSERT OR REPLACE INTO download_links (app_id, title, href, title_local, version)
      VALUES (2504.0, 'Прямая ссылка на скачивание', 'https://vk.com/doc781359414_671670435', '直接链接下载安装程序', '1.1.5.2')
  ;

    UPDATE app
    SET
        name = 'motionVFX mTransition Quake',
        bg_image = 'https://appstorrent.ru/templates/appstorrent-4ac2e09b1a/assets/img/bg.webp',
        icon = NULL,
        version = '',
        description = '
Final Cut Pro, Motion
',
        description_local = '
Final Cut Pro、动作
',
        detail_url = 'https://appstorrent.ru/2712-motionvfx-mtransition-quake.html',
        file_size = '58 MB',
        developer = 'motionVFX',
        activation = 'Не требуется',
        compatibility = '',
        architecture = '',
        published_date = '2023/11/24',
        releaseDate = '',
        note = '',
        views = '1079',
        link = 'https://anonim.xyz/go/https://www.motionvfx.com/store,mtransition-quake,p2165.html',
        detail_version = '',
        banner = '["https://www.youtube.com/embed/j05m0tuHgeg?si=_tfAE1bDYAOW0K7j?enablejsapi=1","https://appstorrent.ru/uploads/posts/2023-11/1amschch1av.webp"]'
    WHERE
        id = 2505.0
    ;

              INSERT INTO languages (app_id, name, link, type)
              VALUES (2505.0, 'Английский', 'https://appstorrent.ru/info-lang/%D0%B0%D0%BD%D0%B3%D0%BB%D0%B8%D0%B9%D1%81%D0%BA%D0%B8%D0%B9/', 1.0)
          ;

      INSERT INTO tabs (app_id, title, content, content_local)
      VALUES (2505.0, 'Описание', '
<p>50 переходой эксключизвно для FINAL CUT PRO X</p>
<p><br></p>
<p>Эти 50 невероятно энергичных видеопереходов придадут вашему монтажу неповторимое настроение. Они полны быстрых движений камеры и эффектов искажения, которые придадут энергии любому проекту.</p>
<p><br></p>
<p>Невероятный динамизм mTransition Quake допускает широкий спектр&nbsp;действий по модификации, что делает их гибкими и адаптируемыми к любому редактированию.</p>
<p><br></p>
<p>Используйте список опубликованных параметров, чтобы легко настроить внешний вид<br>каждого из переходов.</p>
', '
<p>FINAL CUT PRO X 独有的 50 种转场效果</p>
<p><br></p>
<p>这 50 个令人难以置信的充满活力的视频过渡将为您的编辑带来独特的氛围。 它们充满了快速的摄像机移动和扭曲效果，可以为任何项目增添活力。</p>
<p><br></p>
<p>mTransition Quake 令人难以置信的活力允许进行广泛的修改操作，使其灵活且适合任何编辑。</p>
<p><br></p>
<p>使用已发布选项列表轻松自定义外观<br>每一个转变。</p>
')
  ;

      INSERT INTO tabs (app_id, title, content, content_local)
      VALUES (2505.0, 'Спецификации', '
<p>Minimal requirements FCPX 10.3.2 (or later)<br>Aspect ratio Horizontal<br>Includes 50 FCPX transitions</p>
', '
<p>最低要求 FCPX 10.3.2（或更高版本）<br>纵横比 水平<br>包括 50 个 FCPX 转换</p>
')
  ;

  INSERT OR REPLACE INTO download_info (app_id, content, content_local)
  VALUES (2505.0, '<p>Распаковываем папки и переносим их в</p>
<p>/Users/ИМЯ_ПОЛЬЗОВАТЕЛЯ/Movies/Motion Templates/Transitions</p>', '<p>解压文件夹并将其转移到</p>
<p>/用户/用户名/电影/动作模板/过渡</p>')
;

      INSERT OR REPLACE INTO download_links (app_id, title, href, title_local, version)
      VALUES (2505.0, 'Прямая ссылка на скачивание', 'https://vk.com/doc781359414_672962305', '直接链接下载安装程序', '')
  ;

    UPDATE app
    SET
        name = 'motionVFX mLogo Simple 2',
        bg_image = 'https://appstorrent.ru/templates/appstorrent-4ac2e09b1a/assets/img/bg.webp',
        icon = NULL,
        version = '',
        description = '
Final Cut Pro, Motion
',
        description_local = '
Final Cut Pro、动作
',
        detail_url = 'https://appstorrent.ru/2704-motionvfx-mlogo-simple-2.html',
        file_size = '8 MB',
        developer = 'motionVFX',
        activation = 'Не требуется',
        compatibility = '',
        architecture = '',
        published_date = '2023/11/20',
        releaseDate = '',
        note = '',
        views = '1347',
        link = 'https://anonim.xyz/go/https://www.motionvfx.com/store,mlogo-simple-2,p2091.html',
        detail_version = '',
        banner = '["https://www.youtube.com/embed/RPapVPsXqYY?si=MkZvtVNAUE2OT_xT?enablejsapi=1","https://appstorrent.ru/uploads/posts/2023-11/1700496343_1aaa.webp"]'
    WHERE
        id = 2506.0
    ;

              INSERT INTO languages (app_id, name, link, type)
              VALUES (2506.0, 'Английский', 'https://appstorrent.ru/info-lang/%D0%B0%D0%BD%D0%B3%D0%BB%D0%B8%D0%B9%D1%81%D0%BA%D0%B8%D0%B9/', 1.0)
          ;

      INSERT INTO tabs (app_id, title, content, content_local)
      VALUES (2506.0, 'Описание', '
<div class="innerWrapper"></div>
<p>30 элегантных анимаций логотипов исключительно для FCPX.</p>
<p>Придайте своему логотипу потрясающую анимацию, которая оживит его. Быстро, непринужденно&nbsp;и весело!</p>
<p>Подготовлено для самых высоких разрешений в отрасли . Совместимость с различными&nbsp;соотношениями сторон. Подходит для любых кадров!</p>
<div class="vimeoWrapper">Дополните свои изменения с помощью потрясающих&nbsp;готовых средств выявления логотипов.</div>
', '
<div class="innerWrapper"></div>
<p>30个FCPX专属的优雅标志动画。</p>
<p>为您的徽标提供令人惊叹的动画，使其栩栩如生。 快速、休闲、有趣！</p>
<p>为业界最高分辨率做好准备。 兼容各种纵横比。 适合任何框架！</p>
<div class="vimeoWrapper">Дополните свои изменения с помощью потрясающих&nbsp;готовых средств выявления логотипов.</div>
')
  ;

      INSERT INTO tabs (app_id, title, content, content_local)
      VALUES (2506.0, 'Спецификации', '
<p>Minimal requirements Motion 5.2.3, FCPX 10.2.3 (or later)<br>System Mac OS X 10.10.5 (or later)<br>Includes 30 FCPX titles</p>
', '
<p>最低要求 Motion 5.2.3、FCPX 10.2.3（或更高版本）<br>系统 Mac OS X 10.10.5（或更高版本）<br>包括 30 个 FCPX 游戏</p>
')
  ;

  INSERT OR REPLACE INTO download_info (app_id, content, content_local)
  VALUES (2506.0, '<p>Распаковываем папки и переносим их в</p>
<p>/Users/ИМЯ_ПОЛЬЗОВАТЕЛЯ/Movies/Motion Templates/Titles</p>', '<p>解压文件夹并将其转移到</p>
<p>/用户/用户名/电影/动作模板/标题</p>')
;

      INSERT OR REPLACE INTO download_links (app_id, title, href, title_local, version)
      VALUES (2506.0, 'Прямая ссылка на скачивание', 'https://vk.com/doc781359414_672807386', '直接链接下载安装程序', '')
  ;

    UPDATE app
    SET
        name = 'motionVFX mTag',
        bg_image = 'https://appstorrent.ru/templates/appstorrent-4ac2e09b1a/assets/img/bg.webp',
        icon = NULL,
        version = '',
        description = '
Final Cut Pro, Motion
',
        description_local = '
Final Cut Pro、动作
',
        detail_url = 'https://appstorrent.ru/2698-motionvfx.html',
        file_size = '10 MB',
        developer = 'motionVFX',
        activation = 'Не требуется',
        compatibility = '',
        architecture = '',
        published_date = '2023/11/13',
        releaseDate = '',
        note = '',
        views = '1926',
        link = 'https://anonim.xyz/go/https://www.motionvfx.com/store,mtag,p2326.html',
        detail_version = '',
        banner = '["https://www.youtube.com/embed/C8yoaCAktxg?si=RUMywZYAHGazMqD8?enablejsapi=1","https://appstorrent.ru/uploads/posts/2023-11/1111a.webp"]'
    WHERE
        id = 2507.0
    ;

              INSERT INTO languages (app_id, name, link, type)
              VALUES (2507.0, 'Английский', 'https://appstorrent.ru/info-lang/%D0%B0%D0%BD%D0%B3%D0%BB%D0%B8%D0%B9%D1%81%D0%BA%D0%B8%D0%B9/', 1.0)
          ;

      INSERT INTO tabs (app_id, title, content, content_local)
      VALUES (2507.0, 'Описание', '
<p>100 модулей на тему распродажи исключительно для FCPX</p>
<p>Привелекательный&nbsp;инструменты для цен и продаж.<br>Мощный набор инструментов с выдающимся дизайном, созданный&nbsp;специально для рекламы вашей продукции.</p>
', '
<p>100 个 FCPX 专属销售主题模块</p>
<p>有吸引力的价格和销售工具。<br>一套功能强大、设计出色的工具，专为您的产品广告而创建。</p>
')
  ;

      INSERT INTO tabs (app_id, title, content, content_local)
      VALUES (2507.0, 'Спецификации', '
<p>Minimal requirements FCPX 10.4, Motion 5.4 (or later)<br>Includes 100 FCPX titles</p>
', '
<p>最低要求 FCPX 10.4、Motion 5.4（或更高版本）<br>包括 100 个 FCPX 标题</p>
')
  ;

  INSERT OR REPLACE INTO download_info (app_id, content, content_local)
  VALUES (2507.0, '<p><span>Распаковываем папки и переносим их в </span></p>
<p><span>/Users/ИМЯ_ПОЛЬЗОВАТЕЛЯ/Movies/Motion Templates/Titles</span></p>', '<p><span>解压文件夹并将其转移到 </span></p>
<p><span>/用户/用户名/电影/动作模板/标题</span></p>')
;

      INSERT OR REPLACE INTO download_links (app_id, title, href, title_local, version)
      VALUES (2507.0, 'Прямая ссылка на скачивание', 'https://vk.com/doc781359414_672509283', '直接链接下载安装程序', '')
  ;

    UPDATE app
    SET
        name = 'motionVFX mMusic Video',
        bg_image = 'https://appstorrent.ru/templates/appstorrent-4ac2e09b1a/assets/img/bg.webp',
        icon = NULL,
        version = '',
        description = '
Final Cut Pro, Motion
',
        description_local = '
Final Cut Pro、动作
',
        detail_url = 'https://appstorrent.ru/2695-motionvfx-mmusic-video.html',
        file_size = '334 MB',
        developer = 'motionVFX',
        activation = 'Не требуется',
        compatibility = '',
        architecture = '',
        published_date = '2023/11/10',
        releaseDate = '',
        note = '',
        views = '3012',
        link = 'https://anonim.xyz/go/https://www.motionvfx.com/store,mmusic-video,p3698.html#',
        detail_version = '',
        banner = '["https://www.youtube.com/embed/t_4TfF7tzjs?si=XQMETI4gz5WkBYNW?enablejsapi=1","https://www.youtube.com/embed/9MmnKTlK61Q?si=Asj3Dhf_ISeQ2ID-?enablejsapi=1","https://appstorrent.ru/uploads/posts/2023-11/aaaaaaaa.webp"]'
    WHERE
        id = 2508.0
    ;

              INSERT INTO languages (app_id, name, link, type)
              VALUES (2508.0, 'Английский', 'https://appstorrent.ru/info-lang/%D0%B0%D0%BD%D0%B3%D0%BB%D0%B8%D0%B9%D1%81%D0%BA%D0%B8%D0%B9/', 1.0)
          ;

      INSERT INTO tabs (app_id, title, content, content_local)
      VALUES (2508.0, 'Описание', '
<p>Полный набор инструментов для музыкального видео для Final Cut Pro</p>
', '
<p>Final Cut Pro 的全套音乐视频工具</p>
')
  ;

      INSERT INTO tabs (app_id, title, content, content_local)
      VALUES (2508.0, 'Спецификации', '
<p>Minimal requirements<br>macOS 10.15.7,<br>Motion 5.5.3 or Final Cut Pro 10.5.4<br>Aspect ratio<br>Horizontal or vertical<br>Includes<br>45 titles + 6 transitions + 10 LUTs for Final Cut Pro</p>
', '
<p>最低要求<br>macOS 10.15.7，<br>Motion 5.5.3 或 Final Cut Pro 10.5.4<br>纵横比<br>水平或垂直<br>包括<br>Final Cut Pro 的 45 个标题 + 6 个转场 + 10 个 LUT</p>
')
  ;

  INSERT OR REPLACE INTO download_info (app_id, content, content_local)
  VALUES (2508.0, '<p>Инструкция по установке и активации поставляется в комплекте (внутри).</p>', '<p>安装和激活说明包含在套件（内部）中。</p>')
;

      INSERT OR REPLACE INTO download_links (app_id, title, href, title_local, version)
      VALUES (2508.0, 'Скачать с Mediafire', 'https://www.mediafire.com/file/sx2n4jem9h5bvwf/mMusic_Video.zip/file', '下载 Mediafire', '')
  ;
